Rank,Ticker,Price,Sector,Industry,RS Percentile,ATR,52WKH,52WKL,Earning_Date,E_Day1,E_Day2,E_Day3,E_Day4,E_Day5,E_Day6
808,MSM,123.34,Industrials,Industrial Distribution,87.0,3.6657,127.51,78.8,2026-07-01,122.78,121.14,120.07,118.99,120.66,123.02
1100,UNF,266.54,Industrials,Specialty Business Services,83.0,6.1436,283.77,147.66,2026-07-01,273.56,270.36,274.02,272.28,270.87,271.78
6233,FDS,245.55,Financial Services,Financial Data & Stock Exchanges,8.0,13.2336,453.41,185.0,2026-07-01,250.09,252.2,258.3,247.82,241.9,247.11
5555,LNN,122.12,Industrials,Farm & Heavy Construction Machinery,13.0,4.0814,149.16,97.27,2026-07-02,117.61,115.24,111.15,111.18,113.82,114.93
65,PENG,62.71,Technology,Information Technology Services,98.0,8.2843,77.4,16.04,2026-07-07,78.47,81.39,78.35,77.21,77.8,72.85
7103,KRUS,52.9,Consumer Cyclical,Restaurants,4.0,3.6729,95.98,42.62,2026-07-07,53.32,51.73,51.65,51.15,51.0,
567,PSMT,189.11,Consumer Defensive,Discount Stores,91.0,5.4896,199.84,101.3,2026-07-08,188.26,196.3,191.13,194.56,188.58,189.05
671,PDEX,59.77,Healthcare,Medical Instruments & Supplies,90.0,4.2811,68.99,23.47,2026-07-08,62.04,62.89,61.55,58.26,56.54,59.08
1136,AZZ,143.6,Industrials,Specialty Business Services,83.0,6.0043,162.2,92.98,2026-07-08,140.9,146.45,146.49,149.99,150.46,
2267,WDFC,239.42,Basic Materials,Specialty Chemicals,68.0,6.7463,253.24,175.38,2026-07-09,264.91,251.43,249.12,249.4,256.36,246.79
6376,PEP,137.86,Consumer Defensive,Beverages - Non-Alcoholic,14.0,3.8643,171.48,133.63,2026-07-09,137.38,138.49,135.45,135.4,139.43,137.12
624,DAL,87.39,Industrials,Airlines,90.0,3.0186,95.68,50.45,2026-07-10,86.19,85.51,85.96,86.7,84.17,84.54
7364,NVVE,15.66,Consumer Cyclical,Specialty Retail,0.0,2.9932,712.8,3.79,2026-07-13,15.8,,,,,
83,AEHR,72.01,Technology,Semiconductor Equipment & Materials,97.0,9.4286,126.62,14.01,2026-07-14,87.79,,81.05,77.36,98.91,93.54
655,GS,1140.0,Financial Services,Capital Markets,89.0,34.1961,1143.79,691.3,2026-07-14,1152.07,1095.46,1065.22,1055.03,1085.56,
1159,C,133.27,Financial Services,Banks - Diversified,83.0,3.9745,147.96,87.94,2026-07-14,134.89,131.71,129.36,128.72,132.84,132.25
2694,JPM,342.89,Financial Services,Banks - Diversified,61.0,7.4864,344.73,279.1,2026-07-14,346.91,343.15,341.1,338.87,345.23,348.21
6164,PAC,225.95,Industrials,Airports & Air Services,13.0,7.9086,300.41,206.91,2026-07-14,227.8,225.27,220.91,217.12,,217.54
6422,WINA,376.66,Consumer Cyclical,Specialty Retail,10.0,16.5379,527.37,338.18,2026-07-14,376.76,388.95,388.1,380.35,358.38,
7037,NVVE,15.8,Consumer Cyclical,Specialty Retail,1.0,3.2011,702.72,3.79,2026-07-14,,,,,,
277,ASML,1815.27,Technology,Semiconductor Equipment & Materials,94.0,93.3614,1999.96,683.48,2026-07-15,,1747.58,1739.02,1801.51,1801.86,1803.0
336,FEIM,59.27,Technology,Communication Equipment,93.0,5.1596,80.0,18.73,2026-07-15,56.13,65.9,66.72,79.85,72.39,73.24
422,PKE,33.56,Industrials,Aerospace & Defense,91.0,2.0891,39.86,15.42,2026-07-15,32.34,32.44,32.66,,,34.3
460,BNY,162.35,Financial Services,Banks - Diversified,91.0,3.8843,162.73,93.37,2026-07-15,160.86,157.13,156.93,158.89,160.39,160.11
924,UAL,120.97,Industrials,Airlines,83.0,4.88,138.77,82.42,2026-07-15,118.81,115.41,117.52,117.7,117.26,115.35
930,PNC,254.15,Financial Services,Banks - Regional,83.0,5.4293,256.22,176.88,2026-07-15,255.2,252.86,250.14,,,249.26
969,GSBC,77.54,Financial Services,Banks - Regional,82.0,2.4304,82.4,53.76,2026-07-15,80.11,78.25,78.14,78.71,,78.33
974,JNJ,247.02,Healthcare,Drug Manufacturers - General,82.0,6.9014,269.43,159.8,2026-07-15,249.97,253.04,248.82,250.61,255.63,259.27
1315,KARO,58.58,Technology,Software - Application,76.0,2.3666,60.53,41.25,2026-07-15,65.16,62.69,63.77,64.12,62.47,61.19
1477,ELV,390.33,Healthcare,Healthcare Plans,73.0,14.5455,436.24,273.71,2026-07-15,372.85,373.11,382.23,393.44,389.09,379.31
3645,CTAS,192.37,Industrials,Specialty Business Services,36.0,4.8993,226.75,161.16,2026-07-15,206.25,204.45,201.8,200.41,201.36,203.25
3854,BLK,1093.4,Financial Services,Asset Management,33.0,28.5264,1219.94,917.39,2026-07-15,1087.05,1072.2,1054.11,1038.24,1056.63,1037.16
4984,PGR,205.22,Financial Services,Insurance - Property & Casualty,14.0,7.335,254.93,189.2,2026-07-15,205.8,207.95,212.23,,,207.07
5106,WINA,376.76,Consumer Cyclical,Specialty Retail,12.0,16.6643,527.37,338.18,2026-07-15,388.95,388.1,380.35,358.38,,335.67
331,MAN,51.65,Industrials,Staffing & Employment Services,94.0,3.0886,53.0,25.15,2026-07-16,52.34,53.11,51.68,51.66,49.95,51.33
380,STT,185.66,Financial Services,Asset Management,93.0,5.1602,192.51,104.64,2026-07-16,182.5,182.58,183.3,185.24,184.21,185.4
702,UNH,423.38,Healthcare,Healthcare Plans,88.0,12.5971,461.0,234.6,2026-07-16,426.09,421.55,436.35,431.31,423.56,420.74
769,TSM,409.74,Technology,Semiconductors,87.0,20.1564,479.0,223.7,2026-07-16,398.37,402.3,424.61,421.21,415.58,403.41
1021,VIST,62.38,Energy,Oil & Gas E&P,84.0,2.4243,81.44,31.63,2026-07-16,64.02,63.91,65.05,67.02,69.06,69.5
1270,PLD,150.06,Real Estate,REIT - Industrial,80.0,3.1921,150.18,103.41,2026-07-16,149.79,147.48,,,145.12,147.63
1365,CNS,81.07,Financial Services,Asset Management,78.0,2.2207,81.17,58.39,2026-07-16,84.65,82.5,80.79,80.42,79.98,81.35
1876,GE,345.73,Industrials,Aerospace & Defense,71.0,9.3221,382.97,254.66,2026-07-16,348.83,341.3,340.7,,349.0,353.73
6324,ISRG,402.33,Healthcare,Medical Instruments & Supplies,6.0,14.73,603.88,378.5,2026-07-16,345.42,353.17,350.06,340.69,332.02,337.5
6604,NFLX,74.35,Communication Services,Entertainment,2.0,2.4914,127.75,70.86,2026-07-16,68.95,67.6,68.67,68.53,68.89,70.09
735,TRV,368.98,Financial Services,Insurance - Property & Casualty,89.0,9.5906,370.43,252.26,2026-07-17,368.5,369.63,372.08,376.37,387.26,390.35
4049,HIFS,295.14,Financial Services,Banks - Regional,44.0,11.7675,338.0,235.17,2026-07-17,291.63,295.62,288.16,279.86,279.37,278.88
4309,ALV,120.26,Consumer Cyclical,Auto Parts,41.0,3.2329,132.17,99.16,2026-07-17,117.23,117.51,119.01,115.21,117.49,119.62
543,STLD,230.49,Basic Materials,Steel,91.0,7.4696,288.74,119.89,2026-07-20,233.52,238.64,240.57,247.11,250.27,259.74
848,MCRI,124.38,Consumer Cyclical,Resorts & Casinos,87.0,3.3671,135.93,88.13,2026-07-20,117.45,118.27,119.17,119.54,121.69,122.79
1426,WTFC,163.66,Financial Services,Banks - Regional,79.0,3.17,167.22,119.61,2026-07-20,158.93,158.53,157.77,158.66,158.88,161.08
1577,BOKF,140.47,Financial Services,Banks - Regional,77.0,2.7046,143.53,97.4,2026-07-20,139.98,141.55,141.22,142.28,141.13,142.44
2088,CCK,114.58,Consumer Cyclical,Packaging & Containers,70.0,3.07,118.5,89.21,2026-07-20,117.99,116.43,114.49,117.88,118.45,121.2
2943,SFBS,85.58,Financial Services,Banks - Regional,59.0,2.1859,90.64,67.2,2026-07-20,87.81,86.61,87.02,87.61,88.18,89.91
5856,BANF,116.4,Financial Services,Banks - Regional,19.0,2.5479,138.77,101.48,2026-07-20,115.64,115.36,114.92,116.58,115.96,115.72
90,VICR,214.7,Technology,Electronic Components,97.0,29.1071,382.65,41.76,2026-07-21,217.35,231.38,211.01,206.44,192.12,182.76
812,IBKR,94.42,Financial Services,Capital Markets,87.0,4.2157,97.84,58.95,2026-07-21,93.5,91.76,91.74,92.27,90.91,86.26
842,TFIN,79.19,Financial Services,Banks - Regional,87.0,2.8281,81.0,46.43,2026-07-21,81.08,79.91,76.91,75.38,77.08,75.89
889,VMI,505.35,Industrials,Conglomerates,86.0,18.7043,585.71,337.93,2026-07-21,487.5,488.6,486.16,494.81,480.67,456.29
1195,MCB,99.07,Financial Services,Banks - Regional,82.0,2.5838,102.04,64.66,2026-07-21,90.19,90.79,91.03,91.23,92.06,92.58
1216,EWBC,133.4,Financial Services,Banks - Regional,82.0,2.6854,136.24,92.67,2026-07-21,131.6,130.63,131.0,129.89,131.31,130.28
1264,NIC,167.91,Financial Services,Banks - Regional,81.0,3.8861,173.48,114.12,2026-07-21,167.78,168.91,169.64,168.16,173.16,171.05
1353,CB,354.8,Financial Services,Insurance - Property & Casualty,80.0,8.5243,365.29,264.1,2026-07-21,343.23,353.25,359.75,358.91,363.5,361.9
1781,MLI,62.3,Industrials,Metal Fabrication,74.0,2.2121,70.95,41.17,2026-07-21,62.66,63.13,63.91,64.17,66.49,65.4
2107,NVS,153.87,Healthcare,Drug Manufacturers - General,70.0,3.3929,170.46,112.34,2026-07-21,153.08,156.14,155.01,156.11,159.85,158.83
2308,BFC,145.6,Financial Services,Banks - Regional,67.0,4.6379,154.29,115.29,2026-07-21,146.37,147.39,150.78,148.67,151.24,151.78
2451,WFRD,83.32,Energy,Oil & Gas Equipment & Services,65.0,2.9275,113.15,52.7,2026-07-21,,85.6,88.68,85.92,83.58,82.31
2547,MMM,170.76,Industrials,Conglomerates,64.0,4.6883,177.41,139.34,2026-07-21,170.76,169.59,172.62,178.23,182.48,177.95
3815,SCHW,99.96,Financial Services,Capital Markets,46.0,2.5889,107.5,83.96,2026-07-21,100.8,101.61,101.97,104.18,105.97,104.47
4367,WAL,80.5,Financial Services,Banks - Regional,39.0,2.2739,97.23,65.82,2026-07-21,,82.97,83.11,82.76,83.65,80.7
5264,MSCI,561.74,Financial Services,Financial Data & Stock Exchanges,26.0,22.69,644.77,501.08,2026-07-21,570.95,552.51,550.79,571.03,579.39,582.92
5488,MRSH,181.59,Financial Services,Insurance Brokers,23.0,4.7496,213.8,156.6,2026-07-21,175.99,176.4,180.74,183.31,192.19,197.59
5901,COF,206.22,Financial Services,Credit Services,17.0,5.5525,259.64,174.24,2026-07-21,201.36,199.96,202.84,207.05,212.41,208.71
5954,ALK,45.46,Industrials,Airlines,17.0,2.3911,65.88,33.03,2026-07-21,44.36,44.75,46.13,47.5,48.61,45.84
5973,SYF,72.21,Financial Services,Credit Services,16.0,2.4443,88.77,63.08,2026-07-21,72.81,71.77,72.9,75.31,77.12,74.97
6502,DHR,179.01,Healthcare,Diagnostics & Research,9.0,7.0564,242.8,160.93,2026-07-21,179.14,192.5,191.5,196.5,199.05,196.49
6801,EFX,173.0,Industrials,Consulting Services,5.0,8.2607,271.84,150.75,2026-07-21,170.45,166.72,172.54,177.31,187.02,187.05
416,KALU,164.32,Basic Materials,Aluminum,92.0,7.6743,195.96,71.44,2026-07-22,180.6,163.17,161.89,162.16,151.44,
482,TXN,294.19,Technology,Semiconductors,91.0,13.7336,334.03,152.73,2026-07-22,284.99,279.58,279.41,277.07,271.3,
500,KNX,76.04,Industrials,Trucking,91.0,2.4871,82.86,38.63,2026-07-22,72.33,72.5,70.73,70.16,71.04,
689,CHMG,74.95,Financial Services,Banks - Regional,88.0,2.53,78.42,48.61,2026-07-22,74.57,80.98,80.5,81.99,81.84,
721,MOH,221.74,Healthcare,Healthcare Plans,88.0,10.3729,244.89,121.06,2026-07-22,200.29,197.55,199.48,200.34,199.02,
964,NTRS,178.66,Financial Services,Asset Management,84.0,4.4057,191.6,118.99,2026-07-22,177.95,180.52,182.52,180.86,177.65,
1066,URI,1035.06,Industrials,Rental & Leasing Services,82.0,34.0246,1143.69,701.59,2026-07-22,1139.71,1141.59,1127.91,1091.26,1055.11,
1097,RS,386.21,Basic Materials,Steel,82.0,8.6411,419.83,260.31,2026-07-22,395.37,407.83,404.35,414.33,403.62,
1236,QCRH,96.29,Financial Services,Banks - Regional,80.0,2.3721,100.3,66.65,2026-07-22,97.43,100.15,100.16,103.28,102.94,
1371,RNR,319.69,Financial Services,Insurance - Reinsurance,78.0,9.0343,329.57,231.17,2026-07-22,317.41,329.1,328.87,334.24,332.61,
1389,SEIC,98.75,Financial Services,Asset Management,77.0,2.3629,100.79,75.08,2026-07-22,96.73,99.22,101.52,103.14,102.88,
1489,EGP,216.33,Real Estate,REIT - Industrial,76.0,4.775,226.71,159.37,2026-07-22,214.05,213.1,210.84,210.17,208.45,
1921,TNL,75.6,Consumer Cyclical,Travel Services,69.0,2.3207,81.0,56.66,2026-07-22,73.45,74.05,76.31,78.45,77.71,
1928,NVEC,86.68,Technology,Semiconductors,69.0,5.6736,121.2,57.21,2026-07-22,134.21,117.55,117.38,116.61,112.26,
1931,CHCO,139.17,Financial Services,Banks - Regional,69.0,3.068,139.74,113.21,2026-07-22,137.56,139.62,143.9,144.9,145.21,
1979,MEDP,528.12,Healthcare,Diagnostics & Research,68.0,17.4695,628.92,373.0,2026-07-22,605.82,601.38,589.37,570.97,584.93,
2015,PFBC,104.89,Financial Services,Banks - Regional,68.0,3.1182,112.26,81.5,2026-07-22,101.38,102.96,104.09,105.18,104.81,
2554,TCBI,102.91,Financial Services,Banks - Regional,60.0,2.4907,108.92,75.41,2026-07-22,98.67,99.25,98.4,98.71,98.42,
2562,TDY,650.5,Technology,Scientific & Technical Instruments,60.0,22.9514,693.38,483.02,2026-07-22,651.22,655.35,651.65,649.67,631.35,
3092,CASH,88.67,Financial Services,Banks - Regional,51.0,2.0664,101.26,65.87,2026-07-22,83.12,85.9,86.15,88.64,88.87,
3412,RJF,168.01,Financial Services,Asset Management,47.0,3.9079,177.66,138.82,2026-07-22,166.14,169.3,173.6,177.18,174.16,
3483,AVB,190.27,Real Estate,REIT - Residential,46.0,3.6436,204.68,160.1,2026-07-22,190.8,189.61,187.56,190.39,192.45,
3710,CALM,87.86,Consumer Defensive,Farm Products,42.0,3.2921,126.4,71.92,2026-07-22,88.14,90.32,88.72,93.21,93.5,
3721,CCS,64.53,Real Estate,Real Estate - Development,42.0,2.4362,76.0,47.27,2026-07-22,69.27,69.38,70.48,71.25,69.57,
3932,MCO,489.7,Financial Services,Financial Data & Stock Exchanges,39.0,14.5607,546.88,402.28,2026-07-22,472.24,471.5,485.96,484.2,483.24,
4896,RPM,107.43,Basic Materials,Specialty Chemicals,24.0,3.4921,129.12,92.92,2026-07-22,104.77,107.0,107.77,111.77,108.37,
5413,TSLA,374.01,Consumer Cyclical,Auto Manufacturers,16.0,16.6243,498.83,297.82,2026-07-22,319.69,313.03,309.22,307.44,298.32,
5786,TEL,200.28,Technology,Electronic Components,11.0,7.4529,252.56,187.0,2026-07-22,198.79,202.94,207.58,214.29,206.95,
5823,CME,249.24,Financial Services,Financial Data & Stock Exchanges,10.0,7.1214,329.16,218.31,2026-07-22,254.32,255.31,255.36,260.0,265.44,
6090,BMI,126.67,Technology,Scientific & Technical Instruments,6.0,6.235,206.29,112.09,2026-07-22,123.2,126.32,127.99,134.58,133.54,
6241,IBM,205.77,Technology,Information Technology Services,4.0,15.6037,332.46,204.44,2026-07-22,206.65,214.19,216.28,227.55,226.44,
6264,NOW,95.46,Technology,Software - Application,3.0,5.8514,210.2,81.24,2026-07-22,91.94,98.78,105.56,110.62,115.76,
11,MXL,91.24,Technology,Semiconductors,98.0,10.0964,128.3,12.77,2026-07-23,71.59,64.86,58.94,57.25,,
79,INTC,100.23,Technology,Semiconductors,97.0,7.4704,142.35,18.97,2026-07-23,92.32,91.67,86.3,81.88,,
173,FIX,1831.15,Industrials,Engineering & Construction,96.0,95.0864,2073.99,543.25,2026-07-23,1733.6,1730.42,1626.32,1519.96,,
337,ENVA,217.8,Financial Services,Credit Services,94.0,8.38,246.38,99.61,2026-07-23,237.27,251.96,249.04,244.71,,
364,COCO,69.37,Consumer Defensive,Beverages - Non-Alcoholic,94.0,3.8336,85.83,31.79,2026-07-23,65.97,67.35,69.58,67.54,,
378,STM,53.49,Technology,Semiconductors,93.0,4.4114,81.42,21.11,2026-07-23,51.54,53.45,50.16,48.36,,
518,BFH,103.58,Financial Services,Credit Services,92.0,3.6682,109.91,53.83,2026-07-23,104.31,106.11,107.78,106.99,,
585,WST,355.48,Healthcare,Medical Instruments & Supplies,91.0,9.7957,382.4,223.83,2026-07-23,328.2,331.25,337.0,337.46,,
637,R,267.91,Industrials,Rental & Leasing Services,90.0,7.4911,284.25,157.67,2026-07-23,267.68,268.68,260.13,258.24,,
718,BPOP,170.88,Financial Services,Banks - Regional,89.0,3.5286,175.12,108.74,2026-07-23,171.73,171.41,174.16,172.22,,
788,KB,120.85,Financial Services,Banks - Regional,88.0,3.7843,125.62,76.31,2026-07-23,117.43,118.22,115.74,112.4,,
807,UNP,304.33,Industrials,Railroads,88.0,6.45,315.9,210.84,2026-07-23,307.32,299.3,294.45,292.19,,
1017,ARGX,924.6,Healthcare,Biotechnology,85.0,26.6708,953.58,577.04,2026-07-23,918.22,888.82,872.23,882.56,,
1068,RNG,38.62,Technology,Software - Application,84.0,2.1571,49.85,23.59,2026-07-23,48.31,53.7,56.93,57.58,,
1130,RTX,209.16,Industrials,Aerospace & Defense,83.0,5.3907,214.5,150.61,2026-07-23,212.79,218.42,218.58,215.25,,
1242,NSC,348.55,Industrials,Railroads,82.0,7.3675,358.6,268.23,2026-07-23,350.66,343.35,338.84,335.74,,
1293,SIGI,97.79,Financial Services,Insurance - Property & Casualty,81.0,2.4907,100.4,71.75,2026-07-23,96.33,92.78,94.4,96.68,,
1298,DGX,227.9,Healthcare,Diagnostics & Research,81.0,6.9221,237.7,165.78,2026-07-23,227.86,231.84,235.94,235.22,,
1579,FCFS,197.41,Financial Services,Credit Services,77.0,9.2079,235.97,119.21,2026-07-23,195.06,206.74,206.73,202.22,,
1678,FCX,63.5,Basic Materials,Copper,76.0,2.8329,72.28,35.15,2026-07-23,62.6,62.72,61.64,59.99,,
2359,LMT,568.59,Industrials,Aerospace & Defense,67.0,16.0935,692.0,412.55,2026-07-23,582.6,580.0,581.31,569.2,,
2389,TMO,572.32,Healthcare,Diagnostics & Research,67.0,17.1486,643.99,435.27,2026-07-23,568.26,559.53,576.41,576.46,,
2554,SNA,395.41,Industrials,Tools & Accessories,64.0,8.9625,419.68,312.78,2026-07-23,404.12,407.42,419.31,414.83,,
2555,FCNCA,2212.77,Financial Services,Banks - Regional,64.0,60.2028,2232.21,1623.76,2026-07-23,2160.65,2137.36,2198.0,2171.89,,
2617,HON,246.27,Industrials,Conglomerates,64.0,7.4029,260.28,195.87,2026-07-23,243.15,245.75,247.05,241.12,,
2664,HIG,142.18,Financial Services,Insurance - Diversified,63.0,2.8579,144.5,120.33,2026-07-23,140.53,140.14,143.42,145.68,,
2827,ESQ,116.02,Financial Services,Banks - Regional,61.0,3.5194,134.81,90.57,2026-07-23,120.1,120.49,127.58,131.89,,
3350,AMP,520.11,Financial Services,Asset Management,54.0,13.9804,550.18,422.37,2026-07-23,528.9,538.01,546.62,540.29,,
3665,EW,83.82,Healthcare,Medical Devices,50.0,2.2536,96.29,72.3,2026-07-23,82.63,83.04,83.68,85.76,,
4186,BYD,86.56,Consumer Cyclical,Resorts & Casinos,43.0,2.0543,91.0,76.33,2026-07-23,87.04,89.29,91.26,90.79,,
4421,UTMD,64.18,Healthcare,Medical Instruments & Supplies,40.0,2.6564,75.75,53.66,2026-07-23,67.14,69.1,70.96,70.94,,
4483,NDAQ,90.42,Financial Services,Financial Data & Stock Exchanges,39.0,2.658,101.79,76.55,2026-07-23,92.09,93.94,95.96,95.55,,
4562,NEM,94.72,Basic Materials,Gold,38.0,3.22,134.88,59.96,2026-07-23,93.19,93.47,91.52,91.34,,
4791,DOV,197.8,Industrials,Specialty Industrial Machinery,35.0,6.407,237.54,158.97,2026-07-23,202.2,205.85,203.08,197.99,,
5105,DLR,179.34,Real Estate,REIT - Specialty,30.0,3.9911,208.14,146.23,2026-07-23,199.08,195.76,193.18,188.18,,
5161,ALLE,154.57,Industrials,Security & Protection Services,30.0,4.5921,183.11,125.0,2026-07-23,153.36,158.14,161.23,158.47,,
5740,ENSG,167.52,Healthcare,Medical Care Facilities,22.0,3.9107,218.0,136.93,2026-07-23,172.99,178.07,183.14,181.89,,
5801,VRSN,261.58,Technology,Software - Infrastructure,21.0,7.2057,312.48,208.86,2026-07-23,280.0,274.82,281.15,290.92,,
5874,SKYW,96.24,Industrials,Airlines,20.0,3.1161,123.94,77.89,2026-07-23,103.65,110.29,113.75,109.66,,
5940,VC,100.11,Consumer Cyclical,Auto Parts,19.0,4.0881,129.1,83.49,2026-07-23,103.75,105.54,106.93,106.72,,
6406,DECK,96.23,Consumer Cyclical,Footwear & Accessories,13.0,3.7593,126.5,78.91,2026-07-23,96.04,97.73,103.92,103.54,,
6763,LAZ,43.05,Financial Services,Capital Markets,8.0,2.1793,58.75,38.67,2026-07-23,44.35,42.99,42.76,40.67,,
6774,ASR,269.84,Industrials,Airports & Air Services,8.0,7.81,381.52,268.7,2026-07-23,267.76,268.57,271.18,271.97,,
6799,NVR,6155.02,Consumer Cyclical,Residential Construction,8.0,205.7386,8618.28,5501.01,2026-07-23,6414.67,6311.54,6471.37,6381.79,,
6802,BX,124.5,Financial Services,Asset Management,8.0,4.0054,190.09,101.73,2026-07-23,130.0,132.6,133.9,129.4,,
6817,TMUS,170.42,Communication Services,Telecom Services,8.0,6.7829,261.56,165.66,2026-07-23,180.09,177.21,182.39,181.52,,
6850,KNSL,332.28,Financial Services,Insurance - Property & Casualty,7.0,12.0358,512.76,287.2,2026-07-23,349.1,361.55,370.26,376.67,,
6851,ROP,355.12,Technology,Software - Application,7.0,12.9643,564.68,305.96,2026-07-23,367.34,375.02,390.92,408.07,,
6859,APPF,163.95,Technology,Software - Application,7.0,6.9879,326.04,142.56,2026-07-23,165.05,168.74,178.27,186.99,,
6953,FSV,131.14,Real Estate,Real Estate Services,6.0,4.8436,209.66,119.41,2026-07-23,137.46,140.23,143.02,142.41,,
7030,SAM,174.51,Consumer Defensive,Beverages - Brewers,5.0,7.9164,264.46,158.68,2026-07-23,180.15,183.6,185.69,187.07,,
7203,POOL,183.33,Industrials,Industrial Distribution,2.0,9.2946,345.0,172.68,2026-07-23,183.77,184.61,192.16,193.45,,
7241,SAP,146.38,Technology,Software - Application,2.0,5.4129,299.48,144.97,2026-07-23,160.0,171.01,179.17,185.99,,
355,GRC,81.73,Industrials,Specialty Industrial Machinery,94.0,3.4407,92.78,39.52,2026-07-24,80.56,82.43,78.47,,,
603,TMP,101.12,Financial Services,Banks - Regional,90.0,2.5057,101.49,61.21,2026-07-24,99.68,101.25,99.44,,,
719,FCAP,60.72,Financial Services,Banks - Regional,89.0,2.2739,71.0,33.73,2026-07-24,63.2,64.1,63.69,,,
746,WRLD,204.67,Financial Services,Credit Services,89.0,9.8911,227.68,110.0,2026-07-24,195.83,189.65,185.56,,,
860,SXT,126.79,Basic Materials,Specialty Chemicals,87.0,4.4296,129.35,82.6,2026-07-24,124.93,124.57,122.6,,,
867,RBCAA,93.63,Financial Services,Banks - Regional,87.0,2.2,94.31,63.97,2026-07-24,97.03,100.64,99.75,,,
902,CNI,129.48,Industrials,Railroads,86.0,2.2168,131.5,90.74,2026-07-24,128.88,129.52,129.84,,,
931,FRAF,62.28,Financial Services,Banks - Regional,86.0,2.1918,64.88,38.52,2026-07-24,63.1,63.99,64.08,,,
4303,NPK,124.4,Industrials,Aerospace & Defense,41.0,2.6286,149.86,91.28,2026-07-24,125.0,123.35,121.46,,,
5466,AXP,326.17,Financial Services,Credit Services,25.0,9.7557,387.49,288.34,2026-07-24,335.39,336.63,331.5,,,
6651,HCA,382.19,Healthcare,Medical Care Facilities,10.0,15.0648,556.52,330.0,2026-07-24,389.62,418.19,408.18,,,
6990,BAH,72.53,Industrials,Consulting Services,5.0,2.8979,120.05,59.5,2026-07-24,71.64,73.19,70.17,,,
7361,CHTR,123.31,Communication Services,Telecom Services,0.0,6.2786,335.52,111.55,2026-07-24,131.61,139.97,145.2,,,
30,CHRN,20.26,Technology,Information Technology Services,98.0,3.6669,30.0,2.91,2026-07-27,20.23,18.52,,,,
197,KFRC,58.13,Industrials,Staffing & Employment Services,96.0,2.3086,60.7,24.49,2026-07-27,58.49,59.06,,,,
338,AMKR,60.71,Technology,Semiconductor Equipment & Materials,94.0,5.2329,96.68,20.87,2026-07-27,45.69,42.73,,,,
429,NUE,247.86,Basic Materials,Steel,93.0,6.315,270.9,131.32,2026-07-27,265.62,256.02,,,,
451,SANM,208.9,Technology,Electronic Components,92.0,11.6404,288.68,97.77,2026-07-27,172.43,163.85,,,,
516,FFIV,407.96,Technology,Software - Infrastructure,92.0,14.1607,435.0,223.76,2026-07-27,403.46,386.95,,,,
648,WELL,248.34,Real Estate,REIT - Healthcare Facilities,90.0,4.8086,252.94,158.24,2026-07-27,243.57,241.08,,,,
669,TFII,145.87,Industrials,Trucking,90.0,4.2468,167.69,80.63,2026-07-27,147.76,141.03,,,,
878,SCCO,179.32,Basic Materials,Copper,87.0,8.0589,221.67,85.61,2026-07-27,178.96,175.47,,,,
931,PFG,111.29,Financial Services,Asset Management,86.0,2.505,114.9,75.0,2026-07-27,114.09,113.18,,,,
986,PII,74.7,Consumer Cyclical,Recreational Vehicles,85.0,2.6679,75.92,47.14,2026-07-27,71.59,67.28,,,,
1021,NBN,133.11,Financial Services,Banks - Regional,85.0,4.8564,142.31,80.75,2026-07-27,126.46,121.18,,,,
1142,AGYS,103.24,Technology,Software - Application,83.0,5.1886,145.25,61.5,2026-07-27,110.7,113.69,,,,
1473,CINF,184.23,Financial Services,Insurance - Property & Casualty,79.0,4.6364,194.81,143.87,2026-07-27,182.63,181.33,,,,
1801,BOH,80.02,Financial Services,Banks - Regional,74.0,2.1079,86.31,59.36,2026-07-27,80.07,79.62,,,,
1805,CLS,318.24,Technology,Electronic Components,74.0,23.51,474.03,169.19,2026-07-27,350.2,328.43,,,,
1818,PRK,189.35,Financial Services,Banks - Regional,74.0,4.1243,192.77,149.06,2026-07-27,206.97,212.56,,,,
1884,KOF,108.99,Consumer Defensive,Beverages - Non-Alcoholic,73.0,2.5104,116.36,80.22,2026-07-27,108.73,107.04,,,,
2648,SSD,193.24,Basic Materials,Lumber & Wood Production,63.0,4.9711,213.49,156.32,2026-07-27,198.28,189.48,,,,
2932,APLD,26.38,Technology,Information Technology Services,59.0,2.4363,50.73,9.79,2026-07-27,26.62,23.22,,,,
3027,SEB,4610.47,Industrials,Conglomerates,58.0,141.6143,5989.37,3094.44,2026-07-27,4548.61,4588.58,,,,
4086,CDNS,338.61,Technology,Software - Application,44.0,15.3643,416.69,262.75,2026-07-27,344.72,332.76,,,,
4155,ENSG,178.07,Healthcare,Medical Care Facilities,43.0,5.0636,218.0,141.58,2026-07-27,183.14,181.89,,,,
4317,NPK,125.0,Industrials,Aerospace & Defense,41.0,2.5686,149.86,91.28,2026-07-27,123.35,121.46,,,,
5866,AZN,169.64,Healthcare,Drug Manufacturers - General,20.0,5.0857,212.71,142.98,2026-07-27,172.48,173.3,,,,
6102,SUI,121.44,Real Estate,REIT - Residential,17.0,2.3164,137.85,115.53,2026-07-27,124.09,127.94,,,,
6198,OMAB,104.8,Industrials,Airports & Air Services,16.0,2.6686,134.99,95.69,2026-07-27,108.27,106.38,,,,
6521,RMBS,96.42,Technology,Semiconductors,11.0,7.2629,174.1,63.3,2026-07-27,87.75,82.81,,,,
6708,UHS,159.31,Healthcare,Medical Care Facilities,9.0,5.6429,246.33,140.08,2026-07-27,166.22,168.16,,,,
40,STX,747.3,Technology,Computer Hardware,98.0,77.5079,1145.0,138.3,2026-07-28,764.43,,,,,
82,KNSA,79.44,Healthcare,Drug Manufacturers - Specialty & Generic,97.0,3.6649,81.97,29.24,2026-07-28,80.92,,,,,
149,BE,166.84,Industrials,Electrical Equipment & Parts,97.0,25.1403,351.28,32.52,2026-07-28,163.75,,,,,
171,TER,320.65,Technology,Semiconductor Equipment & Materials,96.0,28.2036,487.91,89.18,2026-07-28,319.41,,,,,
204,CNC,63.91,Healthcare,Healthcare Plans,96.0,2.8186,69.36,25.08,2026-07-28,61.82,,,,,
207,DINO,89.3,Energy,Oil & Gas Refining & Marketing,96.0,3.3014,94.22,42.16,2026-07-28,90.0,,,,,
364,CAKE,89.01,Consumer Cyclical,Restaurants,94.0,2.9257,89.22,43.07,2026-07-28,101.14,,,,,
383,INCY,129.93,Healthcare,Biotechnology,93.0,4.0582,132.58,71.0,2026-07-28,127.1,,,,,
480,KLAC,190.8,Technology,Semiconductor Equipment & Materials,92.0,14.32,307.37,83.22,2026-07-28,170.19,,,,,
509,NBR,75.64,Energy,Oil & Gas Drilling,92.0,3.575,112.9,30.9,2026-07-28,79.26,,,,,
672,GLW,126.01,Technology,Electronic Components,90.0,13.64,271.78,57.93,2026-07-28,124.05,,,,,
731,THG,224.15,Financial Services,Insurance - Property & Casualty,89.0,5.0136,225.29,164.86,2026-07-28,232.34,,,,,
746,VRNS,44.67,Technology,Software - Infrastructure,89.0,2.3533,63.9,19.7,2026-07-28,40.65,,,,,
864,RUSHA,78.82,Consumer Cyclical,Auto & Truck Dealerships,87.0,2.2832,80.17,45.67,2026-07-28,81.62,,,,,
904,IQV,242.94,Healthcare,Diagnostics & Research,86.0,8.3485,247.72,154.5,2026-07-28,247.56,,,,,
914,ROG,119.18,Technology,Electronic Components,86.0,5.7229,169.0,61.17,2026-07-28,116.79,,,,,
1038,UMBF,143.98,Financial Services,Banks - Regional,85.0,3.4454,148.31,103.38,2026-07-28,148.27,,,,,
1057,ASH,68.01,Basic Materials,Specialty Chemicals,84.0,2.0943,72.25,46.3,2026-07-28,72.84,,,,,
1083,AXS,119.27,Financial Services,Insurance - Specialty,84.0,2.3914,119.99,88.07,2026-07-28,105.96,,,,,
1127,RUSHB,77.25,Consumer Cyclical,Auto & Truck Dealerships,83.0,2.26,79.13,47.71,2026-07-28,78.99,,,,,
1139,FMX,127.73,Consumer Defensive,Beverages - Brewers,83.0,3.6479,134.99,83.08,2026-07-28,121.06,,,,,
1157,PCAR,138.21,Industrials,Farm & Heavy Construction Machinery,83.0,3.4486,139.24,92.25,2026-07-28,133.87,,,,,
1177,CR,226.34,Industrials,Specialty Industrial Machinery,83.0,6.7734,230.5,159.58,2026-07-28,206.73,,,,,
1259,LSTR,185.32,Industrials,Integrated Freight & Logistics,82.0,6.5957,228.46,119.32,2026-07-28,177.83,,,,,
1414,CHE,517.63,Healthcare,Medical Care Facilities,80.0,12.5636,520.0,365.21,2026-07-28,539.36,,,,,
1707,ACGL,106.48,Financial Services,Insurance - Diversified,76.0,2.4461,107.08,82.45,2026-07-28,104.55,,,,,
1821,LOGI,111.66,Technology,Computer Hardware,74.0,3.11,129.66,83.32,2026-07-28,102.99,,,,,
2202,ITW,295.16,Industrials,Specialty Industrial Machinery,69.0,6.7064,303.16,238.82,2026-07-28,292.45,,,,,
2246,NXPI,259.12,Technology,Semiconductors,68.0,12.0429,339.95,183.0,2026-07-28,240.98,,,,,
2293,V,366.59,Financial Services,Credit Services,68.0,7.1514,371.16,293.89,2026-07-28,368.73,,,,,
2420,OMC,86.22,Communication Services,Advertising Agencies,66.0,2.8707,87.4,66.33,2026-07-28,82.58,,,,,
2427,PDS,78.27,Energy,Oil & Gas Drilling,66.0,2.8186,103.8,52.02,2026-07-28,73.12,,,,,
2580,FELE,109.71,Industrials,Specialty Industrial Machinery,64.0,2.8175,115.81,89.54,2026-07-28,105.38,,,,,
2620,RCL,322.5,Consumer Cyclical,Travel Services,63.0,11.3307,366.5,232.1,2026-07-28,323.58,,,,,
2659,RGEN,145.34,Healthcare,Medical Instruments & Supplies,63.0,8.3029,175.77,100.99,2026-07-28,141.23,,,,,
2736,HRI,148.24,Industrials,Rental & Leasing Services,62.0,8.2521,188.35,88.45,2026-07-28,143.02,,,,,
2885,ABG,240.99,Consumer Cyclical,Auto & Truck Dealerships,60.0,8.6486,263.38,172.01,2026-07-28,248.26,,,,,
2926,PPG,119.01,Basic Materials,Specialty Chemicals,59.0,3.8861,133.43,93.39,2026-07-28,111.83,,,,,
3029,HLT,322.43,Consumer Cyclical,Lodging,58.0,8.5588,358.0,253.54,2026-07-28,321.72,,,,,
3294,OSK,152.5,Industrials,Farm & Heavy Construction Machinery,54.0,5.6839,180.49,116.77,2026-07-28,142.82,,,,,
3551,QRVO,91.76,Technology,Semiconductors,51.0,2.7739,109.49,74.92,2026-07-28,89.5,,,,,
3620,EXR,152.21,Real Estate,REIT - Industrial,50.0,3.1779,155.19,125.71,2026-07-28,152.85,,,,,
3676,WM,239.41,Industrials,Waste Management,49.0,5.2428,248.13,194.11,2026-07-28,236.6,,,,,
3908,SHW,354.27,Basic Materials,Specialty Chemicals,46.0,11.2443,379.65,289.86,2026-07-28,343.88,,,,,
3999,TRU,83.8,Financial Services,Financial Data & Stock Exchanges,45.0,3.5539,99.39,63.37,2026-07-28,83.73,,,,,
4009,TXT,89.96,Industrials,Aerospace & Defense,45.0,2.7843,101.57,75.8,2026-07-28,85.65,,,,,
4066,ECL,282.9,Basic Materials,Specialty Chemicals,44.0,6.0229,309.27,243.15,2026-07-28,283.7,,,,,
4102,UPS,105.53,Industrials,Integrated Freight & Logistics,44.0,3.4807,122.41,82.0,2026-07-28,104.56,,,,,
4176,DTE,146.08,Utilities,Utilities - Regulated Electric,43.0,2.9343,155.75,126.23,2026-07-28,143.52,,,,,
4235,ITRI,107.02,Technology,Scientific & Technical Instruments,42.0,3.8086,142.0,77.77,2026-07-28,102.33,,,,,
4236,PJT,173.23,Financial Services,Capital Markets,42.0,7.6452,195.62,127.73,2026-07-28,165.08,,,,,
4379,VLTO,98.47,Industrials,Pollution & Treatment Controls,40.0,2.3443,110.11,80.03,2026-07-28,98.83,,,,,
4399,CAR,166.32,Industrials,Rental & Leasing Services,40.0,7.54,847.7,85.96,2026-07-28,154.85,,,,,
4409,CVLT,120.02,Technology,Software - Application,39.0,7.7571,200.68,71.75,2026-07-28,120.31,,,,,
4612,NPK,123.35,Industrials,Aerospace & Defense,37.0,2.8043,149.86,91.28,2026-07-28,121.46,,,,,
4656,CARR,63.16,Industrials,Building Products & Equipment,36.0,2.346,76.76,50.24,2026-07-28,59.92,,,,,
4663,ENPH,36.32,Technology,Solar,36.0,2.4821,73.74,25.78,2026-07-28,35.07,,,,,
5237,MANH,168.17,Technology,Software - Application,28.0,8.245,229.58,119.06,2026-07-28,204.02,,,,,
5514,SWKS,64.68,Technology,Semiconductors,25.0,2.6054,90.9,51.93,2026-07-28,61.19,,,,,
5693,AWI,178.65,Industrials,Building Products & Equipment,22.0,5.4321,206.08,150.28,2026-07-28,174.48,,,,,
6204,BA,221.56,Industrials,Aerospace & Defense,15.0,6.0329,254.35,176.77,2026-07-28,214.01,,,,,
6257,XYL,124.97,Industrials,Specialty Industrial Machinery,15.0,3.2804,154.27,105.29,2026-07-28,122.13,,,,,
6418,SPGI,424.36,Financial Services,Financial Data & Stock Exchanges,13.0,14.57,547.82,361.03,2026-07-28,419.64,,,,,
6576,AMT,171.5,Real Estate,REIT - Specialty,10.0,4.0307,219.0,160.06,2026-07-28,179.26,,,,,
6747,EXE,88.52,Energy,Oil & Gas E&P,8.0,2.5018,126.62,84.98,2026-07-28,92.46,,,,,
7040,INIO,26.22,Industrials,Specialty Industrial Machinery,4.0,2.7793,42.95,22.6,2026-07-28,21.77,,,,,
7243,PNR,66.77,Industrials,Specialty Industrial Machinery,2.0,3.6536,113.95,57.6,2026-07-28,66.59,,,,,
74,BAND,36.95,Technology,Software - Infrastructure,98.0,6.4716,79.08,12.5,2026-07-29,,,,,,
90,NWPX,123.21,Basic Materials,Steel,97.0,6.5921,152.03,40.01,2026-07-29,,,,,,
107,SIMO,209.68,Technology,Semiconductors,97.0,25.75,355.0,71.35,2026-07-29,,,,,,
113,QURE,40.07,Healthcare,Biotechnology,97.0,2.3768,71.5,8.73,2026-07-29,,,,,,
137,SILC,34.92,Technology,Communication Equipment,97.0,4.1393,52.95,13.34,2026-07-29,,,,,,
150,FTNT,153.22,Technology,Software - Infrastructure,96.0,6.4971,170.35,70.12,2026-07-29,,,,,,
157,AXGN,41.37,Healthcare,Medical Devices,96.0,2.2836,46.95,12.39,2026-07-29,,,,,,
158,CORT,92.95,Healthcare,Biotechnology,96.0,4.5907,97.63,28.66,2026-07-29,,,,,,
176,CHEF,105.63,Consumer Defensive,Food Distribution,96.0,4.5057,112.16,53.2,2026-07-29,,,,,,
239,GKOS,161.66,Healthcare,Medical Devices,95.0,7.1517,166.0,73.16,2026-07-29,,,,,,
252,HUM,365.41,Healthcare,Healthcare Plans,95.0,16.7456,428.88,163.11,2026-07-29,,,,,,
278,CVLG,41.5,Industrials,Trucking,95.0,2.1102,49.88,18.0,2026-07-29,,,,,,
290,FLEX,103.02,Technology,Electronic Components,95.0,8.6707,166.86,47.83,2026-07-29,,,,,,
319,ARCB,141.49,Industrials,Trucking,94.0,6.7893,176.69,59.43,2026-07-29,,,,,,
334,BHE,74.11,Technology,Electronic Components,94.0,3.9921,100.41,34.44,2026-07-29,,,,,,
338,LRCX,252.35,Technology,Semiconductor Equipment & Materials,94.0,22.5829,438.5,90.94,2026-07-29,,,,,,
394,LAD,427.48,Consumer Cyclical,Auto & Truck Dealerships,93.0,17.1157,439.49,239.78,2026-07-29,,,,,,
409,CMPR,97.62,Industrials,Specialty Business Services,93.0,3.3829,106.58,48.51,2026-07-29,,,,,,
438,PLXS,240.49,Technology,Electronic Components,93.0,11.1314,307.06,124.49,2026-07-29,,,,,,
451,ARM,224.89,Technology,Semiconductors,92.0,21.5236,452.7,100.02,2026-07-29,,,,,,
486,PAG,223.44,Consumer Cyclical,Auto & Truck Dealerships,92.0,6.9964,226.89,140.12,2026-07-29,,,,,,
524,LFUS,410.47,Technology,Electronic Components,91.0,19.5464,500.57,233.36,2026-07-29,,,,,,
538,HXL,105.61,Industrials,Aerospace & Defense,91.0,3.4264,111.74,58.2,2026-07-29,,,,,,
551,FORM,83.45,Technology,Semiconductor Equipment & Materials,91.0,8.9628,160.27,26.08,2026-07-29,,,,,,
561,CNXN,82.97,Technology,Electronics & Computer Distribution,91.0,2.4579,84.81,54.97,2026-07-29,,,,,,
620,BELFB,242.43,Technology,Electronic Components,90.0,16.8593,335.29,123.14,2026-07-29,,,,,,
647,BIIB,209.23,Healthcare,Drug Manufacturers - General,90.0,9.4633,219.72,124.56,2026-07-29,,,,,,
669,SCL,66.14,Basic Materials,Specialty Chemicals,89.0,2.5,68.0,41.82,2026-07-29,,,,,,
688,TENB,31.48,Technology,Software - Infrastructure,89.0,2.5521,43.67,15.73,2026-07-29,,,,,,
732,VTR,97.72,Real Estate,REIT - Healthcare Facilities,89.0,2.0811,101.6,65.82,2026-07-29,,,,,,
765,ICLR,178.18,Healthcare,Diagnostics & Research,88.0,7.3371,203.91,66.57,2026-07-29,,,,,,
783,TNK,78.18,Energy,Oil & Gas Midstream,88.0,2.6632,83.99,41.77,2026-07-29,,,,,,
802,MYRG,322.06,Industrials,Engineering & Construction,88.0,22.0707,503.57,171.51,2026-07-29,,,,,,
845,ODFL,222.79,Industrials,Trucking,87.0,7.4721,252.03,126.01,2026-07-29,,,,,,
871,GRMN,294.83,Technology,Scientific & Technical Instruments,87.0,9.8793,304.0,186.67,2026-07-29,,,,,,
873,NSP,53.18,Industrials,Staffing & Employment Services,87.0,2.6864,61.38,18.57,2026-07-29,,,,,,
879,WWD,385.42,Industrials,Aerospace & Defense,87.0,14.5429,450.92,233.31,2026-07-29,,,,,,
982,SYBT,88.03,Financial Services,Banks - Regional,85.0,2.2846,89.22,61.51,2026-07-29,,,,,,
1006,CLH,326.34,Industrials,Waste Management,85.0,8.1086,335.94,201.34,2026-07-29,,,,,,
1007,SWK,93.05,Industrials,Tools & Accessories,85.0,3.3139,96.04,61.9,2026-07-29,,,,,,
1035,BELFA,202.44,Technology,Electronic Components,85.0,13.4714,293.51,107.51,2026-07-29,,,,,,
1092,IEX,229.52,Industrials,Specialty Industrial Machinery,84.0,5.5397,243.8,157.25,2026-07-29,,,,,,
1184,PLPC,283.51,Industrials,Electrical Equipment & Parts,83.0,18.7579,414.35,139.53,2026-07-29,,,,,,
1225,MHO,154.48,Consumer Cyclical,Residential Construction,82.0,4.5036,163.66,116.78,2026-07-29,,,,,,
1256,CHRW,173.75,Industrials,Integrated Freight & Logistics,82.0,6.9471,210.33,96.89,2026-07-29,,,,,,
1438,EG,393.89,Financial Services,Insurance - Reinsurance,79.0,7.9568,401.07,302.44,2026-07-29,,,,,,
1512,GD,380.96,Industrials,Aerospace & Defense,78.0,8.6614,398.96,306.03,2026-07-29,,,,,,
1558,AER,148.63,Industrials,Rental & Leasing Services,78.0,3.9521,156.33,105.65,2026-07-29,,,,,,
1619,NGVT,70.62,Basic Materials,Specialty Chemicals,77.0,2.4171,79.29,39.74,2026-07-29,,,,,,
1662,ARXS,42.47,Industrials,Aerospace & Defense,76.0,2.4428,48.68,33.15,2026-07-29,,,,,,
1687,NEU,787.62,Basic Materials,Specialty Chemicals,76.0,23.5321,875.97,580.03,2026-07-29,,,,,,
1726,UAN,122.56,Basic Materials,Agricultural Inputs,75.0,2.8121,139.5,84.13,2026-07-29,,,,,,
1731,ADP,273.37,Technology,Software - Application,75.0,8.6436,315.98,188.16,2026-07-29,,,,,,
1842,JCI,139.42,Industrials,Building Products & Equipment,74.0,4.7493,151.18,102.09,2026-07-29,,,,,,
1844,PSA,329.44,Real Estate,REIT - Industrial,74.0,7.4425,335.55,256.54,2026-07-29,,,,,,
1893,AON,377.16,Financial Services,Insurance Brokers,73.0,9.9118,382.34,304.59,2026-07-29,,,,,,
2000,EQIX,1008.02,Real Estate,REIT - Specialty,72.0,29.1821,1128.68,720.62,2026-07-29,,,,,,
2077,ESS,296.8,Real Estate,REIT - Residential,70.0,4.9161,303.35,238.46,2026-07-29,,,,,,
2121,SBUX,104.14,Consumer Cyclical,Restaurants,70.0,2.6125,109.23,77.99,2026-07-29,,,,,,
2132,SMG,70.33,Basic Materials,Agricultural Inputs,70.0,3.2414,75.34,52.0,2026-07-29,,,,,,
2201,APH,150.31,Technology,Electronic Components,69.0,6.8636,178.52,102.76,2026-07-29,,,,,,
2256,DBD,75.17,Technology,Software - Application,68.0,3.7706,92.08,53.93,2026-07-29,,,,,,
2280,MOD,178.04,Consumer Cyclical,Auto Parts,68.0,16.6064,323.25,108.32,2026-07-29,,,,,,
2508,STRA,87.62,Consumer Defensive,Education & Training Services,65.0,3.3736,87.86,69.7,2026-07-29,,,,,,
2728,VRT,223.04,Industrials,Electrical Equipment & Parts,62.0,19.3729,379.94,118.7,2026-07-29,,,,,,
2843,ETR,107.79,Utilities,Utilities - Regulated Electric,60.0,2.5311,118.45,86.4,2026-07-29,,,,,,
2980,KEX,131.07,Industrials,Marine Shipping,58.0,4.3236,157.69,79.52,2026-07-29,,,,,,
3064,FTAI,197.37,Industrials,Aerospace & Defense,57.0,14.4051,323.51,126.2,2026-07-29,,,,,,
3069,FICO,1373.08,Technology,Software - Application,57.0,59.8343,1998.01,870.01,2026-07-29,,,,,,
3242,ALGN,180.08,Healthcare,Medical Instruments & Supplies,55.0,6.4843,207.08,122.0,2026-07-29,,,,,,
3651,GNRC,195.19,Industrials,Specialty Industrial Machinery,49.0,10.0939,296.44,134.8,2026-07-29,,,,,,
3691,CNMD,43.21,Healthcare,Medical Devices,49.0,2.2093,56.64,31.44,2026-07-29,,,,,,
3743,GRBK,71.53,Consumer Cyclical,Residential Construction,48.0,2.1929,83.18,60.44,2026-07-29,,,,,,
3785,MKL,2015.0,Financial Services,Insurance - Property & Casualty,47.0,33.4657,2207.59,1719.41,2026-07-29,,,,,,
3860,MAS,72.56,Industrials,Building Products & Equipment,46.0,2.8271,83.64,58.16,2026-07-29,,,,,,
3999,BG,107.78,Consumer Defensive,Farm Products,45.0,3.7336,134.87,76.01,2026-07-29,,,,,,
4046,FLS,69.94,Industrials,Specialty Industrial Machinery,44.0,2.5039,92.41,48.71,2026-07-29,,,,,,
4117,MTH,71.61,Consumer Cyclical,Residential Construction,43.0,2.635,85.38,58.03,2026-07-29,,,,,,
4136,AWK,138.09,Utilities,Utilities - Regulated Water,43.0,3.2107,147.87,120.57,2026-07-29,,,,,,
4302,MAA,137.38,Real Estate,REIT - Residential,40.0,2.2911,151.72,120.3,2026-07-29,,,,,,
4478,VRSK,213.15,Industrials,Consulting Services,38.0,7.88,300.94,155.94,2026-07-29,,,,,,
4843,WFG,66.53,Basic Materials,Lumber & Wood Production,33.0,2.1732,76.99,57.34,2026-07-29,,,,,,
4869,QCOM,155.68,Technology,Semiconductors,33.0,7.3993,259.92,121.99,2026-07-29,,,,,,
4926,QTWO,60.42,Technology,Software - Application,32.0,2.5954,92.04,40.79,2026-07-29,,,,,,
5131,NPK,121.46,Industrials,Aerospace & Defense,29.0,2.75,149.86,91.28,2026-07-29,,,,,,
5322,WEC,111.29,Utilities,Utilities - Regulated Electric,27.0,2.3014,119.91,102.95,2026-07-29,,,,,,
5371,MGRC,117.0,Industrials,Rental & Leasing Services,26.0,2.9321,128.33,94.99,2026-07-29,,,,,,
5378,VMC,283.92,Basic Materials,Building Materials,26.0,8.4786,331.09,252.35,2026-07-29,,,,,,
5523,PI,139.3,Technology,Semiconductors,24.0,7.8797,247.06,87.36,2026-07-29,,,,,,
5939,GEHC,71.9,Healthcare,Medical Devices,18.0,2.6029,89.77,58.75,2026-07-29,,,,,,
5958,PG,146.1,Consumer Defensive,Household & Personal Products,18.0,3.5393,167.25,137.62,2026-07-29,,,,,,
5962,EXP,209.91,Basic Materials,Building Materials,18.0,8.1968,245.53,171.99,2026-07-29,,,,,,
6038,CBRE,147.78,Real Estate,Real Estate Services,17.0,4.913,174.27,121.69,2026-07-29,,,,,,
6091,LHX,297.53,Industrials,Aerospace & Defense,16.0,7.906,379.23,267.25,2026-07-29,,,,,,
6157,MORN,198.66,Financial Services,Financial Data & Stock Exchanges,15.0,7.8657,289.63,141.49,2026-07-29,,,,,,
6177,ORLY,90.63,Consumer Cyclical,Auto Parts,15.0,2.8529,108.72,82.59,2026-07-29,,,,,,
6443,CSL,334.54,Industrials,Building Products & Equipment,12.0,12.2907,432.91,293.43,2026-07-29,,,,,,
6463,MC,65.25,Financial Services,Capital Markets,11.0,2.6973,78.22,51.06,2026-07-29,,,,,,
6465,SFM,79.16,Consumer Defensive,Grocery Stores,11.0,3.3357,160.49,64.75,2026-07-29,,,,,,
6492,EVR,304.71,Financial Services,Capital Markets,11.0,13.2879,388.71,265.87,2026-07-29,,,,,,
6543,HOOD,89.84,Financial Services,Capital Markets,10.0,6.5443,153.86,63.52,2026-07-29,,,,,,
6555,USLM,113.0,Basic Materials,Building Materials,10.0,3.5743,141.44,94.77,2026-07-29,,,,,,
6594,UFPI,87.71,Basic Materials,Lumber & Wood Production,10.0,2.9021,118.0,77.89,2026-07-29,,,,,,
6719,CHDN,88.53,Consumer Cyclical,Gambling,8.0,2.4171,118.35,80.24,2026-07-29,,,,,,
6725,BLKB,42.18,Technology,Software - Application,8.0,2.3443,74.88,25.58,2026-07-29,,,,,,
6772,HWKN,138.6,Basic Materials,Specialty Chemicals,7.0,5.2079,186.15,117.98,2026-07-29,,,,,,
6777,CTSH,55.97,Technology,Information Technology Services,7.0,2.3871,87.03,37.08,2026-07-29,,,,,,
6778,CVNA,66.32,Consumer Cyclical,Auto & Truck Dealerships,7.0,3.7597,97.38,54.46,2026-07-29,,,,,,
6789,AEM,144.43,Basic Materials,Gold,7.0,4.8243,255.24,122.68,2026-07-29,,,,,,
6794,BOOT,150.89,Consumer Cyclical,Apparel Retail,7.0,6.6211,210.25,133.18,2026-07-29,,,,,,
6796,IONS,54.04,Healthcare,Biotechnology,7.0,2.4846,86.74,40.03,2026-07-29,,,,,,
6810,META,585.61,Communication Services,Internet Content & Information,7.0,23.3057,796.25,520.26,2026-07-29,,,,,,
6866,MSFT,390.54,Technology,Software - Infrastructure,6.0,11.7476,555.45,349.2,2026-07-29,,,,,,
6875,LII,430.02,Industrials,Building Products & Equipment,6.0,23.57,634.02,428.02,2026-07-29,,,,,,
6886,LMND,47.38,Financial Services,Insurance - Property & Casualty,6.0,4.6171,99.9,35.7,2026-07-29,,,,,,
6925,PTC,132.46,Technology,Software - Application,5.0,4.8964,219.69,108.5,2026-07-29,,,,,,
6927,PFSI,86.04,Financial Services,Mortgage Finance,5.0,2.4321,160.36,77.67,2026-07-29,,,,,,
6941,TYL,333.5,Technology,Software - Application,5.0,15.0621,621.34,270.71,2026-07-29,,,,,,
6964,HLI,139.08,Financial Services,Capital Markets,5.0,4.3264,211.78,130.72,2026-07-29,,,,,,
6968,PCOR,50.16,Technology,Software - Application,5.0,2.4699,82.31,38.03,2026-07-29,,,,,,
7017,WSO,320.02,Industrials,Industrial Distribution,4.0,15.4707,459.99,307.18,2026-07-29,,,,,,
7074,TREE,39.46,Financial Services,Financial Conglomerates,3.0,2.2579,77.35,32.65,2026-07-29,,,,,,
7162,SITE,93.79,Industrials,Industrial Distribution,2.0,4.3399,168.56,90.07,2026-07-29,,,,,,
7232,WING,139.45,Consumer Cyclical,Restaurants,1.0,8.3818,381.45,116.35,2026-07-29,,,,,,
7234,PSN,40.32,Technology,Information Technology Services,1.0,3.9854,89.5,36.26,2026-07-29,,,,,,
