Ticker,Days,Start_Date,End_Date,Sufficient,3M_Return,6M_Return,9M_Return,12M_Return,Strength_Stock,Strength_Ref,RS,Recomputed_RS,Match
PDX,502,2023-12-27,2025-12-26,Sufficient,-0.1479,-0.1296,-0.1052,-0.1852,-0.1432,0.1174,76.68,76.68,OK
PANG,194,2025-03-21,2025-12-26,Short: 194d,-0.1735,-0.2155,-0.0335,-0.1209,-0.1434,0.1174,76.66,76.66,OK
ESTC,502,2023-12-27,2025-12-26,Sufficient,-0.1045,-0.0692,-0.1903,-0.2503,-0.1437,0.1174,76.63,76.63,OK
YDES,86,2025-08-26,2025-12-26,Short: 86d,-0.235,-0.0838,-0.0838,-0.0838,-0.1443,0.1174,76.58,76.58,OK
NFLX,502,2023-12-27,2025-12-26,Sufficient,-0.2196,-0.286,-0.0328,0.0365,-0.1443,0.1174,76.58,76.58,OK
UNG,502,2023-12-27,2025-12-26,Sufficient,0.0273,-0.2255,-0.3724,-0.1804,-0.1448,0.1174,76.54,76.54,OK
CPHC,502,2023-12-27,2025-12-26,Sufficient,-0.059,-0.1865,-0.1661,-0.2532,-0.1448,0.1174,76.54,76.54,OK
SETH,502,2023-12-27,2025-12-26,Sufficient,0.2227,-0.3405,-0.5368,-0.2964,-0.1457,0.1174,76.46,76.46,OK
EMN,502,2023-12-27,2025-12-26,Sufficient,0.0129,-0.1665,-0.2857,-0.3036,-0.146,0.1174,76.43,76.43,OK
IIPR,502,2023-12-27,2025-12-26,Sufficient,-0.0657,-0.1092,-0.2184,-0.2778,-0.1474,0.1174,76.31,76.31,OK
MDLZ,502,2023-12-27,2025-12-26,Sufficient,-0.1376,-0.1939,-0.1905,-0.0783,-0.1476,0.1174,76.29,76.29,OK
BEGS,223,2025-02-07,2025-12-26,Short: 223d,-0.3387,-0.1336,0.0865,-0.0132,-0.1476,0.1174,76.29,76.29,OK
SHEN,502,2023-12-27,2025-12-26,Sufficient,-0.149,-0.1732,-0.161,-0.1073,-0.1479,0.1174,76.26,76.26,OK
OOSB,216,2025-02-19,2025-12-26,Short: 216d,-0.2243,-0.1774,0.0406,-0.1551,-0.1481,0.1174,76.24,76.24,OK
EOLS,502,2023-12-27,2025-12-26,Sufficient,0.1519,-0.2451,-0.4363,-0.3635,-0.1482,0.1174,76.23,76.23,OK
AZYY,72,2025-09-16,2025-12-26,Short: 72d,-0.1028,-0.1786,-0.1786,-0.1786,-0.1483,0.1174,76.22,76.22,OK
UNB,502,2023-12-27,2025-12-26,Sufficient,-0.0681,-0.1067,-0.2873,-0.2121,-0.1485,0.1174,76.21,76.21,OK
OILU,502,2023-12-27,2025-12-26,Sufficient,-0.1545,0.0123,-0.3162,-0.1301,-0.1486,0.1174,76.2,76.2,OK
KRT,502,2023-12-27,2025-12-26,Sufficient,-0.0746,-0.1741,-0.1753,-0.2442,-0.1486,0.1174,76.2,76.2,OK
ATR,502,2023-12-27,2025-12-26,Sufficient,-0.0683,-0.209,-0.1748,-0.2225,-0.1486,0.1174,76.2,76.2,OK
NVDY,502,2023-12-27,2025-12-26,Sufficient,-0.0937,-0.1143,-0.0591,-0.3823,-0.1486,0.1174,76.2,76.2,OK
RWAY,502,2023-12-27,2025-12-26,Sufficient,-0.1296,-0.1568,-0.1766,-0.1511,-0.1487,0.1174,76.18,76.18,OK
ATHM,502,2023-12-27,2025-12-26,Sufficient,-0.1894,-0.0922,-0.1652,-0.1077,-0.1488,0.1174,76.18,76.18,OK
OTLY,502,2023-12-27,2025-12-26,Sufficient,-0.3657,-0.0447,0.1266,-0.0959,-0.1491,0.1174,76.16,76.16,OK
ULBI,502,2023-12-27,2025-12-26,Sufficient,-0.1542,-0.2889,0.053,-0.2011,-0.1491,0.1174,76.16,76.16,OK
EVMN,35,2025-11-06,2025-12-26,Short: 35d,-0.1493,-0.1493,-0.1493,-0.1493,-0.1493,0.1174,76.14,76.14,OK
AAON,502,2023-12-27,2025-12-26,Sufficient,-0.1675,0.0296,-0.0557,-0.385,-0.1492,0.1174,76.14,76.14,OK
OXY,502,2023-12-27,2025-12-26,Sufficient,-0.1605,-0.0646,-0.1951,-0.167,-0.1495,0.1174,76.11,76.11,OK
CNS,502,2023-12-27,2025-12-26,Sufficient,-0.0333,-0.1781,-0.1972,-0.3065,-0.1497,0.1174,76.1,76.1,OK
MASI,502,2023-12-27,2025-12-26,Sufficient,-0.0611,-0.2107,-0.212,-0.2075,-0.1505,0.1174,76.03,76.03,OK
OFLX,502,2023-12-27,2025-12-26,Sufficient,-0.0662,-0.1419,-0.1801,-0.2988,-0.1506,0.1174,76.02,76.02,OK
SLGN,502,2023-12-27,2025-12-26,Sufficient,-0.0384,-0.2487,-0.2063,-0.2214,-0.1506,0.1174,76.02,76.02,OK
CHRD,502,2023-12-27,2025-12-26,Sufficient,-0.1386,-0.0877,-0.1971,-0.1925,-0.1509,0.1174,75.99,75.99,OK
CBTL,52,2025-10-14,2025-12-26,Short: 52d,-0.151,-0.151,-0.151,-0.151,-0.151,0.1174,75.98,75.98,OK
GENC,502,2023-12-27,2025-12-26,Sufficient,-0.1364,-0.1792,-0.0125,-0.2909,-0.1511,0.1174,75.97,75.97,OK
RYN,502,2023-12-27,2025-12-26,Sufficient,-0.1766,-0.0154,-0.218,-0.169,-0.1511,0.1174,75.97,75.97,OK
SUNS,370,2024-07-09,2025-12-26,Sufficient,-0.1094,-0.1346,-0.1346,-0.2682,-0.1512,0.1174,75.96,75.96,OK
PLTY,306,2024-10-08,2025-12-26,Sufficient,-0.1429,-0.1135,-0.1019,-0.2549,-0.1512,0.1174,75.96,75.96,OK
LB,376,2024-06-28,2025-12-26,Sufficient,-0.0475,-0.2311,-0.3186,-0.1121,-0.1514,0.1174,75.95,75.95,OK
VNO,502,2023-12-27,2025-12-26,Sufficient,-0.1644,-0.1212,-0.1074,-0.1998,-0.1514,0.1174,75.94,75.94,OK
RELX,502,2023-12-27,2025-12-26,Sufficient,-0.1221,-0.2359,-0.1789,-0.0983,-0.1515,0.1174,75.94,75.94,OK
MMI,502,2023-12-27,2025-12-26,Sufficient,-0.0768,-0.1133,-0.2201,-0.2716,-0.1517,0.1174,75.92,75.92,OK
CBTJ,226,2025-02-04,2025-12-26,Short: 226d,-0.198,-0.1787,-0.0683,-0.1164,-0.1519,0.1174,75.91,75.91,OK
MLR,502,2023-12-27,2025-12-26,Sufficient,-0.0334,-0.1412,-0.1254,-0.4255,-0.1518,0.1174,75.91,75.91,OK
CRPT,502,2023-12-27,2025-12-26,Sufficient,-0.2452,-0.2983,0.1551,-0.1277,-0.1523,0.1174,75.87,75.87,OK
PRGS,502,2023-12-27,2025-12-26,Sufficient,0.0359,-0.3173,-0.1867,-0.3333,-0.1531,0.1174,75.8,75.8,OK
AAPD,502,2023-12-27,2025-12-26,Sufficient,-0.0667,-0.2726,-0.2305,-0.1297,-0.1532,0.1174,75.78,75.78,OK
TW,502,2023-12-27,2025-12-26,Sufficient,-0.0287,-0.2562,-0.263,-0.1914,-0.1536,0.1174,75.75,75.75,OK
WLKP,502,2023-12-27,2025-12-26,Sufficient,-0.1093,-0.1579,-0.2005,-0.1915,-0.1537,0.1174,75.74,75.74,OK
AVPT,502,2023-12-27,2025-12-26,Sufficient,-0.1029,-0.2836,-0.0683,-0.2113,-0.1538,0.1174,75.73,75.73,OK
QVCC,502,2023-12-27,2025-12-26,Sufficient,-0.169,-0.1048,-0.1155,-0.2114,-0.154,0.1174,75.72,75.72,OK
RYM,502,2023-12-27,2025-12-26,Sufficient,-0.3491,0.132,0.1294,-0.3331,-0.154,0.1174,75.72,75.72,OK
FRPH,502,2023-12-27,2025-12-26,Sufficient,-0.0737,-0.1739,-0.2117,-0.2371,-0.154,0.1174,75.71,75.71,OK
WLK,502,2023-12-27,2025-12-26,Sufficient,-0.0502,-0.0314,-0.2834,-0.3553,-0.1541,0.1174,75.7,75.7,OK
AJG,502,2023-12-27,2025-12-26,Sufficient,-0.1403,-0.177,-0.2332,-0.0809,-0.1544,0.1174,75.68,75.68,OK
EVTC,502,2023-12-27,2025-12-26,Sufficient,-0.1334,-0.1766,-0.2086,-0.1197,-0.1543,0.1174,75.68,75.68,OK
TOPS,502,2023-12-27,2025-12-26,Sufficient,-0.1746,-0.0524,-0.2143,-0.1567,-0.1545,0.1174,75.67,75.67,OK
BZH,502,2023-12-27,2025-12-26,Sufficient,-0.1719,-0.1027,-0.047,-0.2798,-0.1547,0.1174,75.66,75.66,OK
MSI,502,2023-12-27,2025-12-26,Sufficient,-0.1741,-0.0994,-0.1279,-0.1974,-0.1546,0.1174,75.66,75.66,OK
CVGW,502,2023-12-27,2025-12-26,Sufficient,-0.17,-0.19,-0.111,-0.133,-0.1548,0.1174,75.64,75.64,OK
WHF,502,2023-12-27,2025-12-26,Sufficient,-0.0183,-0.2014,-0.2691,-0.2676,-0.1549,0.1174,75.63,75.63,OK
ROP,502,2023-12-27,2025-12-26,Sufficient,-0.0971,-0.2,-0.2392,-0.1412,-0.1549,0.1174,75.63,75.63,OK
DOC,502,2023-12-27,2025-12-26,Sufficient,-0.1494,-0.072,-0.2033,-0.2017,-0.1552,0.1174,75.61,75.61,OK
OLN,502,2023-12-27,2025-12-26,Sufficient,-0.1281,0.0225,-0.1727,-0.3695,-0.1552,0.1174,75.61,75.61,OK
PWP,502,2023-12-27,2025-12-26,Sufficient,-0.1719,-0.1081,-0.0649,-0.26,-0.1554,0.1174,75.59,75.59,OK
QVCD,502,2023-12-27,2025-12-26,Sufficient,-0.1713,-0.0834,-0.124,-0.2274,-0.1555,0.1174,75.58,75.58,OK
BBBY,502,2023-12-27,2025-12-26,Sufficient,-0.3989,-0.1529,0.0107,0.1626,-0.1555,0.1174,75.58,75.58,OK
FBL,502,2023-12-27,2025-12-26,Sufficient,-0.2475,-0.2574,0.006,-0.0314,-0.1556,0.1174,75.57,75.57,OK
ASRT,502,2023-12-27,2025-12-26,Sufficient,-0.2512,0.0212,-0.0808,-0.2167,-0.1557,0.1174,75.56,75.56,OK
CNXC,502,2023-12-27,2025-12-26,Sufficient,-0.1196,-0.1886,-0.3549,0.0017,-0.1562,0.1174,75.52,75.52,OK
OLP,502,2023-12-27,2025-12-26,Sufficient,-0.0806,-0.1514,-0.2256,-0.2456,-0.1568,0.1174,75.47,75.47,OK
HLX,502,2023-12-27,2025-12-26,Sufficient,-0.1006,-0.0032,-0.267,-0.3121,-0.1567,0.1174,75.47,75.47,OK
HOV,502,2023-12-27,2025-12-26,Sufficient,-0.2193,-0.0491,-0.0499,-0.2484,-0.1572,0.1174,75.43,75.43,OK
CRCT,502,2023-12-27,2025-12-26,Sufficient,-0.1975,-0.2234,-0.0345,-0.134,-0.1574,0.1174,75.41,75.41,OK
HBTC,196,2025-03-19,2025-12-26,Short: 196d,-0.1988,-0.2089,-0.0988,-0.0836,-0.1578,0.1174,75.38,75.38,OK
CE,502,2023-12-27,2025-12-26,Sufficient,0.0508,-0.2452,-0.2641,-0.3808,-0.1577,0.1174,75.38,75.38,OK
ANIK,502,2023-12-27,2025-12-26,Sufficient,0.0588,-0.1108,-0.3839,-0.4116,-0.1577,0.1174,75.38,75.38,OK
BHFAN,502,2023-12-27,2025-12-26,Sufficient,-0.0713,-0.1349,-0.2136,-0.2983,-0.1579,0.1174,75.37,75.37,OK
KTB,502,2023-12-27,2025-12-26,Sufficient,-0.2188,-0.0439,-0.0381,-0.2734,-0.1586,0.1174,75.3,75.3,OK
NLOP,502,2023-12-27,2025-12-26,Sufficient,-0.1168,-0.2192,-0.1829,-0.1579,-0.1587,0.1174,75.29,75.29,OK
BMAX,199,2025-03-14,2025-12-26,Short: 199d,-0.1611,-0.2108,-0.1375,-0.1235,-0.1588,0.1174,75.28,75.28,OK
CLRO,502,2023-12-27,2025-12-26,Sufficient,0.0534,-0.0344,-0.4697,-0.3977,-0.159,0.1174,75.26,75.26,OK
HNNA,502,2023-12-27,2025-12-26,Sufficient,-0.1224,-0.2432,-0.0982,-0.209,-0.1591,0.1174,75.26,75.26,OK
AAP,502,2023-12-27,2025-12-26,Sufficient,-0.3238,-0.1129,0.0218,-0.0571,-0.1592,0.1174,75.25,75.25,OK
TDOC,502,2023-12-27,2025-12-26,Sufficient,-0.1275,-0.1534,-0.1682,-0.2193,-0.1592,0.1174,75.25,75.25,OK
TMUS,502,2023-12-27,2025-12-26,Sufficient,-0.1536,-0.1456,-0.2508,-0.0932,-0.1593,0.1174,75.24,75.24,OK
BBSI,502,2023-12-27,2025-12-26,Sufficient,-0.1898,-0.1349,-0.1332,-0.1485,-0.1592,0.1174,75.24,75.24,OK
HCKT,502,2023-12-27,2025-12-26,Sufficient,0.0353,-0.2063,-0.3173,-0.3433,-0.1593,0.1174,75.24,75.24,OK
MANH,502,2023-12-27,2025-12-26,Sufficient,-0.1664,-0.106,0.0088,-0.3675,-0.1595,0.1174,75.22,75.22,OK
DEO,502,2023-12-27,2025-12-26,Sufficient,-0.0832,-0.1406,-0.182,-0.3132,-0.1604,0.1174,75.14,75.14,OK
CALM,502,2023-12-27,2025-12-26,Sufficient,-0.1671,-0.1733,-0.1109,-0.185,-0.1607,0.1174,75.12,75.12,OK
MGPI,502,2023-12-27,2025-12-26,Sufficient,-0.0199,-0.1885,-0.1833,-0.393,-0.1609,0.1174,75.1,75.1,OK
MTEX,502,2023-12-27,2025-12-26,Sufficient,-0.0771,-0.1489,-0.1619,-0.3391,-0.1608,0.1174,75.1,75.1,OK
ELTK,502,2023-12-27,2025-12-26,Sufficient,-0.2182,-0.181,0.0094,-0.1978,-0.1611,0.1174,75.08,75.08,OK
SRPT,502,2023-12-27,2025-12-26,Sufficient,0.2048,0.2928,-0.692,-0.8167,-0.1612,0.1174,75.07,75.07,OK
AMWD,502,2023-12-27,2025-12-26,Sufficient,-0.2086,0.0325,-0.102,-0.3199,-0.1613,0.1174,75.06,75.06,OK
HPQ,502,2023-12-27,2025-12-26,Sufficient,-0.1292,-0.061,-0.1881,-0.3,-0.1615,0.1174,75.04,75.04,OK
GLP,502,2023-12-27,2025-12-26,Sufficient,-0.1482,-0.1897,-0.2128,-0.1107,-0.1619,0.1174,75.0,75.0,OK
BOOM,502,2023-12-27,2025-12-26,Sufficient,-0.1856,-0.1826,-0.2531,-0.003,-0.162,0.1174,75.0,75.0,OK
BEKE,502,2023-12-27,2025-12-26,Sufficient,-0.1661,-0.1251,-0.2345,-0.119,-0.1622,0.1174,74.98,74.98,OK
HIMS,502,2023-12-27,2025-12-26,Sufficient,-0.4125,-0.3056,0.0749,0.2431,-0.1625,0.1174,74.95,74.95,OK
LMB,502,2023-12-27,2025-12-26,Sufficient,-0.1477,-0.4313,0.008,-0.0947,-0.1627,0.1174,74.94,74.94,OK
SKF,502,2023-12-27,2025-12-26,Sufficient,-0.0703,-0.138,-0.2381,-0.2967,-0.1627,0.1174,74.94,74.94,OK
MZZ,502,2023-12-27,2025-12-26,Sufficient,-0.073,-0.17,-0.288,-0.2105,-0.1629,0.1174,74.92,74.92,OK
GUSH,502,2023-12-27,2025-12-26,Sufficient,-0.1896,-0.0761,-0.2013,-0.1602,-0.1634,0.1174,74.88,74.88,OK
VITL,502,2023-12-27,2025-12-26,Sufficient,-0.2499,-0.1828,0.0482,-0.1824,-0.1634,0.1174,74.88,74.88,OK
HIW,502,2023-12-27,2025-12-26,Sufficient,-0.1824,-0.1774,-0.1188,-0.1554,-0.1633,0.1174,74.88,74.88,OK
CHE,502,2023-12-27,2025-12-26,Sufficient,-0.065,-0.2274,-0.2942,-0.1648,-0.1633,0.1174,74.88,74.88,OK
CSGP,502,2023-12-27,2025-12-26,Sufficient,-0.2022,-0.1703,-0.1637,-0.0788,-0.1634,0.1174,74.87,74.87,OK
KRUS,502,2023-12-27,2025-12-26,Sufficient,-0.0895,-0.3093,0.0383,-0.3677,-0.1636,0.1174,74.86,74.86,OK
NSA,502,2023-12-27,2025-12-26,Sufficient,-0.0807,-0.1226,-0.2708,-0.2633,-0.1636,0.1174,74.85,74.85,OK
PXED,55,2025-10-09,2025-12-26,Short: 55d,-0.1638,-0.1638,-0.1638,-0.1638,-0.1638,0.1174,74.83,74.83,OK
ATEX,502,2023-12-27,2025-12-26,Sufficient,0.0162,-0.1441,-0.414,-0.2939,-0.1639,0.1174,74.82,74.82,OK
DOCU,502,2023-12-27,2025-12-26,Sufficient,-0.1417,-0.085,-0.1831,-0.2696,-0.1642,0.1174,74.8,74.8,OK
AMZY,502,2023-12-27,2025-12-26,Sufficient,-0.0625,-0.1886,-0.2022,-0.307,-0.1646,0.1174,74.77,74.77,OK
CEPI,266,2024-12-04,2025-12-26,Sufficient,-0.1373,-0.1446,-0.1158,-0.2878,-0.1645,0.1174,74.77,74.77,OK
USOI,502,2023-12-27,2025-12-26,Sufficient,-0.1054,-0.1211,-0.2277,-0.265,-0.1649,0.1174,74.74,74.74,OK
KIDS,502,2023-12-27,2025-12-26,Sufficient,-0.0514,-0.1886,-0.2994,-0.2334,-0.1648,0.1174,74.74,74.74,OK
SSYS,502,2023-12-27,2025-12-26,Sufficient,-0.2298,-0.2009,-0.1302,-0.0335,-0.1648,0.1174,74.74,74.74,OK
GOF,502,2023-12-27,2025-12-26,Sufficient,-0.1543,-0.1526,-0.1922,-0.1715,-0.1649,0.1174,74.73,74.73,OK
FXP,502,2023-12-27,2025-12-26,Sufficient,0.0327,-0.15,-0.2405,-0.5028,-0.1656,0.1174,74.68,74.68,OK
COTG,70,2025-09-18,2025-12-26,Short: 70d,-0.1212,-0.1954,-0.1954,-0.1954,-0.1658,0.1174,74.66,74.66,OK
CCC,502,2023-12-27,2025-12-26,Sufficient,-0.131,-0.1403,-0.108,-0.319,-0.1659,0.1174,74.65,74.65,OK
HRB,502,2023-12-27,2025-12-26,Sufficient,-0.1237,-0.1998,-0.1887,-0.1958,-0.1664,0.1174,74.61,74.61,OK
WEBS,502,2023-12-27,2025-12-26,Sufficient,0.0782,-0.081,-0.5047,-0.4027,-0.1664,0.1174,74.61,74.61,OK
UHAL,502,2023-12-27,2025-12-26,Sufficient,-0.1034,-0.1573,-0.2098,-0.2588,-0.1665,0.1174,74.59,74.59,OK
IRM,502,2023-12-27,2025-12-26,Sufficient,-0.1877,-0.1985,-0.0412,-0.2208,-0.1672,0.1174,74.54,74.54,OK
WPAY,80,2025-09-04,2025-12-26,Short: 80d,-0.1829,-0.157,-0.157,-0.157,-0.1673,0.1174,74.52,74.52,OK
FRDD,110,2025-07-23,2025-12-26,Short: 110d,-0.1331,-0.1904,-0.1904,-0.1904,-0.1675,0.1174,74.51,74.51,OK
SOUN,502,2023-12-27,2025-12-26,Sufficient,-0.3287,0.0885,0.205,-0.4763,-0.1681,0.1174,74.46,74.46,OK
BCC,502,2023-12-27,2025-12-26,Sufficient,-0.0262,-0.1514,-0.2514,-0.3854,-0.1681,0.1174,74.45,74.45,OK
BLDR,502,2023-12-27,2025-12-26,Sufficient,-0.1202,-0.1113,-0.1878,-0.3022,-0.1683,0.1174,74.43,74.43,OK
ACCS,502,2023-12-27,2025-12-26,Sufficient,-0.2019,-0.3158,-0.0959,-0.0261,-0.1683,0.1174,74.43,74.43,OK
OARK,502,2023-12-27,2025-12-26,Sufficient,-0.1583,-0.1409,-0.0775,-0.307,-0.1684,0.1174,74.42,74.42,OK
PYPL,502,2023-12-27,2025-12-26,Sufficient,-0.1089,-0.1856,-0.1291,-0.3099,-0.1685,0.1174,74.42,74.42,OK
HFSP,294,2024-10-24,2025-12-26,Sufficient,-0.1532,-0.1282,-0.177,-0.2315,-0.1686,0.1174,74.41,74.41,OK
CXT,502,2023-12-27,2025-12-26,Sufficient,-0.257,-0.1,-0.081,-0.1489,-0.1688,0.1174,74.39,74.39,OK
RYAN,502,2023-12-27,2025-12-26,Sufficient,-0.0677,-0.2332,-0.2885,-0.1889,-0.1692,0.1174,74.36,74.36,OK
QQQD,453,2024-03-08,2025-12-26,Sufficient,-0.0572,-0.1832,-0.3322,-0.216,-0.1691,0.1174,74.36,74.36,OK
SWKS,502,2023-12-27,2025-12-26,Sufficient,-0.1924,-0.1416,-0.0315,-0.2881,-0.1692,0.1174,74.35,74.35,OK
DFII,185,2025-04-03,2025-12-26,Short: 185d,-0.2299,-0.251,-0.0682,-0.0682,-0.1695,0.1174,74.33,74.33,OK
NTIC,502,2023-12-27,2025-12-26,Sufficient,-0.0295,-0.0357,-0.3017,-0.453,-0.1699,0.1174,74.29,74.29,OK
OOQB,216,2025-02-19,2025-12-26,Short: 216d,-0.2484,-0.1898,0.0271,-0.1908,-0.1701,0.1174,74.28,74.28,OK
TRUP,502,2023-12-27,2025-12-26,Sufficient,-0.1356,-0.3259,-0.0126,-0.2412,-0.1702,0.1174,74.27,74.27,OK
BHFAL,502,2023-12-27,2025-12-26,Sufficient,-0.0922,-0.1335,-0.2208,-0.3124,-0.1702,0.1174,74.26,74.26,OK
SARK,502,2023-12-27,2025-12-26,Sufficient,-0.0248,-0.1892,-0.3639,-0.2502,-0.1706,0.1174,74.23,74.23,OK
SKYH,502,2023-12-27,2025-12-26,Sufficient,-0.0992,-0.0649,-0.2945,-0.2956,-0.1707,0.1174,74.22,74.22,OK
TEAM,502,2023-12-27,2025-12-26,Sufficient,-0.021,-0.1936,-0.2672,-0.351,-0.1708,0.1174,74.21,74.21,OK
QNST,502,2023-12-27,2025-12-26,Sufficient,-0.1076,-0.0832,-0.2275,-0.3282,-0.1708,0.1174,74.21,74.21,OK
PAYX,502,2023-12-27,2025-12-26,Sufficient,-0.1094,-0.2067,-0.2479,-0.1805,-0.1708,0.1174,74.21,74.21,OK
BETA,37,2025-11-04,2025-12-26,Short: 37d,-0.1711,-0.1711,-0.1711,-0.1711,-0.1711,0.1174,74.18,74.18,OK
CARR,502,2023-12-27,2025-12-26,Sufficient,-0.0892,-0.2726,-0.184,-0.221,-0.1712,0.1174,74.18,74.18,OK
MTDR,502,2023-12-27,2025-12-26,Sufficient,-0.1522,-0.1383,-0.1932,-0.2213,-0.1715,0.1174,74.15,74.15,OK
GDYN,502,2023-12-27,2025-12-26,Sufficient,0.1615,-0.2048,-0.4303,-0.5455,-0.1716,0.1174,74.14,74.14,OK
FLUT,502,2023-12-27,2025-12-26,Sufficient,-0.2124,-0.2082,-0.0701,-0.1547,-0.1716,0.1174,74.14,74.14,OK
BDCX,502,2023-12-27,2025-12-26,Sufficient,-0.0826,-0.1716,-0.2704,-0.2519,-0.1718,0.1174,74.12,74.12,OK
KD,502,2023-12-27,2025-12-26,Sufficient,-0.0757,-0.3435,-0.1578,-0.209,-0.1723,0.1174,74.07,74.07,OK
CDW,502,2023-12-27,2025-12-26,Sufficient,-0.15,-0.2125,-0.1473,-0.2042,-0.1728,0.1174,74.03,74.03,OK
DOW,502,2023-12-27,2025-12-26,Sufficient,0.0144,-0.1374,-0.3391,-0.4173,-0.173,0.1174,74.01,74.01,OK
CNNE,502,2023-12-27,2025-12-26,Sufficient,-0.1344,-0.235,-0.1587,-0.2035,-0.1732,0.1174,74.0,74.0,OK
GNE,502,2023-12-27,2025-12-26,Sufficient,-0.0964,-0.5007,-0.0839,-0.0887,-0.1732,0.1174,73.99,73.99,OK
GSBD,502,2023-12-27,2025-12-26,Sufficient,-0.1157,-0.172,-0.219,-0.2447,-0.1734,0.1174,73.98,73.98,OK
GWRS,502,2023-12-27,2025-12-26,Sufficient,-0.1542,-0.16,-0.1575,-0.2438,-0.1739,0.1174,73.93,73.93,OK
RGR,502,2023-12-27,2025-12-26,Sufficient,-0.2562,-0.0971,-0.1921,-0.0684,-0.174,0.1174,73.92,73.92,OK
SHPD,100,2025-08-06,2025-12-26,Short: 100d,-0.219,-0.1445,-0.1445,-0.1445,-0.1743,0.1174,73.9,73.9,OK
GME,502,2023-12-27,2025-12-26,Sufficient,-0.2017,-0.106,-0.0453,-0.3175,-0.1744,0.1174,73.88,73.88,OK
CKX,502,2023-12-27,2025-12-26,Sufficient,-0.1761,-0.1026,-0.1703,-0.2488,-0.1748,0.1174,73.85,73.85,OK
RACE,502,2023-12-27,2025-12-26,Sufficient,-0.2045,-0.23,-0.1141,-0.1209,-0.1748,0.1174,73.85,73.85,OK
DOMO,502,2023-12-27,2025-12-26,Sufficient,-0.4335,-0.3573,0.0823,0.2663,-0.1751,0.1174,73.82,73.82,OK
BTAL,502,2023-12-27,2025-12-26,Sufficient,-0.0854,-0.1789,-0.2887,-0.2381,-0.1753,0.1174,73.81,73.81,OK
BHFAM,502,2023-12-27,2025-12-26,Sufficient,-0.0913,-0.1543,-0.2397,-0.2996,-0.1752,0.1174,73.81,73.81,OK
PCT,502,2023-12-27,2025-12-26,Sufficient,-0.3021,-0.3423,0.2209,-0.1516,-0.1755,0.1174,73.79,73.79,OK
PSN,502,2023-12-27,2025-12-26,Sufficient,-0.232,-0.1135,0.0332,-0.3331,-0.1755,0.1174,73.79,73.79,OK
RTYY,18,2025-12-02,2025-12-26,Short: 18d,-0.1759,-0.1759,-0.1759,-0.1759,-0.1759,0.1174,73.76,73.76,OK
WFG,502,2023-12-27,2025-12-26,Sufficient,-0.0952,-0.1703,-0.2144,-0.3044,-0.1759,0.1174,73.76,73.76,OK
HMYY,18,2025-12-02,2025-12-26,Short: 18d,-0.1761,-0.1761,-0.1761,-0.1761,-0.1761,0.1174,73.74,73.74,OK
DV,502,2023-12-27,2025-12-26,Sufficient,-0.0328,-0.2251,-0.178,-0.4124,-0.1762,0.1174,73.73,73.73,OK
ROCK,502,2023-12-27,2025-12-26,Sufficient,-0.1919,-0.1629,-0.1788,-0.1565,-0.1764,0.1174,73.71,73.71,OK
CBZ,502,2023-12-27,2025-12-26,Sufficient,0.0065,-0.2557,-0.2961,-0.3435,-0.1764,0.1174,73.7,73.7,OK
GXRP,23,2025-11-24,2025-12-26,Short: 23d,-0.1767,-0.1767,-0.1767,-0.1767,-0.1767,0.1174,73.69,73.69,OK
BTOP,502,2023-12-27,2025-12-26,Sufficient,-0.1923,-0.0483,0.0388,-0.4904,-0.1769,0.1174,73.67,73.67,OK
LNG,502,2023-12-27,2025-12-26,Sufficient,-0.206,-0.2112,-0.1653,-0.0959,-0.1769,0.1174,73.67,73.67,OK
NXRT,502,2023-12-27,2025-12-26,Sufficient,-0.0956,-0.1277,-0.2546,-0.3109,-0.1769,0.1174,73.67,73.67,OK
NYC,502,2023-12-27,2025-12-26,Sufficient,-0.164,-0.3407,-0.2068,-0.0107,-0.1772,0.1174,73.63,73.63,OK
AMSF,502,2023-12-27,2025-12-26,Sufficient,-0.1197,-0.1217,-0.2727,-0.2539,-0.1776,0.1174,73.61,73.61,OK
METU,391,2024-06-06,2025-12-26,Sufficient,-0.2582,-0.2749,-0.0243,-0.0735,-0.1778,0.1174,73.58,73.58,OK
CC,502,2023-12-27,2025-12-26,Sufficient,-0.228,0.0316,-0.154,-0.3107,-0.1778,0.1174,73.58,73.58,OK
TYL,502,2023-12-27,2025-12-26,Sufficient,-0.1296,-0.2066,-0.2029,-0.2243,-0.1786,0.1174,73.51,73.51,OK
HOOY,161,2025-05-08,2025-12-26,Short: 161d,-0.2695,-0.2125,-0.0707,-0.0707,-0.1786,0.1174,73.51,73.51,OK
STSM,27,2025-11-18,2025-12-26,Short: 27d,-0.1786,-0.1786,-0.1786,-0.1786,-0.1786,0.1174,73.51,73.51,OK
OWNB,202,2025-03-11,2025-12-26,Short: 202d,-0.2855,-0.2493,-0.0837,0.01,-0.1788,0.1174,73.5,73.5,OK
VVV,502,2023-12-27,2025-12-26,Sufficient,-0.1794,-0.2123,-0.1471,-0.1765,-0.179,0.1174,73.48,73.48,OK
CBT,502,2023-12-27,2025-12-26,Sufficient,-0.1391,-0.1303,-0.2094,-0.2775,-0.1791,0.1174,73.47,73.47,OK
WTIU,502,2023-12-27,2025-12-26,Sufficient,-0.2104,-0.0307,-0.3143,-0.1311,-0.1794,0.1174,73.44,73.44,OK
ABNY,379,2024-06-25,2025-12-26,Sufficient,-0.037,-0.1796,-0.2679,-0.376,-0.1795,0.1174,73.43,73.43,OK
ZTS,502,2023-12-27,2025-12-26,Sufficient,-0.1203,-0.1917,-0.2351,-0.2316,-0.1798,0.1174,73.4,73.4,OK
JYNT,502,2023-12-27,2025-12-26,Sufficient,-0.1125,-0.2329,-0.3129,-0.1301,-0.1802,0.1174,73.37,73.37,OK
MMYT,502,2023-12-27,2025-12-26,Sufficient,-0.1206,-0.166,-0.214,-0.2804,-0.1803,0.1174,73.36,73.36,OK
BLLN,35,2025-11-06,2025-12-26,Short: 35d,-0.1803,-0.1803,-0.1803,-0.1803,-0.1803,0.1174,73.36,73.36,OK
ARX,109,2025-07-24,2025-12-26,Short: 109d,0.114,-0.377,-0.377,-0.377,-0.1806,0.1174,73.34,73.34,OK
MTVA,502,2023-12-27,2025-12-26,Sufficient,-0.1387,0.3261,-0.4645,-0.4875,-0.1806,0.1174,73.33,73.33,OK
BLMN,502,2023-12-27,2025-12-26,Sufficient,-0.0622,-0.2159,-0.1565,-0.4075,-0.1809,0.1174,73.31,73.31,OK
ARM,502,2023-12-27,2025-12-26,Sufficient,-0.2102,-0.3336,-0.0196,-0.1308,-0.1809,0.1174,73.31,73.31,OK
DXD,502,2023-12-27,2025-12-26,Sufficient,-0.0994,-0.1875,-0.2708,-0.2474,-0.1809,0.1174,73.31,73.31,OK
MYGN,502,2023-12-27,2025-12-26,Sufficient,-0.1584,0.2343,-0.2972,-0.5253,-0.181,0.1174,73.3,73.3,OK
XRPZ,23,2025-11-24,2025-12-26,Short: 23d,-0.1811,-0.1811,-0.1811,-0.1811,-0.1811,0.1174,73.29,73.29,OK
GLAD,502,2023-12-27,2025-12-26,Sufficient,-0.0765,-0.2323,-0.2608,-0.26,-0.1812,0.1174,73.28,73.28,OK
MHH,502,2023-12-27,2025-12-26,Sufficient,-0.0643,0.021,-0.2849,-0.514,-0.1813,0.1174,73.27,73.27,OK
YQQQ,343,2024-08-15,2025-12-26,Sufficient,-0.0651,-0.1613,-0.3145,-0.3021,-0.1816,0.1174,73.24,73.24,OK
CEVA,502,2023-12-27,2025-12-26,Sufficient,-0.176,-0.0395,-0.1977,-0.319,-0.1816,0.1174,73.24,73.24,OK
GSHD,502,2023-12-27,2025-12-26,Sufficient,0.0049,-0.2646,-0.376,-0.2788,-0.1819,0.1174,73.22,73.22,OK
JD,502,2023-12-27,2025-12-26,Sufficient,-0.1478,-0.111,-0.3145,-0.1899,-0.1822,0.1174,73.19,73.19,OK
ITRI,502,2023-12-27,2025-12-26,Sufficient,-0.2219,-0.2718,-0.0834,-0.1145,-0.1827,0.1174,73.15,73.15,OK
MSFW,109,2025-07-24,2025-12-26,Short: 109d,-0.1393,-0.212,-0.212,-0.212,-0.1829,0.1174,73.13,73.13,OK
EIC,502,2023-12-27,2025-12-26,Sufficient,-0.1326,-0.1629,-0.2357,-0.2507,-0.1829,0.1174,73.13,73.13,OK
IART,502,2023-12-27,2025-12-26,Sufficient,-0.0439,0.0269,-0.4266,-0.4266,-0.1829,0.1174,73.13,73.13,OK
SCC,502,2023-12-27,2025-12-26,Sufficient,-0.0489,-0.217,-0.3785,-0.2214,-0.1829,0.1174,73.13,73.13,OK
KC,502,2023-12-27,2025-12-26,Sufficient,-0.3139,-0.1471,-0.2945,0.1525,-0.1834,0.1174,73.08,73.08,OK
FISK,502,2023-12-27,2025-12-26,Sufficient,-0.1078,-0.2121,-0.1572,-0.3327,-0.1835,0.1174,73.07,73.07,OK
ETD,502,2023-12-27,2025-12-26,Sufficient,-0.2039,-0.1665,-0.1654,-0.1786,-0.1837,0.1174,73.06,73.06,OK
SIJ,502,2023-12-27,2025-12-26,Sufficient,-0.0648,-0.1359,-0.3285,-0.3269,-0.1842,0.1174,73.01,73.01,OK
WXET,252,2024-12-24,2025-12-26,Sufficient,-0.0616,-0.2052,-0.2736,-0.3241,-0.1852,0.1174,72.92,72.92,OK
COUR,502,2023-12-27,2025-12-26,Sufficient,-0.366,-0.1509,0.0722,-0.1165,-0.1855,0.1174,72.9,72.9,OK
SPOG,28,2025-11-17,2025-12-26,Short: 28d,-0.1858,-0.1858,-0.1858,-0.1858,-0.1858,0.1174,72.87,72.87,OK
UPST,502,2023-12-27,2025-12-26,Sufficient,-0.1723,-0.2516,-0.0332,-0.3019,-0.1863,0.1174,72.83,72.83,OK
PENN,502,2023-12-27,2025-12-26,Sufficient,-0.2374,-0.174,-0.118,-0.1671,-0.1868,0.1174,72.78,72.78,OK
IP,502,2023-12-27,2025-12-26,Sufficient,-0.1198,-0.1579,-0.2694,-0.2679,-0.187,0.1174,72.76,72.76,OK
EML,502,2023-12-27,2025-12-26,Sufficient,-0.1676,-0.1241,-0.2346,-0.2433,-0.1875,0.1174,72.72,72.72,OK
SXC,502,2023-12-27,2025-12-26,Sufficient,-0.122,-0.1198,-0.2365,-0.3376,-0.1876,0.1174,72.71,72.71,OK
KRP,502,2023-12-27,2025-12-26,Sufficient,-0.1651,-0.1669,-0.1874,-0.2539,-0.1877,0.1174,72.7,72.7,OK
WOLF,63,2025-09-29,2025-12-26,Short: 63d,-0.1878,-0.1878,-0.1878,-0.1878,-0.1878,0.1174,72.69,72.69,OK
KFRC,502,2023-12-27,2025-12-26,Sufficient,0.053,-0.2393,-0.3657,-0.4398,-0.1878,0.1174,72.69,72.69,OK
MEI,502,2023-12-27,2025-12-26,Sufficient,-0.1105,-0.2862,0.0015,-0.4338,-0.1879,0.1174,72.68,72.68,OK
CPB,502,2023-12-27,2025-12-26,Sufficient,-0.1225,-0.0857,-0.2888,-0.3204,-0.188,0.1174,72.67,72.67,OK
PALU,190,2025-03-27,2025-12-26,Short: 190d,-0.2332,-0.2665,-0.1047,-0.1047,-0.1885,0.1174,72.63,72.63,OK
COLD,502,2023-12-27,2025-12-26,Sufficient,0.0552,-0.2407,-0.4143,-0.3977,-0.1885,0.1174,72.63,72.63,OK
FBYY,46,2025-10-22,2025-12-26,Short: 46d,-0.1887,-0.1887,-0.1887,-0.1887,-0.1887,0.1174,72.6,72.6,OK
FGBIP,502,2023-12-27,2025-12-26,Sufficient,-0.1737,-0.1667,-0.2013,-0.2336,-0.1898,0.1174,72.51,72.51,OK
NTLA,502,2023-12-27,2025-12-26,Sufficient,-0.4212,-0.0126,0.1238,-0.2198,-0.1902,0.1174,72.47,72.47,OK
ARMH,196,2025-03-19,2025-12-26,Short: 196d,-0.2258,-0.3278,-0.0664,-0.1052,-0.1902,0.1174,72.47,72.47,OK
OS,359,2024-07-24,2025-12-26,Sufficient,-0.0426,-0.3185,-0.1873,-0.3603,-0.1903,0.1174,72.47,72.47,OK
TISI,502,2023-12-27,2025-12-26,Sufficient,-0.2065,-0.2488,-0.1942,-0.0968,-0.1905,0.1174,72.45,72.45,OK
WHTX,185,2025-04-03,2025-12-26,Short: 185d,-0.0671,-0.2162,-0.3024,-0.3024,-0.191,0.1174,72.4,72.4,OK
BOLT,502,2023-12-27,2025-12-26,Sufficient,-0.0166,-0.0499,-0.3943,-0.4785,-0.1912,0.1174,72.39,72.39,OK
CNH,502,2023-12-27,2025-12-26,Sufficient,-0.1324,-0.2755,-0.2596,-0.1571,-0.1914,0.1174,72.37,72.37,OK
CONX,26,2025-11-19,2025-12-26,Short: 26d,-0.1916,-0.1916,-0.1916,-0.1916,-0.1916,0.1174,72.35,72.35,OK
FSK,502,2023-12-27,2025-12-26,Sufficient,-0.029,-0.2863,-0.3016,-0.3136,-0.1919,0.1174,72.32,72.32,OK
DVA,502,2023-12-27,2025-12-26,Sufficient,-0.1286,-0.1955,-0.2526,-0.2551,-0.1921,0.1174,72.31,72.31,OK
SOLM,37,2025-11-04,2025-12-26,Short: 37d,-0.1921,-0.1921,-0.1921,-0.1921,-0.1921,0.1174,72.31,72.31,OK
CORX,265,2024-12-05,2025-12-26,Sufficient,-0.0339,-0.1902,-0.3459,-0.3589,-0.1926,0.1174,72.26,72.26,OK
TSLY,502,2023-12-27,2025-12-26,Sufficient,-0.1567,-0.0499,-0.0831,-0.5162,-0.1926,0.1174,72.26,72.26,OK
ALKT,502,2023-12-27,2025-12-26,Sufficient,-0.0989,-0.2214,-0.1388,-0.4056,-0.1927,0.1174,72.25,72.25,OK
VRSK,502,2023-12-27,2025-12-26,Sufficient,-0.1082,-0.2861,-0.2578,-0.2037,-0.1928,0.1174,72.24,72.24,OK
SDD,502,2023-12-27,2025-12-26,Sufficient,-0.0949,-0.2337,-0.3292,-0.2114,-0.1928,0.1174,72.24,72.24,OK
BNC,502,2023-12-27,2025-12-26,Sufficient,-0.1405,-0.3194,-0.1866,-0.1782,-0.193,0.1174,72.22,72.22,OK
SAFE,502,2023-12-27,2025-12-26,Sufficient,-0.1388,-0.1415,-0.259,-0.2879,-0.1932,0.1174,72.21,72.21,OK
LOVE,502,2023-12-27,2025-12-26,Sufficient,-0.1184,-0.1873,-0.1817,-0.3606,-0.1933,0.1174,72.2,72.2,OK
NOW,502,2023-12-27,2025-12-26,Sufficient,-0.1779,-0.2474,-0.0704,-0.293,-0.1933,0.1174,72.19,72.19,OK
DUOG,11,2025-12-11,2025-12-26,Short: 11d,-0.1937,-0.1937,-0.1937,-0.1937,-0.1937,0.1174,72.16,72.16,OK
IWMY,502,2023-12-27,2025-12-26,Sufficient,-0.1178,-0.1622,-0.2341,-0.3374,-0.1938,0.1174,72.15,72.15,OK
AIN,502,2023-12-27,2025-12-26,Sufficient,-0.037,-0.2579,-0.2834,-0.3544,-0.1939,0.1174,72.14,72.14,OK
TPL,502,2023-12-27,2025-12-26,Sufficient,-0.0961,-0.1827,-0.3523,-0.243,-0.194,0.1174,72.13,72.13,OK
CD,502,2023-12-27,2025-12-26,Sufficient,-0.6861,0.4604,-0.0419,-0.0172,-0.1942,0.1174,72.12,72.12,OK
PXLW,502,2023-12-27,2025-12-26,Sufficient,-0.2934,-0.0145,-0.18,-0.1917,-0.1946,0.1174,72.08,72.08,OK
ENOV,502,2023-12-27,2025-12-26,Sufficient,-0.0867,-0.1381,-0.2955,-0.3661,-0.1946,0.1174,72.08,72.08,OK
NOMD,502,2023-12-27,2025-12-26,Sufficient,-0.0438,-0.2698,-0.3683,-0.2509,-0.1953,0.1174,72.02,72.02,OK
RH,502,2023-12-27,2025-12-26,Sufficient,-0.0832,-0.0271,-0.2373,-0.5452,-0.1952,0.1174,72.02,72.02,OK
AVTR,502,2023-12-27,2025-12-26,Sufficient,-0.0346,-0.1552,-0.2931,-0.4624,-0.196,0.1174,71.96,71.96,OK
KRNT,502,2023-12-27,2025-12-26,Sufficient,0.0577,-0.2704,-0.2787,-0.5465,-0.1961,0.1174,71.95,71.95,OK
KBR,502,2023-12-27,2025-12-26,Sufficient,-0.1506,-0.1656,-0.2141,-0.2994,-0.1961,0.1174,71.95,71.95,OK
XRPC,30,2025-11-13,2025-12-26,Short: 30d,-0.1961,-0.1961,-0.1961,-0.1961,-0.1961,0.1174,71.95,71.95,OK
CAG,502,2023-12-27,2025-12-26,Sufficient,-0.0517,-0.1549,-0.3485,-0.3738,-0.1961,0.1174,71.95,71.95,OK
RMAX,502,2023-12-27,2025-12-26,Sufficient,-0.2169,-0.1046,-0.1419,-0.3009,-0.1962,0.1174,71.94,71.94,OK
GLOO,27,2025-11-18,2025-12-26,Short: 27d,-0.1963,-0.1963,-0.1963,-0.1963,-0.1963,0.1174,71.93,71.93,OK
FIZZ,502,2023-12-27,2025-12-26,Sufficient,-0.1286,-0.2376,-0.2189,-0.2714,-0.197,0.1174,71.86,71.86,OK
BAH,502,2023-12-27,2025-12-26,Sufficient,-0.1382,-0.1698,-0.1934,-0.3487,-0.1977,0.1174,71.81,71.81,OK
BSY,502,2023-12-27,2025-12-26,Sufficient,-0.255,-0.2591,-0.0337,-0.186,-0.1978,0.1174,71.8,71.8,OK
BHFAO,502,2023-12-27,2025-12-26,Sufficient,-0.0871,-0.2124,-0.2678,-0.3346,-0.1978,0.1174,71.79,71.79,OK
WHR,502,2023-12-27,2025-12-26,Sufficient,-0.0694,-0.2502,-0.2246,-0.3769,-0.1981,0.1174,71.77,71.77,OK
KEQU,502,2023-12-27,2025-12-26,Sufficient,-0.1312,-0.3295,-0.1059,-0.2924,-0.198,0.1174,71.77,71.77,OK
RXST,502,2023-12-27,2025-12-26,Sufficient,0.2104,-0.1373,-0.5902,-0.684,-0.1981,0.1174,71.76,71.76,OK
BBYY,46,2025-10-22,2025-12-26,Short: 46d,-0.1984,-0.1984,-0.1984,-0.1984,-0.1984,0.1174,71.74,71.74,OK
RFIX,262,2024-12-10,2025-12-26,Sufficient,-0.1171,-0.2055,-0.2519,-0.3018,-0.1987,0.1174,71.72,71.72,OK
BPI,186,2025-04-02,2025-12-26,Short: 186d,-0.2309,-0.2469,-0.1429,-0.1429,-0.1989,0.1174,71.69,71.69,OK
PAYO,502,2023-12-27,2025-12-26,Sufficient,-0.0979,-0.1388,-0.2315,-0.4284,-0.1989,0.1174,71.69,71.69,OK
NL,502,2023-12-27,2025-12-26,Sufficient,-0.1064,-0.1469,-0.3217,-0.3132,-0.1989,0.1174,71.69,71.69,OK
AEYE,502,2023-12-27,2025-12-26,Sufficient,-0.2477,-0.0704,-0.0737,-0.356,-0.1991,0.1174,71.68,71.68,OK
ALOT,502,2023-12-27,2025-12-26,Sufficient,-0.1953,-0.1183,-0.1173,-0.3692,-0.1991,0.1174,71.68,71.68,OK
UDMY,502,2023-12-27,2025-12-26,Sufficient,-0.1548,-0.1536,-0.2805,-0.2535,-0.1995,0.1174,71.65,71.65,OK
ENVX,502,2023-12-27,2025-12-26,Sufficient,-0.2438,-0.2285,-0.0474,-0.2378,-0.2003,0.1174,71.57,71.57,OK
HOII,37,2025-11-04,2025-12-26,Short: 37d,-0.2007,-0.2007,-0.2007,-0.2007,-0.2007,0.1174,71.54,71.54,OK
BCYC,502,2023-12-27,2025-12-26,Sufficient,-0.0784,-0.058,-0.2579,-0.5309,-0.2007,0.1174,71.53,71.53,OK
CNK,502,2023-12-27,2025-12-26,Sufficient,-0.2007,-0.2405,-0.1119,-0.2502,-0.2008,0.1174,71.52,71.52,OK
VAC,502,2023-12-27,2025-12-26,Sufficient,-0.1618,-0.207,-0.1227,-0.3519,-0.201,0.1174,71.51,71.51,OK
CERT,502,2023-12-27,2025-12-26,Sufficient,-0.2466,-0.2188,-0.1215,-0.1723,-0.2012,0.1174,71.49,71.49,OK
NVCR,502,2023-12-27,2025-12-26,Sufficient,0.0458,-0.2511,-0.2894,-0.5579,-0.2014,0.1174,71.47,71.47,OK
AXR,502,2023-12-27,2025-12-26,Sufficient,-0.2375,-0.0968,-0.0733,-0.367,-0.2024,0.1174,71.38,71.38,OK
NVO,502,2023-12-27,2025-12-26,Sufficient,-0.0577,-0.2351,-0.2531,-0.4093,-0.2026,0.1174,71.36,71.36,OK
VTS,502,2023-12-27,2025-12-26,Sufficient,-0.2099,-0.1512,-0.2274,-0.2163,-0.2029,0.1174,71.33,71.33,OK
NVTX,77,2025-09-09,2025-12-26,Short: 77d,-0.2797,-0.1532,-0.1532,-0.1532,-0.2038,0.1174,71.26,71.26,OK
PINS,502,2023-12-27,2025-12-26,Sufficient,-0.222,-0.2729,-0.1892,-0.113,-0.2038,0.1174,71.25,71.25,OK
UTZ,502,2023-12-27,2025-12-26,Sufficient,-0.137,-0.1598,-0.2592,-0.3269,-0.204,0.1174,71.24,71.24,OK
GDOG,23,2025-11-24,2025-12-26,Short: 23d,-0.2041,-0.2041,-0.2041,-0.2041,-0.2041,0.1174,71.23,71.23,OK
NAGE,502,2023-12-27,2025-12-26,Sufficient,-0.3197,-0.5331,-0.1015,0.2528,-0.2042,0.1174,71.22,71.22,OK
AGIO,502,2023-12-27,2025-12-26,Sufficient,-0.2802,-0.1628,-0.0914,-0.2074,-0.2044,0.1174,71.2,71.2,OK
JBI,502,2023-12-27,2025-12-26,Sufficient,-0.3244,-0.1714,-0.0973,-0.1069,-0.2049,0.1174,71.16,71.16,OK
RUM,502,2023-12-27,2025-12-26,Sufficient,-0.0658,-0.2742,-0.1338,-0.4881,-0.2055,0.1174,71.1,71.1,OK
ADBG,194,2025-03-21,2025-12-26,Short: 194d,-0.0833,-0.2444,-0.3241,-0.2934,-0.2057,0.1174,71.09,71.09,OK
PTRN,69,2025-09-19,2025-12-26,Short: 69d,-0.1519,-0.2425,-0.2425,-0.2425,-0.2062,0.1174,71.04,71.04,OK
BHFAP,502,2023-12-27,2025-12-26,Sufficient,-0.1082,-0.2168,-0.2754,-0.3264,-0.207,0.1174,70.97,70.97,OK
CIVI,502,2023-12-27,2025-12-26,Sufficient,-0.1919,-0.0393,-0.2345,-0.3775,-0.207,0.1174,70.97,70.97,OK
HSTM,502,2023-12-27,2025-12-26,Sufficient,-0.1898,-0.143,-0.2643,-0.2488,-0.2071,0.1174,70.96,70.96,OK
ERIE,502,2023-12-27,2025-12-26,Sufficient,-0.1063,-0.1705,-0.3269,-0.3282,-0.2076,0.1174,70.91,70.91,OK
SCVL,502,2023-12-27,2025-12-26,Sufficient,-0.1592,-0.0618,-0.1847,-0.4742,-0.2078,0.1174,70.9,70.9,OK
SDS,502,2023-12-27,2025-12-26,Sufficient,-0.0874,-0.2057,-0.3605,-0.2991,-0.208,0.1174,70.88,70.88,OK
SHAK,502,2023-12-27,2025-12-26,Sufficient,-0.0935,-0.3951,-0.1053,-0.3532,-0.2081,0.1174,70.87,70.87,OK
TRI,502,2023-12-27,2025-12-26,Sufficient,-0.1516,-0.327,-0.2286,-0.1835,-0.2085,0.1174,70.84,70.84,OK
TQQY,211,2025-02-26,2025-12-26,Short: 211d,-0.1379,-0.1447,-0.2691,-0.3527,-0.2085,0.1174,70.84,70.84,OK
PLYY,67,2025-09-23,2025-12-26,Short: 67d,-0.2001,-0.215,-0.215,-0.215,-0.2091,0.1174,70.79,70.79,OK
OLED,502,2023-12-27,2025-12-26,Sufficient,-0.2,-0.2347,-0.2013,-0.2102,-0.2092,0.1174,70.77,70.77,OK
CRGY,502,2023-12-27,2025-12-26,Sufficient,-0.1556,-0.0782,-0.268,-0.3893,-0.2093,0.1174,70.76,70.76,OK
WRD,293,2024-10-25,2025-12-26,Sufficient,-0.1452,0.0847,-0.4329,-0.4095,-0.2096,0.1174,70.73,70.73,OK
MOS,502,2023-12-27,2025-12-26,Sufficient,-0.3117,-0.3117,-0.1154,0.0012,-0.2099,0.1174,70.72,70.72,OK
NTSK,70,2025-09-18,2025-12-26,Short: 70d,-0.2452,-0.1867,-0.1867,-0.1867,-0.2101,0.1174,70.69,70.69,OK
WEAV,502,2023-12-27,2025-12-26,Sufficient,0.0056,-0.13,-0.3752,-0.5578,-0.2103,0.1174,70.67,70.67,OK
CPRT,502,2023-12-27,2025-12-26,Sufficient,-0.1241,-0.1843,-0.2937,-0.3266,-0.2106,0.1174,70.65,70.65,OK
JJSF,502,2023-12-27,2025-12-26,Sufficient,-0.0601,-0.1954,-0.3124,-0.428,-0.2112,0.1174,70.59,70.59,OK
ESRT,502,2023-12-27,2025-12-26,Sufficient,-0.1556,-0.2015,-0.1874,-0.3585,-0.2117,0.1174,70.55,70.55,OK
DVDN,502,2023-12-27,2025-12-26,Sufficient,-0.1311,-0.1728,-0.3094,-0.3142,-0.2117,0.1174,70.55,70.55,OK
ANTA,158,2025-05-13,2025-12-26,Short: 158d,-0.2037,-0.1364,-0.2578,-0.2578,-0.2119,0.1174,70.53,70.53,OK
S,502,2023-12-27,2025-12-26,Sufficient,-0.173,-0.1591,-0.2243,-0.3308,-0.212,0.1174,70.52,70.52,OK
ARQQ,502,2023-12-27,2025-12-26,Sufficient,-0.3742,-0.4135,0.3642,-0.2625,-0.212,0.1174,70.52,70.52,OK
WSO,502,2023-12-27,2025-12-26,Sufficient,-0.1254,-0.2025,-0.3228,-0.2866,-0.2126,0.1174,70.47,70.47,OK
MORN,502,2023-12-27,2025-12-26,Sufficient,-0.0674,-0.3002,-0.2747,-0.3537,-0.2127,0.1174,70.46,70.46,OK
RNW,502,2023-12-27,2025-12-26,Sufficient,-0.2857,-0.1924,-0.0969,-0.2052,-0.2132,0.1174,70.42,70.42,OK
ZBRA,502,2023-12-27,2025-12-26,Sufficient,-0.1785,-0.2037,-0.1363,-0.3696,-0.2133,0.1174,70.41,70.41,OK
AOUT,502,2023-12-27,2025-12-26,Sufficient,-0.0361,-0.2031,-0.346,-0.4458,-0.2134,0.1174,70.4,70.4,OK
RGYY,22,2025-11-25,2025-12-26,Short: 22d,-0.2136,-0.2136,-0.2136,-0.2136,-0.2136,0.1174,70.38,70.38,OK
NETX,56,2025-10-08,2025-12-26,Short: 56d,-0.2137,-0.2137,-0.2137,-0.2137,-0.2137,0.1174,70.37,70.37,OK
CMG,502,2023-12-27,2025-12-26,Sufficient,-0.0566,-0.3132,-0.2575,-0.386,-0.214,0.1174,70.35,70.35,OK
KMB,502,2023-12-27,2025-12-26,Sufficient,-0.1737,-0.2103,-0.2814,-0.2316,-0.2141,0.1174,70.33,70.33,OK
JILL,502,2023-12-27,2025-12-26,Sufficient,-0.1652,-0.0322,-0.2586,-0.4499,-0.2142,0.1174,70.32,70.32,OK
ZVOL,502,2023-12-27,2025-12-26,Sufficient,-0.0851,-0.1375,-0.3362,-0.4282,-0.2144,0.1174,70.31,70.31,OK
AZ,502,2023-12-27,2025-12-26,Sufficient,-0.2176,-0.3945,-0.1375,-0.1049,-0.2144,0.1174,70.31,70.31,OK
OPRA,502,2023-12-27,2025-12-26,Sufficient,-0.229,-0.2144,-0.1656,-0.2343,-0.2145,0.1174,70.3,70.3,OK
LYFX,56,2025-10-08,2025-12-26,Short: 56d,-0.2149,-0.2149,-0.2149,-0.2149,-0.2149,0.1174,70.27,70.27,OK
FDS,502,2023-12-27,2025-12-26,Sufficient,0.0084,-0.3382,-0.3497,-0.403,-0.2148,0.1174,70.27,70.27,OK
DMLP,502,2023-12-27,2025-12-26,Sufficient,-0.1535,-0.1871,-0.2668,-0.3137,-0.2149,0.1174,70.26,70.26,OK
MSST,27,2025-11-18,2025-12-26,Short: 27d,-0.2154,-0.2154,-0.2154,-0.2154,-0.2154,0.1174,70.22,70.22,OK
TNET,502,2023-12-27,2025-12-26,Sufficient,-0.1321,-0.1929,-0.275,-0.3459,-0.2156,0.1174,70.2,70.2,OK
BABW,45,2025-10-23,2025-12-26,Short: 45d,-0.2156,-0.2156,-0.2156,-0.2156,-0.2156,0.1174,70.2,70.2,OK
FIVY,257,2024-12-17,2025-12-26,Sufficient,-0.1828,-0.2087,-0.1679,-0.3435,-0.2171,0.1174,70.06,70.06,OK
XRAY,502,2023-12-27,2025-12-26,Sufficient,-0.0784,-0.2768,-0.2634,-0.3921,-0.2178,0.1174,70.0,70.0,OK
APOG,502,2023-12-27,2025-12-26,Sufficient,-0.1626,-0.096,-0.2015,-0.467,-0.2179,0.1174,69.99,69.99,OK
LTCC,42,2025-10-28,2025-12-26,Short: 42d,-0.2182,-0.2182,-0.2182,-0.2182,-0.2182,0.1174,69.97,69.97,OK
CHH,502,2023-12-27,2025-12-26,Sufficient,-0.1233,-0.25,-0.2814,-0.3133,-0.2183,0.1174,69.96,69.96,OK
GLOB,502,2023-12-27,2025-12-26,Sufficient,0.1632,-0.2595,-0.4661,-0.6926,-0.2184,0.1174,69.95,69.95,OK
ANEL,80,2025-09-04,2025-12-26,Short: 80d,-0.214,-0.2213,-0.2213,-0.2213,-0.2184,0.1174,69.95,69.95,OK
PD,502,2023-12-27,2025-12-26,Sufficient,-0.1841,-0.1359,-0.3081,-0.2844,-0.2193,0.1174,69.87,69.87,OK
JAKK,502,2023-12-27,2025-12-26,Sufficient,-0.096,-0.1824,-0.3418,-0.381,-0.2194,0.1174,69.86,69.86,OK
BRO,502,2023-12-27,2025-12-26,Sufficient,-0.1386,-0.2628,-0.3427,-0.2142,-0.2194,0.1174,69.86,69.86,OK
NVOH,244,2025-01-07,2025-12-26,Short: 244d,-0.0695,-0.2305,-0.2982,-0.4299,-0.2195,0.1174,69.85,69.85,OK
BXC,502,2023-12-27,2025-12-26,Sufficient,-0.1556,-0.1577,-0.2224,-0.4083,-0.2199,0.1174,69.81,69.81,OK
LEGH,502,2023-12-27,2025-12-26,Sufficient,-0.2752,-0.1188,-0.2325,-0.2002,-0.2204,0.1174,69.78,69.78,OK
EEFT,502,2023-12-27,2025-12-26,Sufficient,-0.1441,-0.2482,-0.3044,-0.2621,-0.2206,0.1174,69.76,69.76,OK
BTDR,502,2023-12-27,2025-12-26,Sufficient,-0.3391,-0.0316,0.0827,-0.4766,-0.2207,0.1174,69.74,69.74,OK
UCO,502,2023-12-27,2025-12-26,Sufficient,-0.2081,-0.1468,-0.276,-0.2671,-0.2212,0.1174,69.7,69.7,OK
HDL,404,2024-05-17,2025-12-26,Sufficient,-0.1083,-0.1466,-0.3137,-0.4315,-0.2217,0.1174,69.66,69.66,OK
ZBAI,502,2023-12-27,2025-12-26,Sufficient,-0.18,0.3695,-0.5839,-0.5351,-0.2219,0.1174,69.64,69.64,OK
YANG,502,2023-12-27,2025-12-26,Sufficient,0.0505,-0.216,-0.3511,-0.6479,-0.2228,0.1174,69.56,69.56,OK
NSYS,502,2023-12-27,2025-12-26,Sufficient,-0.2011,-0.1347,-0.2595,-0.3176,-0.2228,0.1174,69.56,69.56,OK
CAVA,502,2023-12-27,2025-12-26,Sufficient,-0.0393,-0.2278,-0.3195,-0.4896,-0.2231,0.1174,69.53,69.53,OK
ECC,502,2023-12-27,2025-12-26,Sufficient,-0.1196,-0.2417,-0.287,-0.3485,-0.2233,0.1174,69.51,69.51,OK
ASIX,502,2023-12-27,2025-12-26,Sufficient,-0.1069,-0.2803,-0.2463,-0.3759,-0.2233,0.1174,69.51,69.51,OK
NAVN,40,2025-10-30,2025-12-26,Short: 40d,-0.2235,-0.2235,-0.2235,-0.2235,-0.2235,0.1174,69.49,69.49,OK
VRM,215,2025-02-20,2025-12-26,Short: 215d,-0.2086,-0.2108,-0.2215,-0.2742,-0.2247,0.1174,69.38,69.38,OK
WSC,502,2023-12-27,2025-12-26,Sufficient,-0.0399,-0.3044,-0.3265,-0.4167,-0.2255,0.1174,69.32,69.32,OK
ELVN,502,2023-12-27,2025-12-26,Sufficient,-0.1854,-0.2118,-0.2422,-0.3043,-0.2258,0.1174,69.29,69.29,OK
MNR,502,2023-12-27,2025-12-26,Sufficient,-0.1623,-0.2289,-0.2731,-0.304,-0.2261,0.1174,69.26,69.26,OK
EWV,502,2023-12-27,2025-12-26,Sufficient,-0.0893,-0.2078,-0.3373,-0.4078,-0.2263,0.1174,69.24,69.24,OK
OSPN,502,2023-12-27,2025-12-26,Sufficient,-0.2074,-0.2314,-0.1879,-0.2982,-0.2265,0.1174,69.23,69.23,OK
MED,502,2023-12-27,2025-12-26,Sufficient,-0.1947,-0.1864,-0.212,-0.3448,-0.2265,0.1174,69.22,69.22,OK
FAZ,502,2023-12-27,2025-12-26,Sufficient,-0.0956,-0.1878,-0.3364,-0.4195,-0.227,0.1174,69.18,69.18,OK
BTCI,299,2024-10-17,2025-12-26,Sufficient,-0.2264,-0.2552,-0.162,-0.2683,-0.2276,0.1174,69.12,69.12,OK
SMTI,502,2023-12-27,2025-12-26,Sufficient,-0.2396,-0.1475,-0.2242,-0.2899,-0.2282,0.1174,69.08,69.08,OK
PTON,502,2023-12-27,2025-12-26,Sufficient,-0.2925,-0.1088,-0.1049,-0.3463,-0.229,0.1174,69.0,69.0,OK
XPER,502,2023-12-27,2025-12-26,Sufficient,-0.1015,-0.2475,-0.2777,-0.4192,-0.2295,0.1174,68.96,68.96,OK
OC,502,2023-12-27,2025-12-26,Sufficient,-0.2053,-0.1759,-0.227,-0.3345,-0.2296,0.1174,68.95,68.95,OK
SEVN,502,2023-12-27,2025-12-26,Sufficient,-0.1452,-0.251,-0.3048,-0.3042,-0.2301,0.1174,68.91,68.91,OK
PYPG,184,2025-04-04,2025-12-26,Short: 184d,-0.2517,-0.4115,-0.1182,-0.1182,-0.2303,0.1174,68.89,68.89,OK
BRBI,69,2025-09-19,2025-12-26,Short: 69d,0.0429,-0.4125,-0.4125,-0.4125,-0.2303,0.1174,68.88,68.88,OK
KTUP,72,2025-09-16,2025-12-26,Short: 72d,-0.3338,-0.1616,-0.1616,-0.1616,-0.2305,0.1174,68.87,68.87,OK
SPOK,502,2023-12-27,2025-12-26,Sufficient,-0.2565,-0.2547,-0.2117,-0.1735,-0.2306,0.1174,68.86,68.86,OK
ESBA,502,2023-12-27,2025-12-26,Sufficient,-0.1683,-0.2433,-0.2015,-0.3725,-0.2308,0.1174,68.84,68.84,OK
NRGU,215,2025-02-20,2025-12-26,Short: 215d,-0.258,0.0223,-0.3085,-0.3538,-0.2312,0.1174,68.81,68.81,OK
AMN,502,2023-12-27,2025-12-26,Sufficient,-0.1468,-0.2289,-0.3272,-0.3063,-0.2312,0.1174,68.8,68.8,OK
TESL,502,2023-12-27,2025-12-26,Sufficient,-0.3684,-0.2415,0.0949,-0.275,-0.2317,0.1174,68.76,68.76,OK
LACG,11,2025-12-11,2025-12-26,Short: 11d,-0.2317,-0.2317,-0.2317,-0.2317,-0.2317,0.1174,68.76,68.76,OK
CBIO,502,2023-12-27,2025-12-26,Sufficient,-0.0064,-0.2233,-0.4854,-0.4386,-0.232,0.1174,68.73,68.73,OK
HOG,502,2023-12-27,2025-12-26,Sufficient,-0.2713,-0.1109,-0.1904,-0.316,-0.232,0.1174,68.73,68.73,OK
GRND,502,2023-12-27,2025-12-26,Sufficient,-0.1419,-0.3921,-0.2464,-0.2387,-0.2322,0.1174,68.72,68.72,OK
OWL,502,2023-12-27,2025-12-26,Sufficient,-0.1537,-0.2272,-0.2632,-0.3645,-0.2325,0.1174,68.69,68.69,OK
FND,502,2023-12-27,2025-12-26,Sufficient,-0.1813,-0.1679,-0.249,-0.3853,-0.233,0.1174,68.65,68.65,OK
ODD,502,2023-12-27,2025-12-26,Sufficient,-0.3127,-0.4408,-0.0388,-0.0597,-0.2329,0.1174,68.65,68.65,OK
BDSX,502,2023-12-27,2025-12-26,Sufficient,-0.12,0.364,-0.5217,-0.768,-0.2332,0.1174,68.63,68.63,OK
ENR,502,2023-12-27,2025-12-26,Sufficient,-0.2158,0.0035,-0.318,-0.4194,-0.2331,0.1174,68.63,68.63,OK
WNC,502,2023-12-27,2025-12-26,Sufficient,-0.132,-0.1747,-0.2557,-0.4727,-0.2334,0.1174,68.61,68.61,OK
EFU,502,2023-12-27,2025-12-26,Sufficient,-0.1111,-0.1713,-0.3284,-0.4453,-0.2334,0.1174,68.6,68.6,OK
ESOA,502,2023-12-27,2025-12-26,Sufficient,-0.2141,-0.1528,-0.159,-0.4298,-0.2339,0.1174,68.56,68.56,OK
NAIL,502,2023-12-27,2025-12-26,Sufficient,-0.2797,-0.0089,-0.2042,-0.3989,-0.2343,0.1174,68.53,68.53,OK
CNMD,502,2023-12-27,2025-12-26,Sufficient,-0.113,-0.2179,-0.3183,-0.4102,-0.2345,0.1174,68.51,68.51,OK
UBEW,45,2025-10-23,2025-12-26,Short: 45d,-0.2346,-0.2346,-0.2346,-0.2346,-0.2346,0.1174,68.5,68.5,OK
ANGI,502,2023-12-27,2025-12-26,Sufficient,-0.2437,-0.1967,-0.2575,-0.2327,-0.2349,0.1174,68.48,68.48,OK
RXD,502,2023-12-27,2025-12-26,Sufficient,-0.2503,-0.2711,-0.1671,-0.2382,-0.2354,0.1174,68.43,68.43,OK
DASX,45,2025-10-23,2025-12-26,Short: 45d,-0.2354,-0.2354,-0.2354,-0.2354,-0.2354,0.1174,68.42,68.42,OK
GDDY,502,2023-12-27,2025-12-26,Sufficient,-0.1013,-0.2943,-0.3048,-0.3797,-0.2363,0.1174,68.35,68.35,OK
GTLB,502,2023-12-27,2025-12-26,Sufficient,-0.2029,-0.1617,-0.2459,-0.3694,-0.2366,0.1174,68.33,68.33,OK
GOOD,502,2023-12-27,2025-12-26,Sufficient,-0.1446,-0.2621,-0.2923,-0.339,-0.2365,0.1174,68.33,68.33,OK
POWI,502,2023-12-27,2025-12-26,Sufficient,-0.068,-0.3309,-0.3162,-0.4023,-0.2371,0.1174,68.28,68.28,OK
SMCI,502,2023-12-27,2025-12-26,Sufficient,-0.3313,-0.356,-0.1175,-0.0543,-0.2381,0.1174,68.19,68.19,OK
TWM,502,2023-12-27,2025-12-26,Sufficient,-0.0974,-0.2912,-0.4003,-0.3052,-0.2383,0.1174,68.17,68.17,OK
NVYY,158,2025-05-13,2025-12-26,Short: 158d,-0.1933,-0.2874,-0.2591,-0.2591,-0.2384,0.1174,68.16,68.16,OK
RIOX,246,2025-01-03,2025-12-26,Short: 246d,-0.562,-0.01,0.4696,-0.5286,-0.2386,0.1174,68.14,68.14,OK
SLNO,502,2023-12-27,2025-12-26,Sufficient,-0.2665,-0.4276,-0.2929,0.0602,-0.2387,0.1174,68.14,68.14,OK
ARBB,502,2023-12-27,2025-12-26,Sufficient,-0.3039,-0.1438,-0.443,0.0009,-0.2388,0.1174,68.13,68.13,OK
BABO,348,2024-08-08,2025-12-26,Sufficient,-0.2645,-0.1123,-0.3294,-0.2237,-0.2389,0.1174,68.12,68.12,OK
INBK,502,2023-12-27,2025-12-26,Sufficient,-0.1345,-0.2496,-0.2356,-0.4453,-0.2399,0.1174,68.03,68.03,OK
OGCP,502,2023-12-27,2025-12-26,Sufficient,-0.1734,-0.2971,-0.2013,-0.3574,-0.2405,0.1174,67.97,67.97,OK
VENU,270,2024-11-27,2025-12-26,Sufficient,-0.3587,-0.2783,-0.0684,-0.14,-0.2408,0.1174,67.94,67.94,OK
RELY,502,2023-12-27,2025-12-26,Sufficient,-0.1323,-0.2475,-0.3285,-0.3656,-0.2412,0.1174,67.91,67.91,OK
KJD,51,2025-10-15,2025-12-26,Short: 51d,-0.2414,-0.2414,-0.2414,-0.2414,-0.2414,0.1174,67.89,67.89,OK
SNOY,388,2024-06-11,2025-12-26,Sufficient,-0.1763,-0.2752,-0.2384,-0.342,-0.2416,0.1174,67.87,67.87,OK
BITC,502,2023-12-27,2025-12-26,Sufficient,-0.1961,-0.1965,-0.1701,-0.4599,-0.2438,0.1174,67.68,67.68,OK
ACFN,502,2023-12-27,2025-12-26,Sufficient,-0.4676,-0.1059,-0.05,-0.1314,-0.2445,0.1174,67.61,67.61,OK
SMDD,502,2023-12-27,2025-12-26,Sufficient,-0.1099,-0.2473,-0.4268,-0.3342,-0.2456,0.1174,67.52,67.52,OK
TCPC,502,2023-12-27,2025-12-26,Sufficient,-0.1282,-0.288,-0.3208,-0.363,-0.2456,0.1174,67.51,67.51,OK
LINE,358,2024-07-25,2025-12-26,Sufficient,-0.0936,-0.2137,-0.421,-0.4078,-0.2459,0.1174,67.49,67.49,OK
NVDD,502,2023-12-27,2025-12-26,Sufficient,-0.0849,-0.1948,-0.4723,-0.3958,-0.2465,0.1174,67.43,67.43,OK
BCCC,143,2025-06-04,2025-12-26,Short: 143d,-0.2272,-0.2633,-0.258,-0.258,-0.2467,0.1174,67.41,67.41,OK
SLG,502,2023-12-27,2025-12-26,Sufficient,-0.2254,-0.2552,-0.2116,-0.319,-0.2473,0.1174,67.36,67.36,OK
HY,502,2023-12-27,2025-12-26,Sufficient,-0.1653,-0.2277,-0.3027,-0.3807,-0.2484,0.1174,67.27,67.27,OK
LW,502,2023-12-27,2025-12-26,Sufficient,-0.2367,-0.2107,-0.218,-0.3404,-0.2485,0.1174,67.26,67.26,OK
SMWB,502,2023-12-27,2025-12-26,Sufficient,-0.2516,-0.0605,-0.1688,-0.513,-0.2491,0.1174,67.2,67.2,OK
PDCC,363,2024-07-18,2025-12-26,Sufficient,-0.1928,-0.2468,-0.2816,-0.3333,-0.2495,0.1174,67.17,67.17,OK
EPV,502,2023-12-27,2025-12-26,Sufficient,-0.1327,-0.1718,-0.3374,-0.4744,-0.2498,0.1174,67.14,67.14,OK
SKRE,497,2024-01-04,2025-12-26,Sufficient,-0.1168,-0.268,-0.381,-0.3665,-0.2498,0.1174,67.14,67.14,OK
BITY,166,2025-05-01,2025-12-26,Short: 166d,-0.2701,-0.277,-0.2163,-0.2163,-0.25,0.1174,67.12,67.12,OK
ESK,65,2025-09-25,2025-12-26,Short: 65d,-0.2623,-0.2426,-0.2426,-0.2426,-0.2505,0.1174,67.08,67.08,OK
DRIO,502,2023-12-27,2025-12-26,Sufficient,-0.2434,-0.2507,-0.2348,-0.2808,-0.2506,0.1174,67.07,67.07,OK
JG,502,2023-12-27,2025-12-26,Sufficient,-0.2216,-0.4497,-0.395,0.0273,-0.2522,0.1174,66.93,66.93,OK
FBY,502,2023-12-27,2025-12-26,Sufficient,-0.2043,-0.255,-0.2519,-0.3465,-0.2524,0.1174,66.91,66.91,OK
NCEW,256,2024-12-18,2025-12-26,Sufficient,0.155,-0.287,-0.603,-0.6824,-0.2525,0.1174,66.9,66.9,OK
ELF,502,2023-12-27,2025-12-26,Sufficient,-0.3803,-0.3634,0.2342,-0.3763,-0.2532,0.1174,66.83,66.83,OK
VIRC,502,2023-12-27,2025-12-26,Sufficient,-0.1756,-0.1912,-0.3344,-0.3917,-0.2537,0.1174,66.79,66.79,OK
ORCX,223,2025-02-07,2025-12-26,Short: 223d,-0.5611,-0.3145,0.2995,-0.1347,-0.2544,0.1174,66.73,66.73,OK
QID,502,2023-12-27,2025-12-26,Sufficient,-0.1049,-0.2372,-0.4587,-0.3732,-0.2558,0.1174,66.61,66.61,OK
USE,502,2023-12-27,2025-12-26,Sufficient,-0.2554,-0.1601,-0.2051,-0.4079,-0.2568,0.1174,66.52,66.52,OK
IPAR,502,2023-12-27,2025-12-26,Sufficient,-0.1539,-0.3507,-0.295,-0.3342,-0.2575,0.1174,66.45,66.45,OK
RXO,502,2023-12-27,2025-12-26,Sufficient,-0.1493,-0.194,-0.3432,-0.4582,-0.2588,0.1174,66.34,66.34,OK
YMAX,489,2024-01-17,2025-12-26,Sufficient,-0.1881,-0.2449,-0.2617,-0.4145,-0.2595,0.1174,66.28,66.28,OK
NFLP,502,2023-12-27,2025-12-26,Sufficient,-0.2554,-0.3435,-0.2091,-0.2354,-0.2598,0.1174,66.25,66.25,OK
LMNR,502,2023-12-27,2025-12-26,Sufficient,-0.151,-0.1917,-0.2834,-0.5222,-0.2598,0.1174,66.24,66.24,OK
POOL,502,2023-12-27,2025-12-26,Sufficient,-0.2399,-0.2059,-0.2828,-0.3316,-0.26,0.1174,66.23,66.23,OK
QQDN,137,2025-06-12,2025-12-26,Short: 137d,-0.1056,-0.3288,-0.3817,-0.3817,-0.2607,0.1174,66.17,66.17,OK
IRDM,502,2023-12-27,2025-12-26,Sufficient,-0.0249,-0.4271,-0.4162,-0.411,-0.2608,0.1174,66.15,66.15,OK
JOBX,77,2025-09-09,2025-12-26,Short: 77d,-0.3824,-0.1805,-0.1805,-0.1805,-0.2613,0.1174,66.11,66.11,OK
EEV,502,2023-12-27,2025-12-26,Sufficient,-0.1112,-0.2544,-0.3893,-0.4405,-0.2613,0.1174,66.11,66.11,OK
OMDA,141,2025-06-06,2025-12-26,Short: 141d,-0.2998,-0.0943,-0.3065,-0.3065,-0.2614,0.1174,66.1,66.1,OK
FOUR,502,2023-12-27,2025-12-26,Sufficient,-0.1756,-0.3359,-0.2457,-0.3749,-0.2615,0.1174,66.09,66.09,OK
CLX,502,2023-12-27,2025-12-26,Sufficient,-0.2079,-0.173,-0.3234,-0.3959,-0.2616,0.1174,66.08,66.08,OK
EH,502,2023-12-27,2025-12-26,Sufficient,-0.275,-0.229,-0.4096,-0.1249,-0.2627,0.1174,65.98,65.98,OK
ARKR,502,2023-12-27,2025-12-26,Sufficient,-0.1274,-0.2977,-0.348,-0.4145,-0.263,0.1174,65.96,65.96,OK
CVLT,502,2023-12-27,2025-12-26,Sufficient,-0.3253,-0.2635,-0.2231,-0.1783,-0.2631,0.1174,65.95,65.95,OK
CRCL,142,2025-06-05,2025-12-26,Short: 142d,-0.36,-0.5496,-0.0235,-0.0235,-0.2633,0.1174,65.93,65.93,OK
UG,502,2023-12-27,2025-12-26,Sufficient,-0.201,-0.2393,-0.3261,-0.3501,-0.2635,0.1174,65.91,65.91,OK
LYB,502,2023-12-27,2025-12-26,Sufficient,-0.1254,-0.2628,-0.3904,-0.4156,-0.2639,0.1174,65.88,65.88,OK
ETOR,158,2025-05-13,2025-12-26,Short: 158d,-0.1275,-0.4448,-0.3104,-0.3104,-0.2641,0.1174,65.86,65.86,OK
DGZ,502,2023-12-27,2025-12-26,Sufficient,-0.1811,-0.2719,-0.3119,-0.3846,-0.2661,0.1174,65.68,65.68,OK
METW,133,2025-06-18,2025-12-26,Short: 133d,-0.2346,-0.3166,-0.273,-0.273,-0.2664,0.1174,65.66,65.66,OK
WD,502,2023-12-27,2025-12-26,Sufficient,-0.2686,-0.1355,-0.2861,-0.3739,-0.2665,0.1174,65.64,65.64,OK
PAYC,502,2023-12-27,2025-12-26,Sufficient,-0.2625,-0.2941,-0.2897,-0.2247,-0.2667,0.1174,65.63,65.63,OK
KNTK,502,2023-12-27,2025-12-26,Sufficient,-0.2224,-0.1963,-0.3113,-0.3817,-0.2668,0.1174,65.62,65.62,OK
CRSR,502,2023-12-27,2025-12-26,Sufficient,-0.2798,-0.3599,-0.3692,-0.0454,-0.2668,0.1174,65.62,65.62,OK
AIV,502,2023-12-27,2025-12-26,Sufficient,-0.2248,-0.3103,-0.3064,-0.2683,-0.2669,0.1174,65.61,65.61,OK
BUR,502,2023-12-27,2025-12-26,Sufficient,-0.2469,-0.2224,-0.3379,-0.2865,-0.2681,0.1174,65.5,65.5,OK
FVRR,502,2023-12-27,2025-12-26,Sufficient,-0.2184,-0.3101,-0.2118,-0.3829,-0.2683,0.1174,65.49,65.49,OK
TRNS,502,2023-12-27,2025-12-26,Sufficient,-0.2013,-0.306,-0.1929,-0.4403,-0.2684,0.1174,65.48,65.48,OK
CRTO,502,2023-12-27,2025-12-26,Sufficient,-0.1007,-0.1603,-0.4539,-0.5262,-0.2683,0.1174,65.48,65.48,OK
CRVL,502,2023-12-27,2025-12-26,Sufficient,-0.1214,-0.333,-0.3828,-0.3871,-0.2692,0.1174,65.41,65.41,OK
IT,502,2023-12-27,2025-12-26,Sufficient,-0.0435,-0.3728,-0.4055,-0.4815,-0.2693,0.1174,65.39,65.39,OK
ROOT,502,2023-12-27,2025-12-26,Sufficient,-0.2088,-0.4289,-0.5083,0.0081,-0.2693,0.1174,65.39,65.39,OK
SDOW,502,2023-12-27,2025-12-26,Sufficient,-0.1494,-0.2735,-0.3994,-0.3779,-0.2699,0.1174,65.34,65.34,OK
AIBD,406,2024-05-15,2025-12-26,Sufficient,-0.0105,-0.2667,-0.5689,-0.4935,-0.27,0.1174,65.33,65.33,OK
RDYY,77,2025-09-09,2025-12-26,Short: 77d,-0.263,-0.2763,-0.2763,-0.2763,-0.271,0.1174,65.25,65.25,OK
CLW,502,2023-12-27,2025-12-26,Sufficient,-0.145,-0.3559,-0.3057,-0.4061,-0.2715,0.1174,65.2,65.2,OK
ORCU,26,2025-11-19,2025-12-26,Short: 26d,-0.2716,-0.2716,-0.2716,-0.2716,-0.2716,0.1174,65.19,65.19,OK
BYRN,502,2023-12-27,2025-12-26,Sufficient,-0.1994,-0.4697,-0.0638,-0.4267,-0.2718,0.1174,65.17,65.17,OK
WLY,502,2023-12-27,2025-12-26,Sufficient,-0.2198,-0.3102,-0.3054,-0.3037,-0.2718,0.1174,65.17,65.17,OK
BAX,502,2023-12-27,2025-12-26,Sufficient,-0.1183,-0.3623,-0.4249,-0.3358,-0.2719,0.1174,65.16,65.16,OK
PRTH,502,2023-12-27,2025-12-26,Sufficient,-0.2111,-0.2818,-0.2557,-0.4002,-0.272,0.1174,65.15,65.15,OK
RBLU,207,2025-03-04,2025-12-26,Short: 207d,-0.6826,-0.533,0.3475,0.1843,-0.2733,0.1174,65.04,65.04,OK
SOLX,17,2025-12-03,2025-12-26,Short: 17d,-0.2734,-0.2734,-0.2734,-0.2734,-0.2734,0.1174,65.03,65.03,OK
PLAY,502,2023-12-27,2025-12-26,Sufficient,-0.1512,-0.4634,-0.176,-0.4307,-0.2745,0.1174,64.93,64.93,OK
NTNX,502,2023-12-27,2025-12-26,Sufficient,-0.3151,-0.2982,-0.2657,-0.1817,-0.2751,0.1174,64.87,64.87,OK
TENB,502,2023-12-27,2025-12-26,Sufficient,-0.1875,-0.2652,-0.3298,-0.4105,-0.2761,0.1174,64.79,64.79,OK
NEXN,502,2023-12-27,2025-12-26,Sufficient,-0.2925,-0.3545,-0.1219,-0.3253,-0.2773,0.1174,64.68,64.68,OK
ENPH,502,2023-12-27,2025-12-26,Sufficient,-0.0959,-0.1928,-0.4564,-0.5479,-0.2778,0.1174,64.64,64.64,OK
EPC,502,2023-12-27,2025-12-26,Sufficient,-0.1145,-0.2482,-0.4339,-0.4819,-0.2786,0.1174,64.56,64.56,OK
QUBT,502,2023-12-27,2025-12-26,Sufficient,-0.4708,-0.3835,0.3426,-0.414,-0.2793,0.1174,64.5,64.5,OK
BWIN,502,2023-12-27,2025-12-26,Sufficient,-0.1055,-0.4005,-0.4441,-0.3424,-0.2796,0.1174,64.47,64.47,OK
SOLZ,195,2025-03-20,2025-12-26,Short: 195d,-0.4139,-0.208,-0.2134,-0.1496,-0.2798,0.1174,64.46,64.46,OK
LGIH,502,2023-12-27,2025-12-26,Sufficient,-0.1696,-0.1623,-0.3752,-0.5224,-0.2798,0.1174,64.45,64.45,OK
WEN,502,2023-12-27,2025-12-26,Sufficient,-0.0934,-0.2777,-0.4437,-0.4933,-0.2803,0.1174,64.41,64.41,OK
SLTY,89,2025-08-21,2025-12-26,Short: 89d,-0.2188,-0.3226,-0.3226,-0.3226,-0.2811,0.1174,64.34,64.34,OK
SPSC,502,2023-12-27,2025-12-26,Sufficient,-0.1354,-0.3095,-0.3253,-0.5062,-0.2824,0.1174,64.22,64.22,OK
NICE,502,2023-12-27,2025-12-26,Sufficient,-0.227,-0.3174,-0.2905,-0.3511,-0.2826,0.1174,64.2,64.2,OK
PMTS,502,2023-12-27,2025-12-26,Sufficient,-0.0149,-0.3478,-0.4987,-0.5375,-0.2828,0.1174,64.19,64.19,OK
DCBO,502,2023-12-27,2025-12-26,Sufficient,-0.203,-0.209,-0.2825,-0.5169,-0.2829,0.1174,64.18,64.18,OK
SGRY,502,2023-12-27,2025-12-26,Sufficient,-0.2737,-0.277,-0.342,-0.2479,-0.2829,0.1174,64.18,64.18,OK
WAVE,502,2023-12-27,2025-12-26,Sufficient,-0.2956,-0.0804,-0.1588,-0.584,-0.2829,0.1174,64.18,64.18,OK
IOYY,37,2025-11-04,2025-12-26,Short: 37d,-0.2837,-0.2837,-0.2837,-0.2837,-0.2837,0.1174,64.11,64.11,OK
NOG,502,2023-12-27,2025-12-26,Sufficient,-0.2263,-0.2616,-0.3056,-0.3994,-0.2838,0.1174,64.09,64.09,OK
ALAR,502,2023-12-27,2025-12-26,Sufficient,-0.4717,-0.3891,0.1822,-0.2711,-0.2843,0.1174,64.05,64.05,OK
SPMC,385,2024-06-14,2025-12-26,Sufficient,-0.232,-0.2641,-0.3342,-0.3597,-0.2844,0.1174,64.05,64.05,OK
PRKS,502,2023-12-27,2025-12-26,Sufficient,-0.3041,-0.2396,-0.2412,-0.3349,-0.2848,0.1174,64.01,64.01,OK
NEXT,502,2023-12-27,2025-12-26,Sufficient,-0.2358,-0.3809,-0.3607,-0.2111,-0.2849,0.1174,64.0,64.0,OK
QIS,502,2023-12-27,2025-12-26,Sufficient,-0.206,-0.2862,-0.3561,-0.3719,-0.2852,0.1174,63.97,63.97,OK
DFH,502,2023-12-27,2025-12-26,Sufficient,-0.3175,-0.2938,-0.2451,-0.2527,-0.2853,0.1174,63.96,63.96,OK
TSMZ,309,2024-10-03,2025-12-26,Sufficient,-0.1236,-0.2799,-0.4942,-0.4077,-0.2858,0.1174,63.92,63.92,OK
BAGY,166,2025-05-01,2025-12-26,Short: 166d,-0.3002,-0.3148,-0.2603,-0.2603,-0.2872,0.1174,63.8,63.8,OK
OPEG,11,2025-12-11,2025-12-26,Short: 11d,-0.2875,-0.2875,-0.2875,-0.2875,-0.2875,0.1174,63.76,63.76,OK
PAR,502,2023-12-27,2025-12-26,Sufficient,-0.0539,-0.4451,-0.3972,-0.4883,-0.2877,0.1174,63.75,63.75,OK
GMEY,77,2025-09-09,2025-12-26,Short: 77d,-0.3213,-0.2659,-0.2659,-0.2659,-0.288,0.1174,63.72,63.72,OK
KLAR,75,2025-09-11,2025-12-26,Short: 75d,-0.2591,-0.3077,-0.3077,-0.3077,-0.2883,0.1174,63.7,63.7,OK
AMCI,502,2023-12-27,2025-12-26,Sufficient,-0.3533,-0.2589,-0.2468,-0.2308,-0.2886,0.1174,63.66,63.66,OK
GO,502,2023-12-27,2025-12-26,Sufficient,-0.3516,-0.1869,-0.2082,-0.3463,-0.2889,0.1174,63.64,63.64,OK
OXLC,502,2023-12-27,2025-12-26,Sufficient,-0.1548,-0.3092,-0.3863,-0.4403,-0.2891,0.1174,63.62,63.62,OK
SPXS,502,2023-12-27,2025-12-26,Sufficient,-0.1176,-0.2826,-0.4993,-0.4299,-0.2894,0.1174,63.6,63.6,OK
XBP,502,2023-12-27,2025-12-26,Sufficient,-0.1635,-0.2611,-0.5181,-0.3544,-0.2921,0.1174,63.35,63.35,OK
VHI,502,2023-12-27,2025-12-26,Sufficient,-0.2354,-0.2534,-0.2927,-0.4443,-0.2923,0.1174,63.34,63.34,OK
AFRU,72,2025-09-16,2025-12-26,Short: 72d,-0.134,-0.3983,-0.3983,-0.3983,-0.2926,0.1174,63.31,63.31,OK
SPIR,502,2023-12-27,2025-12-26,Sufficient,-0.3071,-0.3287,-0.0968,-0.4271,-0.2934,0.1174,63.24,63.24,OK
TGLS,502,2023-12-27,2025-12-26,Sufficient,-0.2428,-0.3406,-0.2859,-0.3571,-0.2938,0.1174,63.2,63.2,OK
TASK,502,2023-12-27,2025-12-26,Sufficient,-0.3537,-0.3132,-0.1635,-0.2851,-0.2939,0.1174,63.2,63.2,OK
ETU,294,2024-10-24,2025-12-26,Sufficient,-0.5595,0.0474,0.2434,-0.6503,-0.2957,0.1174,63.03,63.03,OK
WPP,502,2023-12-27,2025-12-26,Sufficient,-0.0666,-0.3616,-0.4225,-0.569,-0.2973,0.1174,62.89,62.89,OK
FLO,502,2023-12-27,2025-12-26,Sufficient,-0.1466,-0.3181,-0.422,-0.4662,-0.2999,0.1174,62.66,62.66,OK
FC,502,2023-12-27,2025-12-26,Sufficient,-0.154,-0.2695,-0.3922,-0.5295,-0.2998,0.1174,62.66,62.66,OK
FIVN,502,2023-12-27,2025-12-26,Sufficient,-0.2042,-0.2524,-0.3182,-0.5294,-0.3017,0.1174,62.5,62.5,OK
EHY,55,2025-10-09,2025-12-26,Short: 55d,-0.3018,-0.3018,-0.3018,-0.3018,-0.3018,0.1174,62.49,62.49,OK
HUBS,502,2023-12-27,2025-12-26,Sufficient,-0.231,-0.2769,-0.329,-0.4431,-0.3022,0.1174,62.45,62.45,OK
DJT,502,2023-12-27,2025-12-26,Sufficient,-0.1867,-0.2086,-0.3223,-0.6091,-0.3027,0.1174,62.41,62.41,OK
VOYG,138,2025-06-11,2025-12-26,Short: 138d,-0.0654,-0.3498,-0.5168,-0.5168,-0.3028,0.1174,62.39,62.39,OK
SPXU,502,2023-12-27,2025-12-26,Sufficient,-0.1307,-0.2979,-0.5116,-0.4438,-0.303,0.1174,62.38,62.38,OK
XRPK,17,2025-12-03,2025-12-26,Short: 17d,-0.306,-0.306,-0.306,-0.306,-0.306,0.1174,62.11,62.11,OK
EETH,502,2023-12-27,2025-12-26,Sufficient,-0.4414,-0.1737,-0.0224,-0.4518,-0.3062,0.1174,62.1,62.1,OK
DEI,502,2023-12-27,2025-12-26,Sufficient,-0.2802,-0.2627,-0.3167,-0.3916,-0.3063,0.1174,62.09,62.09,OK
AOSL,502,2023-12-27,2025-12-26,Sufficient,-0.2926,-0.2166,-0.2465,-0.4833,-0.3063,0.1174,62.08,62.08,OK
OXM,502,2023-12-27,2025-12-26,Sufficient,-0.1848,-0.1369,-0.4514,-0.5756,-0.3067,0.1174,62.05,62.05,OK
BHST,502,2023-12-27,2025-12-26,Sufficient,-0.5106,-0.2057,-0.1736,-0.1403,-0.3081,0.1174,61.92,61.92,OK
ITGR,502,2023-12-27,2025-12-26,Sufficient,-0.2229,-0.3564,-0.3287,-0.4099,-0.3081,0.1174,61.92,61.92,OK
LI,502,2023-12-27,2025-12-26,Sufficient,-0.2841,-0.3651,-0.3328,-0.2766,-0.3085,0.1174,61.88,61.88,OK
REW,502,2023-12-27,2025-12-26,Sufficient,-0.1221,-0.2939,-0.5529,-0.455,-0.3092,0.1174,61.83,61.83,OK
FEAT,257,2024-12-17,2025-12-26,Sufficient,-0.2396,-0.2991,-0.3054,-0.4642,-0.3096,0.1174,61.79,61.79,OK
UPBD,502,2023-12-27,2025-12-26,Sufficient,-0.2791,-0.3085,-0.2785,-0.4083,-0.3107,0.1174,61.69,61.69,OK
KMPR,502,2023-12-27,2025-12-26,Sufficient,-0.211,-0.3614,-0.4052,-0.3712,-0.312,0.1174,61.58,61.58,OK
ETTY,55,2025-10-09,2025-12-26,Short: 55d,-0.3121,-0.3121,-0.3121,-0.3121,-0.3121,0.1174,61.57,61.57,OK
TRAK,502,2023-12-27,2025-12-26,Sufficient,-0.225,-0.3437,-0.364,-0.4069,-0.3129,0.1174,61.49,61.49,OK
HOOI,91,2025-08-19,2025-12-26,Short: 91d,-0.3728,-0.2733,-0.2733,-0.2733,-0.3131,0.1174,61.48,61.48,OK
NFLY,502,2023-12-27,2025-12-26,Sufficient,-0.2675,-0.369,-0.312,-0.3496,-0.3131,0.1174,61.47,61.47,OK
CRDU,72,2025-09-16,2025-12-26,Short: 72d,-0.1898,-0.3964,-0.3964,-0.3964,-0.3138,0.1174,61.42,61.42,OK
GPK,502,2023-12-27,2025-12-26,Sufficient,-0.217,-0.2774,-0.4171,-0.4452,-0.3147,0.1174,61.33,61.33,OK
XRPI,151,2025-05-22,2025-12-26,Short: 151d,-0.367,-0.2019,-0.3226,-0.3226,-0.3162,0.1174,61.2,61.2,OK
ETHU,393,2024-06-04,2025-12-26,Sufficient,-0.5636,0.022,0.1969,-0.6741,-0.3165,0.1174,61.17,61.17,OK
FNGD,502,2023-12-27,2025-12-26,Sufficient,-0.0234,-0.2386,-0.6949,-0.603,-0.3167,0.1174,61.16,61.16,OK
RAND,502,2023-12-27,2025-12-26,Sufficient,-0.2668,-0.28,-0.4303,-0.3396,-0.3167,0.1174,61.15,61.15,OK
SSK,124,2025-07-02,2025-12-26,Short: 124d,-0.3878,-0.2699,-0.2699,-0.2699,-0.3171,0.1174,61.12,61.12,OK
KPLT,502,2023-12-27,2025-12-26,Sufficient,-0.6043,-0.1384,-0.4723,0.2254,-0.3188,0.1174,60.97,60.97,OK
AVS,304,2024-10-10,2025-12-26,Sufficient,-0.1129,-0.303,-0.5884,-0.4847,-0.3204,0.1174,60.82,60.82,OK
FOXF,502,2023-12-27,2025-12-26,Sufficient,-0.2949,-0.3132,-0.3108,-0.3893,-0.3206,0.1174,60.8,60.8,OK
SRPU,45,2025-10-23,2025-12-26,Short: 45d,-0.3221,-0.3221,-0.3221,-0.3221,-0.3221,0.1174,60.67,60.67,OK
STUB,71,2025-09-17,2025-12-26,Short: 71d,-0.2123,-0.3964,-0.3964,-0.3964,-0.3228,0.1174,60.61,60.61,OK
BZQ,502,2023-12-27,2025-12-26,Sufficient,-0.1487,-0.3018,-0.4304,-0.5896,-0.3238,0.1174,60.52,60.52,OK
VXX,502,2023-12-27,2025-12-26,Sufficient,-0.1787,-0.4413,-0.4284,-0.3923,-0.3239,0.1174,60.51,60.51,OK
VOR,502,2023-12-27,2025-12-26,Sufficient,-0.5622,-0.3057,-0.0392,-0.1521,-0.3242,0.1174,60.48,60.48,OK
BKKT,502,2023-12-27,2025-12-26,Sufficient,-0.4128,-0.1753,-0.0009,-0.6207,-0.3245,0.1174,60.45,60.45,OK
ETHT,390,2024-06-07,2025-12-26,Sufficient,-0.5675,0.0063,0.1851,-0.6795,-0.3246,0.1174,60.44,60.44,OK
NGVC,502,2023-12-27,2025-12-26,Sufficient,-0.314,-0.3422,-0.3239,-0.3357,-0.326,0.1174,60.32,60.32,OK
GEO,502,2023-12-27,2025-12-26,Sufficient,-0.2196,-0.3141,-0.4635,-0.4177,-0.3269,0.1174,60.24,60.24,OK
DOCS,502,2023-12-27,2025-12-26,Sufficient,-0.4128,-0.2848,-0.2784,-0.2491,-0.3276,0.1174,60.18,60.18,OK
KELYA,502,2023-12-27,2025-12-26,Sufficient,-0.3447,-0.2558,-0.3664,-0.3294,-0.3282,0.1174,60.12,60.12,OK
SMPL,502,2023-12-27,2025-12-26,Sufficient,-0.1914,-0.3739,-0.4132,-0.476,-0.3292,0.1174,60.04,60.04,OK
FORR,502,2023-12-27,2025-12-26,Sufficient,-0.3075,-0.2625,-0.2408,-0.5335,-0.3304,0.1174,59.93,59.93,OK
VIXY,502,2023-12-27,2025-12-26,Sufficient,-0.1829,-0.4454,-0.4358,-0.4067,-0.3307,0.1174,59.9,59.9,OK
VRNS,502,2023-12-27,2025-12-26,Sufficient,-0.436,-0.3319,-0.1945,-0.2564,-0.331,0.1174,59.88,59.88,OK
ARDT,363,2024-07-18,2025-12-26,Sufficient,-0.3047,-0.326,-0.2994,-0.4201,-0.331,0.1174,59.88,59.88,OK
TSQ,502,2023-12-27,2025-12-26,Sufficient,-0.2382,-0.3346,-0.3803,-0.4658,-0.3314,0.1174,59.84,59.84,OK
MOH,502,2023-12-27,2025-12-26,Sufficient,-0.1414,-0.4451,-0.4904,-0.4403,-0.3317,0.1174,59.81,59.81,OK
TXO,502,2023-12-27,2025-12-26,Sufficient,-0.2633,-0.3068,-0.4534,-0.3731,-0.332,0.1174,59.79,59.79,OK
PHR,502,2023-12-27,2025-12-26,Sufficient,-0.2794,-0.4026,-0.3736,-0.3294,-0.3329,0.1174,59.7,59.7,OK
LBRDA,502,2023-12-27,2025-12-26,Sufficient,-0.232,-0.463,-0.4158,-0.3234,-0.3333,0.1174,59.67,59.67,OK
VOYX,77,2025-09-09,2025-12-26,Short: 77d,-0.3362,-0.3318,-0.3318,-0.3318,-0.3335,0.1174,59.64,59.64,OK
LBRDK,502,2023-12-27,2025-12-26,Sufficient,-0.2328,-0.4641,-0.4152,-0.3253,-0.334,0.1174,59.6,59.6,OK
KMX,502,2023-12-27,2025-12-26,Sufficient,-0.1246,-0.4104,-0.4895,-0.5308,-0.336,0.1174,59.43,59.43,OK
INLX,502,2023-12-27,2025-12-26,Sufficient,-0.3055,-0.3483,-0.3113,-0.411,-0.3363,0.1174,59.4,59.4,OK
USNA,502,2023-12-27,2025-12-26,Sufficient,-0.3046,-0.3627,-0.2955,-0.4154,-0.3365,0.1174,59.38,59.38,OK
BCTX,502,2023-12-27,2025-12-26,Sufficient,-0.2989,-0.7385,-0.8084,0.4604,-0.3369,0.1174,59.35,59.35,OK
ABR,502,2023-12-27,2025-12-26,Sufficient,-0.3386,-0.2453,-0.338,-0.4237,-0.3368,0.1174,59.35,59.35,OK
YBTC,488,2024-01-18,2025-12-26,Sufficient,-0.3161,-0.3571,-0.2838,-0.4139,-0.3374,0.1174,59.3,59.3,OK
MAN,502,2023-12-27,2025-12-26,Sufficient,-0.227,-0.2629,-0.4973,-0.475,-0.3378,0.1174,59.26,59.26,OK
FINV,502,2023-12-27,2025-12-26,Sufficient,-0.2821,-0.4319,-0.4818,-0.2111,-0.3378,0.1174,59.26,59.26,OK
MRNY,502,2023-12-27,2025-12-26,Sufficient,-0.0882,-0.3261,-0.4984,-0.6918,-0.3386,0.1174,59.2,59.2,OK
QPUX,99,2025-08-07,2025-12-26,Short: 99d,-0.6357,-0.1414,-0.1414,-0.1414,-0.3391,0.1174,59.15,59.15,OK
LEGN,502,2023-12-27,2025-12-26,Sufficient,-0.3248,-0.3494,-0.3634,-0.336,-0.3397,0.1174,59.1,59.1,OK
BAFN,502,2023-12-27,2025-12-26,Sufficient,-0.1236,-0.4542,-0.5858,-0.4135,-0.3401,0.1174,59.06,59.06,OK
MBLY,502,2023-12-27,2025-12-26,Sufficient,-0.2477,-0.4318,-0.3384,-0.4371,-0.3405,0.1174,59.02,59.02,OK
RDW,502,2023-12-27,2025-12-26,Sufficient,-0.1903,-0.5565,-0.2748,-0.4915,-0.3407,0.1174,59.01,59.01,OK
LFGY,240,2025-01-14,2025-12-26,Short: 240d,-0.2686,-0.3539,-0.3175,-0.4964,-0.341,0.1174,58.98,58.98,OK
ELIS,191,2025-03-26,2025-12-26,Short: 191d,-0.3559,-0.3322,-0.3309,-0.3309,-0.3411,0.1174,58.97,58.97,OK
TZA,502,2023-12-27,2025-12-26,Sufficient,-0.1475,-0.4071,-0.5535,-0.4526,-0.3417,0.1174,58.92,58.92,OK
OSCG,36,2025-11-05,2025-12-26,Short: 36d,-0.3438,-0.3438,-0.3438,-0.3438,-0.3438,0.1174,58.73,58.73,OK
NCTY,502,2023-12-27,2025-12-26,Sufficient,-0.303,-0.0785,-0.5178,-0.5178,-0.344,0.1174,58.71,58.71,OK
BTCC,186,2025-04-02,2025-12-26,Short: 186d,-0.2922,-0.3831,-0.3769,-0.3769,-0.3443,0.1174,58.68,58.68,OK
ONEW,502,2023-12-27,2025-12-26,Sufficient,-0.3451,-0.2322,-0.393,-0.4066,-0.3444,0.1174,58.67,58.67,OK
PYPY,502,2023-12-27,2025-12-26,Sufficient,-0.2213,-0.3405,-0.3987,-0.5411,-0.3446,0.1174,58.66,58.66,OK
FIAT,368,2024-07-11,2025-12-26,Sufficient,-0.0685,-0.2023,-0.6957,-0.6891,-0.3448,0.1174,58.63,58.63,OK
BETH,502,2023-12-27,2025-12-26,Sufficient,-0.3439,-0.3641,-0.2677,-0.4079,-0.3455,0.1174,58.58,58.58,OK
WULX,45,2025-10-23,2025-12-26,Short: 45d,-0.3454,-0.3454,-0.3454,-0.3454,-0.3454,0.1174,58.58,58.58,OK
BBWI,502,2023-12-27,2025-12-26,Sufficient,-0.2577,-0.3416,-0.3796,-0.4924,-0.3458,0.1174,58.55,58.55,OK
TXXS,16,2025-12-04,2025-12-26,Short: 16d,-0.3458,-0.3458,-0.3458,-0.3458,-0.3458,0.1174,58.55,58.55,OK
BETE,502,2023-12-27,2025-12-26,Sufficient,-0.4039,-0.3088,-0.1824,-0.434,-0.3466,0.1174,58.48,58.48,OK
PRCT,502,2023-12-27,2025-12-26,Sufficient,-0.1159,-0.4305,-0.4752,-0.6006,-0.3476,0.1174,58.38,58.38,OK
AESI,502,2023-12-27,2025-12-26,Sufficient,-0.2084,-0.2837,-0.479,-0.5661,-0.3491,0.1174,58.25,58.25,OK
USOY,409,2024-05-10,2025-12-26,Sufficient,-0.2045,-0.3045,-0.4873,-0.5513,-0.3504,0.1174,58.13,58.13,OK
OKLL,130,2025-06-24,2025-12-26,Short: 130d,-0.6733,-0.0183,-0.1958,-0.1958,-0.3513,0.1174,58.06,58.06,OK
NNEX,30,2025-11-13,2025-12-26,Short: 30d,-0.3514,-0.3514,-0.3514,-0.3514,-0.3514,0.1174,58.04,58.04,OK
ETHD,390,2024-06-07,2025-12-26,Sufficient,0.2919,-0.6879,-0.8886,-0.7659,-0.3517,0.1174,58.02,58.02,OK
MEME,56,2025-10-08,2025-12-26,Short: 56d,-0.352,-0.352,-0.352,-0.352,-0.352,0.1174,57.99,57.99,OK
NFLU,313,2024-09-27,2025-12-26,Sufficient,-0.4269,-0.5456,-0.2115,-0.153,-0.3528,0.1174,57.93,57.93,OK
ENPX,72,2025-09-16,2025-12-26,Short: 72d,-0.2943,-0.3923,-0.3923,-0.3923,-0.3531,0.1174,57.9,57.9,OK
YBIT,422,2024-04-23,2025-12-26,Sufficient,-0.2965,-0.3575,-0.3373,-0.4799,-0.3535,0.1174,57.86,57.86,OK
COIG,198,2025-03-17,2025-12-26,Short: 198d,-0.5039,-0.6582,-0.0438,-0.0603,-0.354,0.1174,57.81,57.81,OK
SRTY,502,2023-12-27,2025-12-26,Sufficient,-0.1592,-0.4202,-0.566,-0.4659,-0.3541,0.1174,57.8,57.8,OK
AI,502,2023-12-27,2025-12-26,Sufficient,-0.1838,-0.4229,-0.3791,-0.6055,-0.355,0.1174,57.73,57.73,OK
XYZY,502,2023-12-27,2025-12-26,Sufficient,-0.2254,-0.3182,-0.3706,-0.6349,-0.3549,0.1174,57.73,57.73,OK
EDZ,502,2023-12-27,2025-12-26,Sufficient,-0.1541,-0.3488,-0.5273,-0.595,-0.3558,0.1174,57.65,57.65,OK
GHI,502,2023-12-27,2025-12-26,Sufficient,-0.3211,-0.3946,-0.4291,-0.3205,-0.3573,0.1174,57.52,57.52,OK
KBAB,201,2025-03-12,2025-12-26,Short: 201d,-0.5308,-0.0204,-0.3439,-0.3635,-0.3579,0.1174,57.47,57.47,OK
DRAY,116,2025-07-15,2025-12-26,Short: 116d,-0.3267,-0.379,-0.379,-0.379,-0.3581,0.1174,57.45,57.45,OK
BAIG,89,2025-08-21,2025-12-26,Short: 89d,-0.477,-0.2787,-0.2787,-0.2787,-0.358,0.1174,57.45,57.45,OK
CRMT,502,2023-12-27,2025-12-26,Sufficient,-0.1457,-0.5356,-0.4541,-0.5147,-0.3592,0.1174,57.35,57.35,OK
RHI,502,2023-12-27,2025-12-26,Sufficient,-0.1852,-0.3291,-0.4964,-0.6092,-0.361,0.1174,57.19,57.19,OK
SEV,50,2025-10-16,2025-12-26,Short: 50d,-0.3612,-0.3612,-0.3612,-0.3612,-0.3612,0.1174,57.17,57.17,OK
RPD,502,2023-12-27,2025-12-26,Sufficient,-0.2058,-0.3216,-0.4636,-0.6104,-0.3614,0.1174,57.15,57.15,OK
SM,502,2023-12-27,2025-12-26,Sufficient,-0.3289,-0.2625,-0.3881,-0.5017,-0.362,0.1174,57.1,57.1,OK
BEX,30,2025-11-13,2025-12-26,Short: 30d,-0.3625,-0.3625,-0.3625,-0.3625,-0.3625,0.1174,57.05,57.05,OK
TTGT,502,2023-12-27,2025-12-26,Sufficient,-0.0845,-0.2593,-0.6556,-0.73,-0.3628,0.1174,57.03,57.03,OK
BULL,502,2023-12-27,2025-12-26,Sufficient,-0.4604,-0.2447,-0.3549,-0.2971,-0.3635,0.1174,56.96,56.96,OK
NSIT,502,2023-12-27,2025-12-26,Sufficient,-0.2597,-0.3818,-0.4577,-0.4592,-0.3636,0.1174,56.95,56.95,OK
CHTR,502,2023-12-27,2025-12-26,Sufficient,-0.2423,-0.4834,-0.4577,-0.4072,-0.3666,0.1174,56.69,56.69,OK
VERX,502,2023-12-27,2025-12-26,Sufficient,-0.1866,-0.4111,-0.4336,-0.6182,-0.3672,0.1174,56.63,56.63,OK
TTD,502,2023-12-27,2025-12-26,Sufficient,-0.1873,-0.4474,-0.3309,-0.6851,-0.3676,0.1174,56.6,56.6,OK
GECC,502,2023-12-27,2025-12-26,Sufficient,-0.4023,-0.3723,-0.3253,-0.3386,-0.3682,0.1174,56.55,56.55,OK
BSOL,42,2025-10-28,2025-12-26,Short: 42d,-0.3683,-0.3683,-0.3683,-0.3683,-0.3683,0.1174,56.54,56.54,OK
ACVA,502,2023-12-27,2025-12-26,Sufficient,-0.1537,-0.4863,-0.4342,-0.6144,-0.3685,0.1174,56.52,56.52,OK
SQQQ,502,2023-12-27,2025-12-26,Sufficient,-0.1597,-0.3447,-0.6316,-0.5507,-0.3693,0.1174,56.44,56.44,OK
NSP,502,2023-12-27,2025-12-26,Sufficient,-0.2199,-0.3491,-0.5687,-0.4902,-0.3695,0.1174,56.42,56.42,OK
GGLS,502,2023-12-27,2025-12-26,Sufficient,-0.2289,-0.4469,-0.5154,-0.4282,-0.3697,0.1174,56.41,56.41,OK
BITK,66,2025-09-24,2025-12-26,Short: 66d,-0.357,-0.3787,-0.3787,-0.3787,-0.37,0.1174,56.38,56.38,OK
TREX,502,2023-12-27,2025-12-26,Sufficient,-0.3046,-0.3502,-0.3989,-0.4975,-0.3712,0.1174,56.28,56.28,OK
HELE,502,2023-12-27,2025-12-26,Sufficient,-0.169,-0.2541,-0.609,-0.6575,-0.3717,0.1174,56.23,56.23,OK
BOIL,502,2023-12-27,2025-12-26,Sufficient,-0.0776,-0.5318,-0.6717,-0.5016,-0.3721,0.1174,56.2,56.2,OK
BLSH,95,2025-08-13,2025-12-26,Short: 95d,-0.3427,-0.395,-0.395,-0.395,-0.3741,0.1174,56.02,56.02,OK
ETQ,294,2024-10-24,2025-12-26,Sufficient,0.238,-0.7022,-0.8804,-0.7682,-0.375,0.1174,55.94,55.94,OK
OGN,502,2023-12-27,2025-12-26,Sufficient,-0.2968,-0.2718,-0.5069,-0.5116,-0.3768,0.1174,55.78,55.78,OK
GSOL,499,2024-01-02,2025-12-26,Sufficient,-0.4189,-0.2209,-0.2209,-0.6086,-0.3776,0.1174,55.7,55.7,OK
DIPS,359,2024-07-24,2025-12-26,Sufficient,-0.1808,-0.3257,-0.596,-0.6053,-0.3777,0.1174,55.69,55.69,OK
KELYB,502,2023-12-27,2025-12-26,Sufficient,-0.4131,-0.2997,-0.3736,-0.3942,-0.3787,0.1174,55.6,55.6,OK
TTDU,71,2025-09-17,2025-12-26,Short: 71d,-0.4035,-0.3627,-0.3627,-0.3627,-0.379,0.1174,55.57,55.57,OK
FLYD,502,2023-12-27,2025-12-26,Sufficient,-0.1502,-0.3174,-0.6806,-0.602,-0.3801,0.1174,55.48,55.48,OK
IBTA,424,2024-04-19,2025-12-26,Sufficient,-0.182,-0.3991,-0.4998,-0.6397,-0.3805,0.1174,55.44,55.44,OK
SFM,502,2023-12-27,2025-12-26,Sufficient,-0.2756,-0.509,-0.4633,-0.3849,-0.3817,0.1174,55.34,55.34,OK
TLX,279,2024-11-14,2025-12-26,Sufficient,-0.1954,-0.4981,-0.5414,-0.4786,-0.3818,0.1174,55.33,55.33,OK
VIA,74,2025-09-12,2025-12-26,Short: 74d,-0.3781,-0.3844,-0.3844,-0.3844,-0.3819,0.1174,55.32,55.32,OK
PLTD,260,2024-12-12,2025-12-26,Sufficient,-0.1066,-0.3661,-0.618,-0.7151,-0.3825,0.1174,55.27,55.27,OK
XRPR,70,2025-09-18,2025-12-26,Short: 70d,-0.3421,-0.4096,-0.4096,-0.4096,-0.3826,0.1174,55.26,55.26,OK
ULTY,459,2024-02-29,2025-12-26,Sufficient,-0.2864,-0.377,-0.3878,-0.577,-0.3829,0.1174,55.23,55.23,OK
MNDY,502,2023-12-27,2025-12-26,Sufficient,-0.2944,-0.5266,-0.4298,-0.3712,-0.3833,0.1174,55.19,55.19,OK
PRMB,502,2023-12-27,2025-12-26,Sufficient,-0.2515,-0.4341,-0.5179,-0.4642,-0.3838,0.1174,55.15,55.15,OK
CIFG,11,2025-12-11,2025-12-26,Short: 11d,-0.3849,-0.3849,-0.3849,-0.3849,-0.3849,0.1174,55.05,55.05,OK
NFXL,309,2024-10-03,2025-12-26,Sufficient,-0.4544,-0.5662,-0.2537,-0.2016,-0.3861,0.1174,54.94,54.94,OK
MAAY,37,2025-11-04,2025-12-26,Short: 37d,-0.3866,-0.3866,-0.3866,-0.3866,-0.3866,0.1174,54.9,54.9,OK
COII,143,2025-06-04,2025-12-26,Short: 143d,-0.3382,-0.4924,-0.3821,-0.3821,-0.3866,0.1174,54.9,54.9,OK
RICK,502,2023-12-27,2025-12-26,Sufficient,-0.2234,-0.4002,-0.4989,-0.5915,-0.3875,0.1174,54.82,54.82,OK
XXI,345,2024-08-13,2025-12-26,Sufficient,-0.5204,-0.673,-0.1199,-0.115,-0.3897,0.1174,54.62,54.62,OK
SSTI,502,2023-12-27,2025-12-26,Sufficient,-0.3275,-0.3892,-0.5653,-0.345,-0.3909,0.1174,54.51,54.51,OK
CABO,502,2023-12-27,2025-12-26,Sufficient,-0.2977,-0.1052,-0.5733,-0.6818,-0.3911,0.1174,54.49,54.49,OK
BITO,502,2023-12-27,2025-12-26,Sufficient,-0.3511,-0.431,-0.3725,-0.4653,-0.3942,0.1174,54.22,54.22,OK
MARA,502,2023-12-27,2025-12-26,Sufficient,-0.4055,-0.3619,-0.2969,-0.5018,-0.3943,0.1174,54.21,54.21,OK
FOFO,74,2025-09-12,2025-12-26,Short: 74d,-0.766,-0.1474,-0.1474,-0.1474,-0.3948,0.1174,54.16,54.16,OK
BTCL,369,2024-07-10,2025-12-26,Sufficient,-0.4317,-0.4495,-0.2409,-0.4265,-0.3961,0.1174,54.05,54.05,OK
NOWL,116,2025-07-15,2025-12-26,Short: 116d,-0.3681,-0.4208,-0.4208,-0.4208,-0.3997,0.1174,53.72,53.72,OK
PONX,77,2025-09-09,2025-12-26,Short: 77d,-0.6024,-0.2677,-0.2677,-0.2677,-0.4016,0.1174,53.56,53.56,OK
GLGG,89,2025-08-21,2025-12-26,Short: 89d,-0.5526,-0.3017,-0.3017,-0.3017,-0.402,0.1174,53.52,53.52,OK
VSTL,111,2025-07-22,2025-12-26,Short: 111d,-0.4468,-0.3726,-0.3726,-0.3726,-0.4023,0.1174,53.49,53.49,OK
GRNI,28,2025-11-17,2025-12-26,Short: 28d,-0.4037,-0.4037,-0.4037,-0.4037,-0.4037,0.1174,53.37,53.37,OK
SENS,502,2023-12-27,2025-12-26,Sufficient,-0.3457,-0.3907,-0.5743,-0.3636,-0.404,0.1174,53.34,53.34,OK
BHVN,502,2023-12-27,2025-12-26,Sufficient,-0.2567,-0.2087,-0.6073,-0.6916,-0.4042,0.1174,53.33,53.33,OK
JFIN,502,2023-12-27,2025-12-26,Sufficient,-0.4084,-0.5977,-0.5822,-0.0358,-0.4065,0.1174,53.12,53.12,OK
CWII,37,2025-11-04,2025-12-26,Short: 37d,-0.4077,-0.4077,-0.4077,-0.4077,-0.4077,0.1174,53.0,53.0,OK
BRBR,502,2023-12-27,2025-12-26,Sufficient,-0.1804,-0.4848,-0.5923,-0.6039,-0.4084,0.1174,52.95,52.95,OK
IETH,59,2025-10-03,2025-12-26,Short: 59d,-0.4103,-0.4103,-0.4103,-0.4103,-0.4103,0.1174,52.78,52.78,OK
FGBI,502,2023-12-27,2025-12-26,Sufficient,-0.3767,-0.3771,-0.351,-0.5723,-0.4108,0.1174,52.74,52.74,OK
SPT,502,2023-12-27,2025-12-26,Sufficient,-0.2094,-0.4545,-0.5279,-0.6538,-0.411,0.1174,52.71,52.71,OK
WIX,502,2023-12-27,2025-12-26,Sufficient,-0.4054,-0.3323,-0.3933,-0.5226,-0.4118,0.1174,52.64,52.64,OK
MPG,43,2025-10-27,2025-12-26,Short: 43d,-0.413,-0.413,-0.413,-0.413,-0.413,0.1174,52.53,52.53,OK
NFLW,133,2025-06-18,2025-12-26,Short: 133d,-0.345,-0.4918,-0.442,-0.442,-0.4131,0.1174,52.52,52.52,OK
TIL,502,2023-12-27,2025-12-26,Sufficient,-0.332,-0.5076,-0.4158,-0.4793,-0.4133,0.1174,52.51,52.51,OK
YETH,330,2024-09-04,2025-12-26,Sufficient,-0.3351,-0.2912,-0.4333,-0.672,-0.4133,0.1174,52.5,52.5,OK
FLYT,45,2025-10-23,2025-12-26,Short: 45d,-0.4147,-0.4147,-0.4147,-0.4147,-0.4147,0.1174,52.38,52.38,OK
NEBX,77,2025-09-09,2025-12-26,Short: 77d,-0.4748,-0.3747,-0.3747,-0.3747,-0.4147,0.1174,52.38,52.38,OK
ULTI,39,2025-10-31,2025-12-26,Short: 39d,-0.4161,-0.4161,-0.4161,-0.4161,-0.4161,0.1174,52.25,52.25,OK
CLSX,72,2025-09-16,2025-12-26,Short: 72d,-0.5018,-0.3616,-0.3616,-0.3616,-0.4177,0.1174,52.11,52.11,OK
ETRL,81,2025-09-03,2025-12-26,Short: 81d,-0.317,-0.4875,-0.4875,-0.4875,-0.4193,0.1174,51.97,51.97,OK
PMN,502,2023-12-27,2025-12-26,Sufficient,-0.2527,-0.3617,-0.5623,-0.667,-0.4193,0.1174,51.97,51.97,OK
ETCO,80,2025-09-04,2025-12-26,Short: 80d,-0.4031,-0.4316,-0.4316,-0.4316,-0.4202,0.1174,51.89,51.89,OK
TXXD,25,2025-11-20,2025-12-26,Short: 25d,-0.4205,-0.4205,-0.4205,-0.4205,-0.4205,0.1174,51.87,51.87,OK
CRSH,415,2024-05-02,2025-12-26,Sufficient,-0.2045,-0.4668,-0.6227,-0.6085,-0.4214,0.1174,51.78,51.78,OK
BIS,502,2023-12-27,2025-12-26,Sufficient,-0.3324,-0.483,-0.481,-0.4842,-0.4226,0.1174,51.68,51.68,OK
SITC,502,2023-12-27,2025-12-26,Sufficient,-0.2724,-0.5019,-0.4918,-0.5758,-0.4229,0.1174,51.65,51.65,OK
TECS,502,2023-12-27,2025-12-26,Sufficient,-0.1799,-0.4041,-0.7213,-0.6298,-0.423,0.1174,51.64,51.64,OK
ZLAB,502,2023-12-27,2025-12-26,Sufficient,-0.4203,-0.4724,-0.4934,-0.3093,-0.4231,0.1174,51.63,51.63,OK
GRRR,502,2023-12-27,2025-12-26,Sufficient,-0.4342,-0.4969,-0.5574,-0.1934,-0.4232,0.1174,51.62,51.62,OK
RNAC,502,2023-12-27,2025-12-26,Sufficient,-0.2786,-0.3745,-0.5348,-0.6548,-0.4243,0.1174,51.53,51.53,OK
AXUP,72,2025-09-16,2025-12-26,Short: 72d,-0.3766,-0.4566,-0.4566,-0.4566,-0.4246,0.1174,51.49,51.49,OK
RBLY,106,2025-07-29,2025-12-26,Short: 106d,-0.4591,-0.4041,-0.4041,-0.4041,-0.4261,0.1174,51.36,51.36,OK
BITX,502,2023-12-27,2025-12-26,Sufficient,-0.445,-0.4779,-0.3001,-0.4668,-0.427,0.1174,51.28,51.28,OK
CWH,502,2023-12-27,2025-12-26,Sufficient,-0.383,-0.4461,-0.4163,-0.5089,-0.4275,0.1174,51.24,51.24,OK
ULH,502,2023-12-27,2025-12-26,Sufficient,-0.3336,-0.3914,-0.4361,-0.6563,-0.4302,0.1174,51.0,51.0,OK
IGME,139,2025-06-10,2025-12-26,Short: 139d,-0.3548,-0.4168,-0.5122,-0.5122,-0.4302,0.1174,51.0,51.0,OK
PRGO,502,2023-12-27,2025-12-26,Sufficient,-0.3557,-0.4793,-0.502,-0.4614,-0.4308,0.1174,50.94,50.94,OK
SMR,502,2023-12-27,2025-12-26,Sufficient,-0.6092,-0.6113,-0.0776,-0.2473,-0.4309,0.1174,50.93,50.93,OK
MAXI,502,2023-12-27,2025-12-26,Sufficient,-0.4315,-0.5167,-0.3329,-0.4474,-0.432,0.1174,50.84,50.84,OK
QMCO,502,2023-12-27,2025-12-26,Sufficient,-0.2658,-0.2301,-0.5478,-0.852,-0.4323,0.1174,50.81,50.81,OK
NVDS,502,2023-12-27,2025-12-26,Sufficient,-0.2405,-0.3768,-0.6806,-0.6236,-0.4324,0.1174,50.8,50.8,OK
AGPU,502,2023-12-27,2025-12-26,Sufficient,-0.3806,-0.4217,-0.6863,-0.3003,-0.4339,0.1174,50.66,50.66,OK
HBR,42,2025-10-28,2025-12-26,Short: 42d,-0.4343,-0.4343,-0.4343,-0.4343,-0.4343,0.1174,50.63,50.63,OK
OPEX,45,2025-10-23,2025-12-26,Short: 45d,-0.4343,-0.4343,-0.4343,-0.4343,-0.4343,0.1174,50.63,50.63,OK
TNXP,502,2023-12-27,2025-12-26,Sufficient,-0.3284,-0.534,-0.3903,-0.5935,-0.4349,0.1174,50.57,50.57,OK
CFND,99,2025-08-07,2025-12-26,Short: 99d,-0.3961,-0.4624,-0.4624,-0.4624,-0.4359,0.1174,50.49,50.49,OK
ARE,502,2023-12-27,2025-12-26,Sufficient,-0.4204,-0.3376,-0.4922,-0.5086,-0.4359,0.1174,50.49,50.49,OK
SOUX,130,2025-06-24,2025-12-26,Short: 130d,-0.6484,-0.2927,-0.2962,-0.2962,-0.4364,0.1174,50.44,50.44,OK
PSFE,502,2023-12-27,2025-12-26,Sufficient,-0.378,-0.3612,-0.5331,-0.5337,-0.4368,0.1174,50.4,50.4,OK
PSNY,502,2023-12-27,2025-12-26,Sufficient,-0.3884,-0.4733,-0.478,-0.4586,-0.4373,0.1174,50.36,50.36,OK
IMSR,304,2024-10-10,2025-12-26,Sufficient,-0.5661,-0.387,-0.3589,-0.3154,-0.4387,0.1174,50.24,50.24,OK
MNTN,151,2025-05-22,2025-12-26,Short: 151d,-0.3172,-0.4612,-0.5501,-0.5501,-0.4391,0.1174,50.19,50.19,OK
HOYY,62,2025-09-30,2025-12-26,Short: 62d,-0.44,-0.44,-0.44,-0.44,-0.44,0.1174,50.11,50.11,OK
RNAZ,502,2023-12-27,2025-12-26,Sufficient,-0.3156,-0.1267,-0.522,-0.9306,-0.4421,0.1174,49.93,49.93,OK
TZOO,502,2023-12-27,2025-12-26,Sufficient,-0.2997,-0.4749,-0.5039,-0.6431,-0.4443,0.1174,49.74,49.74,OK
DKUP,104,2025-07-31,2025-12-26,Short: 104d,-0.3932,-0.4794,-0.4794,-0.4794,-0.4449,0.1174,49.68,49.68,OK
ALVO,502,2023-12-27,2025-12-26,Sufficient,-0.3693,-0.4245,-0.4923,-0.5799,-0.4471,0.1174,49.49,49.49,OK
ARMU,207,2025-03-04,2025-12-26,Short: 207d,-0.43,-0.6301,-0.3117,-0.4398,-0.4483,0.1174,49.37,49.37,OK
SMYY,62,2025-09-30,2025-12-26,Short: 62d,-0.4499,-0.4499,-0.4499,-0.4499,-0.4499,0.1174,49.23,49.23,OK
ACHC,502,2023-12-27,2025-12-26,Sufficient,-0.4011,-0.3292,-0.5123,-0.6083,-0.4504,0.1174,49.19,49.19,OK
ICRC,60,2025-10-02,2025-12-26,Short: 60d,-0.4515,-0.4515,-0.4515,-0.4515,-0.4515,0.1174,49.09,49.09,OK
QFIN,502,2023-12-27,2025-12-26,Sufficient,-0.3277,-0.5509,-0.5844,-0.4764,-0.4534,0.1174,48.92,48.92,OK
CCRN,502,2023-12-27,2025-12-26,Sufficient,-0.4378,-0.3745,-0.4705,-0.5531,-0.4547,0.1174,48.8,48.8,OK
NVOX,267,2024-12-03,2025-12-26,Sufficient,-0.1866,-0.5384,-0.5939,-0.7694,-0.455,0.1174,48.78,48.78,OK
DKNX,104,2025-07-31,2025-12-26,Short: 104d,-0.4011,-0.4919,-0.4919,-0.4919,-0.4556,0.1174,48.72,48.72,OK
LABX,96,2025-08-12,2025-12-26,Short: 96d,-0.4505,-0.4594,-0.4594,-0.4594,-0.4558,0.1174,48.7,48.7,OK
HPP,502,2023-12-27,2025-12-26,Sufficient,-0.4269,-0.4503,-0.5069,-0.4828,-0.4588,0.1174,48.44,48.44,OK
NVD,502,2023-12-27,2025-12-26,Sufficient,-0.1964,-0.3935,-0.7658,-0.7469,-0.4598,0.1174,48.34,48.34,OK
CBRL,502,2023-12-27,2025-12-26,Sufficient,-0.4297,-0.5711,-0.372,-0.4993,-0.4603,0.1174,48.3,48.3,OK
SG,502,2023-12-27,2025-12-26,Sufficient,-0.1448,-0.4871,-0.7373,-0.7896,-0.4607,0.1174,48.26,48.26,OK
KMLI,137,2025-06-12,2025-12-26,Short: 137d,-0.4529,-0.5191,-0.441,-0.441,-0.4614,0.1174,48.21,48.21,OK
QBTZ,57,2025-10-07,2025-12-26,Short: 57d,-0.4616,-0.4616,-0.4616,-0.4616,-0.4616,0.1174,48.19,48.19,OK
CONL,502,2023-12-27,2025-12-26,Sufficient,-0.5006,-0.6562,-0.0381,-0.6119,-0.4615,0.1174,48.19,48.19,OK
CVKD,502,2023-12-27,2025-12-26,Sufficient,-0.4718,-0.2902,-0.604,-0.4804,-0.4636,0.1174,48.0,48.0,OK
ARMW,45,2025-10-23,2025-12-26,Short: 45d,-0.4637,-0.4637,-0.4637,-0.4637,-0.4637,0.1174,48.0,48.0,OK
IPW,502,2023-12-27,2025-12-26,Sufficient,-0.3968,-0.4717,-0.4425,-0.6104,-0.4636,0.1174,48.0,48.0,OK
GLL,502,2023-12-27,2025-12-26,Sufficient,-0.3212,-0.48,-0.55,-0.6665,-0.4678,0.1174,47.63,47.63,OK
NVDQ,502,2023-12-27,2025-12-26,Sufficient,-0.202,-0.4095,-0.7752,-0.7505,-0.4678,0.1174,47.63,47.63,OK
DUOL,502,2023-12-27,2025-12-26,Sufficient,-0.4434,-0.5583,-0.4544,-0.4621,-0.4723,0.1174,47.23,47.23,OK
HIYY,67,2025-09-23,2025-12-26,Short: 67d,-0.483,-0.4651,-0.4651,-0.4651,-0.4723,0.1174,47.23,47.23,OK
CHPT,502,2023-12-27,2025-12-26,Sufficient,-0.3469,-0.5197,-0.4653,-0.6867,-0.4731,0.1174,47.16,47.16,OK
TSYY,256,2024-12-18,2025-12-26,Sufficient,-0.2922,-0.423,-0.6097,-0.7574,-0.4749,0.1174,47.0,47.0,OK
COIW,216,2025-02-19,2025-12-26,Short: 216d,-0.4389,-0.6111,-0.3292,-0.5636,-0.4764,0.1174,46.86,46.86,OK
SSG,502,2023-12-27,2025-12-26,Sufficient,-0.2402,-0.4414,-0.7669,-0.707,-0.4791,0.1174,46.61,46.61,OK
CHA,175,2025-04-17,2025-12-26,Short: 175d,-0.2946,-0.5468,-0.6332,-0.6332,-0.4805,0.1174,46.5,46.5,OK
LAKE,502,2023-12-27,2025-12-26,Sufficient,-0.4308,-0.3445,-0.5777,-0.6243,-0.4816,0.1174,46.39,46.39,OK
DMRC,502,2023-12-27,2025-12-26,Sufficient,-0.3052,-0.4822,-0.5072,-0.8178,-0.4835,0.1174,46.22,46.22,OK
ARMG,240,2025-01-14,2025-12-26,Short: 240d,-0.4323,-0.6315,-0.3122,-0.611,-0.4839,0.1174,46.19,46.19,OK
OSCX,65,2025-09-25,2025-12-26,Short: 65d,-0.4967,-0.4756,-0.4756,-0.4756,-0.484,0.1174,46.18,46.18,OK
AMDD,220,2025-02-12,2025-12-26,Short: 220d,-0.3611,-0.4415,-0.6342,-0.6237,-0.4843,0.1174,46.15,46.15,OK
TSSI,502,2023-12-27,2025-12-26,Sufficient,-0.5974,-0.765,-0.1645,-0.2974,-0.4843,0.1174,46.15,46.15,OK
BNKD,215,2025-02-20,2025-12-26,Short: 215d,-0.2779,-0.5087,-0.715,-0.6439,-0.4847,0.1174,46.12,46.12,OK
JANX,502,2023-12-27,2025-12-26,Sufficient,-0.3866,-0.3844,-0.5215,-0.7489,-0.4856,0.1174,46.04,46.04,OK
BLSX,45,2025-10-23,2025-12-26,Short: 45d,-0.4857,-0.4857,-0.4857,-0.4857,-0.4857,0.1174,46.03,46.03,OK
FUN,502,2023-12-27,2025-12-26,Sufficient,-0.3201,-0.518,-0.5987,-0.6947,-0.4903,0.1174,45.62,45.62,OK
ACON,502,2023-12-27,2025-12-26,Sufficient,-0.2927,-0.2586,-0.6176,-0.9953,-0.4914,0.1174,45.52,45.52,OK
LENZ,502,2023-12-27,2025-12-26,Sufficient,-0.5986,-0.441,-0.3641,-0.461,-0.4927,0.1174,45.4,45.4,OK
JXG,502,2023-12-27,2025-12-26,Sufficient,-0.3309,-0.6735,-0.7815,-0.347,-0.4927,0.1174,45.4,45.4,OK
GMEU,171,2025-04-24,2025-12-26,Short: 171d,-0.4315,-0.3687,-0.6175,-0.6175,-0.4933,0.1174,45.34,45.34,OK
UVXY,502,2023-12-27,2025-12-26,Sufficient,-0.289,-0.6112,-0.6469,-0.6362,-0.4945,0.1174,45.24,45.24,OK
IMA,502,2023-12-27,2025-12-26,Sufficient,-0.2477,-0.6446,-0.6366,-0.7106,-0.4974,0.1174,44.98,44.98,OK
CRCO,62,2025-09-30,2025-12-26,Short: 62d,-0.4982,-0.4982,-0.4982,-0.4982,-0.4982,0.1174,44.91,44.91,OK
KPDD,201,2025-03-12,2025-12-26,Short: 201d,-0.5398,-0.3272,-0.567,-0.5253,-0.4998,0.1174,44.76,44.76,OK
UPSX,139,2025-06-10,2025-12-26,Short: 139d,-0.4162,-0.6004,-0.5343,-0.5343,-0.5003,0.1174,44.72,44.72,OK
CONY,502,2023-12-27,2025-12-26,Sufficient,-0.3685,-0.5542,-0.5094,-0.7045,-0.501,0.1174,44.66,44.66,OK
LRN,502,2023-12-27,2025-12-26,Sufficient,-0.5537,-0.5453,-0.485,-0.368,-0.5012,0.1174,44.64,44.64,OK
OEC,502,2023-12-27,2025-12-26,Sufficient,-0.3538,-0.5196,-0.6177,-0.6692,-0.5028,0.1174,44.5,44.5,OK
GAMB,502,2023-12-27,2025-12-26,Sufficient,-0.3599,-0.5649,-0.6082,-0.6325,-0.5051,0.1174,44.3,44.3,OK
XBTY,158,2025-05-13,2025-12-26,Short: 158d,-0.4195,-0.5519,-0.5676,-0.5676,-0.5052,0.1174,44.28,44.28,OK
DAVA,502,2023-12-27,2025-12-26,Sufficient,-0.2553,-0.5587,-0.6799,-0.7862,-0.5071,0.1174,44.11,44.11,OK
FLY,99,2025-08-07,2025-12-26,Short: 99d,-0.3513,-0.6133,-0.6133,-0.6133,-0.5085,0.1174,43.99,43.99,OK
FIG,104,2025-07-31,2025-12-26,Short: 104d,-0.2716,-0.6663,-0.6663,-0.6663,-0.5084,0.1174,43.99,43.99,OK
CNSP,502,2023-12-27,2025-12-26,Sufficient,-0.3067,-0.4151,-0.6105,-0.9057,-0.5089,0.1174,43.95,43.95,OK
LFVN,502,2023-12-27,2025-12-26,Sufficient,-0.4043,-0.5217,-0.5961,-0.6287,-0.511,0.1174,43.76,43.76,OK
PLTZ,141,2025-06-06,2025-12-26,Short: 141d,-0.2698,-0.6533,-0.6828,-0.6828,-0.5117,0.1174,43.7,43.7,OK
MSTR,502,2023-12-27,2025-12-26,Sufficient,-0.4862,-0.5863,-0.5107,-0.522,-0.5183,0.1174,43.11,43.11,OK
DOGZ,502,2023-12-27,2025-12-26,Sufficient,-0.2842,-0.6426,-0.6211,-0.7665,-0.5197,0.1174,42.98,42.98,OK
COIA,76,2025-09-10,2025-12-26,Short: 76d,-0.5116,-0.5293,-0.5293,-0.5293,-0.5223,0.1174,42.76,42.76,OK
BITU,437,2024-04-02,2025-12-26,Sufficient,-0.5457,-0.5666,-0.4064,-0.5537,-0.5236,0.1174,42.63,42.63,OK
NOMA,38,2025-11-03,2025-12-26,Short: 38d,-0.5243,-0.5243,-0.5243,-0.5243,-0.5243,0.1174,42.57,42.57,OK
AIYY,502,2023-12-27,2025-12-26,Sufficient,-0.3004,-0.5858,-0.6516,-0.7939,-0.5264,0.1174,42.39,42.39,OK
THRY,502,2023-12-27,2025-12-26,Sufficient,-0.5004,-0.4887,-0.5776,-0.5692,-0.5273,0.1174,42.31,42.31,OK
DOJE,70,2025-09-18,2025-12-26,Short: 70d,-0.4711,-0.5658,-0.5658,-0.5658,-0.5279,0.1174,42.25,42.25,OK
BLSG,43,2025-10-27,2025-12-26,Short: 43d,-0.529,-0.529,-0.529,-0.529,-0.529,0.1174,42.15,42.15,OK
QSX,45,2025-10-23,2025-12-26,Short: 45d,-0.5291,-0.5291,-0.5291,-0.5291,-0.5291,0.1174,42.14,42.14,OK
SMLR,502,2023-12-27,2025-12-26,Sufficient,-0.4103,-0.5664,-0.5478,-0.7292,-0.5328,0.1174,41.81,41.81,OK
LCID,502,2023-12-27,2025-12-26,Sufficient,-0.5238,-0.4618,-0.5285,-0.6319,-0.534,0.1174,41.71,41.71,OK
VG,233,2025-01-24,2025-12-26,Short: 233d,-0.5314,-0.557,-0.3474,-0.7104,-0.5355,0.1174,41.57,41.57,OK
KG,502,2023-12-27,2025-12-26,Sufficient,-0.6198,-0.6363,-0.2162,-0.6169,-0.5418,0.1174,41.01,41.01,OK
TC,502,2023-12-27,2025-12-26,Sufficient,-0.4729,-0.5513,-0.5144,-0.7021,-0.5427,0.1174,40.93,40.93,OK
EXOD,502,2023-12-27,2025-12-26,Sufficient,-0.4711,-0.4948,-0.7116,-0.5698,-0.5437,0.1174,40.84,40.84,OK
CCOI,502,2023-12-27,2025-12-26,Sufficient,-0.4291,-0.532,-0.6332,-0.6992,-0.5445,0.1174,40.76,40.76,OK
MSTK,45,2025-10-23,2025-12-26,Short: 45d,-0.545,-0.545,-0.545,-0.545,-0.545,0.1174,40.72,40.72,OK
TEMT,158,2025-05-13,2025-12-26,Short: 158d,-0.5608,-0.4647,-0.5692,-0.5692,-0.545,0.1174,40.72,40.72,OK
DIME,57,2025-10-07,2025-12-26,Short: 57d,-0.5468,-0.5468,-0.5468,-0.5468,-0.5468,0.1174,40.56,40.56,OK
XYF,502,2023-12-27,2025-12-26,Sufficient,-0.573,-0.6538,-0.6441,-0.2952,-0.5478,0.1174,40.47,40.47,OK
SKIL,502,2023-12-27,2025-12-26,Sufficient,-0.4568,-0.5491,-0.6576,-0.6283,-0.5497,0.1174,40.3,40.3,OK
GLXU,98,2025-08-08,2025-12-26,Short: 98d,-0.5803,-0.5297,-0.5297,-0.5297,-0.55,0.1174,40.28,40.28,OK
GWAV,502,2023-12-27,2025-12-26,Sufficient,-0.1671,-0.7268,-0.7819,-0.9086,-0.5503,0.1174,40.24,40.24,OK
MPL,47,2025-10-21,2025-12-26,Short: 47d,-0.5527,-0.5527,-0.5527,-0.5527,-0.5527,0.1174,40.03,40.03,OK
SMCY,324,2024-09-12,2025-12-26,Sufficient,-0.4425,-0.5941,-0.6009,-0.6855,-0.5531,0.1174,40.0,40.0,OK
NBIL,57,2025-10-07,2025-12-26,Short: 57d,-0.5537,-0.5537,-0.5537,-0.5537,-0.5537,0.1174,39.94,39.94,OK
NMAX,188,2025-03-31,2025-12-26,Short: 188d,-0.3152,-0.3486,-0.8962,-0.8962,-0.5543,0.1174,39.89,39.89,OK
TSDD,502,2023-12-27,2025-12-26,Sufficient,-0.2588,-0.6558,-0.8542,-0.7503,-0.5556,0.1174,39.77,39.77,OK
AURU,56,2025-10-08,2025-12-26,Short: 56d,-0.5588,-0.5588,-0.5588,-0.5588,-0.5588,0.1174,39.48,39.48,OK
LNZA,502,2023-12-27,2025-12-26,Sufficient,-0.4436,-0.4764,-0.5274,-0.9037,-0.5589,0.1174,39.47,39.47,OK
IONZ,130,2025-06-24,2025-12-26,Short: 130d,-0.1686,-0.8207,-0.822,-0.822,-0.5604,0.1174,39.34,39.34,OK
ARCX,139,2025-06-10,2025-12-26,Short: 139d,-0.4222,-0.6067,-0.6897,-0.6897,-0.5661,0.1174,38.83,38.83,OK
CELT,56,2025-10-08,2025-12-26,Short: 56d,-0.5672,-0.5672,-0.5672,-0.5672,-0.5672,0.1174,38.73,38.73,OK
TSLZ,502,2023-12-27,2025-12-26,Sufficient,-0.2709,-0.6658,-0.8594,-0.7698,-0.5673,0.1174,38.72,38.72,OK
SBDS,502,2023-12-27,2025-12-26,Sufficient,-0.6121,-0.5305,-0.2596,-0.8574,-0.5743,0.1174,38.1,38.1,OK
LLYZ,81,2025-09-03,2025-12-26,Short: 81d,-0.582,-0.5715,-0.5715,-0.5715,-0.5757,0.1174,37.97,37.97,OK
COZX,36,2025-11-05,2025-12-26,Short: 36d,-0.5758,-0.5758,-0.5758,-0.5758,-0.5758,0.1174,37.96,37.96,OK
FISV,501,2023-12-27,2025-12-26,Sufficient,-0.4754,-0.6061,-0.6955,-0.6724,-0.5849,0.1174,37.15,37.15,OK
AVXX,44,2025-10-24,2025-12-26,Short: 44d,-0.5868,-0.5868,-0.5868,-0.5868,-0.5868,0.1174,36.98,36.98,OK
NBIG,43,2025-10-27,2025-12-26,Short: 43d,-0.5883,-0.5883,-0.5883,-0.5883,-0.5883,0.1174,36.84,36.84,OK
AIRO,136,2025-06-13,2025-12-26,Short: 136d,-0.5419,-0.6254,-0.6358,-0.6358,-0.5962,0.1174,36.14,36.14,OK
ICOI,185,2025-04-03,2025-12-26,Short: 185d,-0.4866,-0.6977,-0.6553,-0.6553,-0.5963,0.1174,36.13,36.13,OK
IREX,45,2025-10-23,2025-12-26,Short: 45d,-0.5982,-0.5982,-0.5982,-0.5982,-0.5982,0.1174,35.96,35.96,OK
TSLQ,502,2023-12-27,2025-12-26,Sufficient,-0.3362,-0.6905,-0.8683,-0.7748,-0.6012,0.1174,35.69,35.69,OK
COYY,106,2025-07-29,2025-12-26,Short: 106d,-0.5159,-0.6616,-0.6616,-0.6616,-0.6033,0.1174,35.5,35.5,OK
IRE,47,2025-10-21,2025-12-26,Short: 47d,-0.6081,-0.6081,-0.6081,-0.6081,-0.6081,0.1174,35.08,35.08,OK
QSU,47,2025-10-21,2025-12-26,Short: 47d,-0.6085,-0.6085,-0.6085,-0.6085,-0.6085,0.1174,35.04,35.04,OK
IMRA,185,2025-04-03,2025-12-26,Short: 185d,-0.5269,-0.6705,-0.6618,-0.6618,-0.6096,0.1174,34.94,34.94,OK
MSII,143,2025-06-04,2025-12-26,Short: 143d,-0.5377,-0.6602,-0.6578,-0.6578,-0.6103,0.1174,34.88,34.88,OK
SOC,502,2023-12-27,2025-12-26,Sufficient,-0.5681,-0.6278,-0.6736,-0.6212,-0.6118,0.1174,34.75,34.75,OK
DJTWW,441,2024-03-26,2025-12-26,Sufficient,-0.606,-0.606,-0.606,-0.6664,-0.6181,0.1174,34.18,34.18,OK
ARCT,502,2023-12-27,2025-12-26,Sufficient,-0.7221,-0.5379,-0.4867,-0.6269,-0.6191,0.1174,34.08,34.08,OK
GLNK,370,2024-07-09,2025-12-26,Sufficient,-0.5753,-0.438,-0.6132,-0.8949,-0.6193,0.1174,34.07,34.07,OK
GEMI,74,2025-09-12,2025-12-26,Short: 74d,-0.5537,-0.6675,-0.6675,-0.6675,-0.622,0.1174,33.83,33.83,OK
XXRP,182,2025-04-08,2025-12-26,Short: 182d,-0.6805,-0.5935,-0.5807,-0.5807,-0.6232,0.1174,33.72,33.72,OK
SOLT,195,2025-03-20,2025-12-26,Short: 195d,-0.7117,-0.5394,-0.6112,-0.5536,-0.6255,0.1174,33.51,33.51,OK
MTYY,67,2025-09-23,2025-12-26,Short: 67d,-0.6108,-0.6414,-0.6414,-0.6414,-0.6292,0.1174,33.19,33.19,OK
MUD,298,2024-10-18,2025-12-26,Sufficient,-0.5015,-0.6203,-0.7567,-0.7808,-0.6322,0.1174,32.92,32.92,OK
CLIK,305,2024-10-09,2025-12-26,Sufficient,-0.3905,-0.6029,-0.9316,-0.8523,-0.6336,0.1174,32.79,32.79,OK
UVIX,502,2023-12-27,2025-12-26,Sufficient,-0.3988,-0.7401,-0.8146,-0.8238,-0.6352,0.1174,32.65,32.65,OK
HIMY,91,2025-08-19,2025-12-26,Short: 91d,-0.7196,-0.5803,-0.5803,-0.5803,-0.636,0.1174,32.57,32.57,OK
MARO,262,2024-12-10,2025-12-26,Sufficient,-0.5423,-0.6259,-0.6601,-0.8105,-0.6362,0.1174,32.56,32.56,OK
ETHZ,502,2023-12-27,2025-12-26,Sufficient,-0.7936,-0.3759,-0.4971,-0.723,-0.6366,0.1174,32.52,32.52,OK
XRPT,151,2025-05-22,2025-12-26,Short: 151d,-0.6586,-0.528,-0.6716,-0.6716,-0.6377,0.1174,32.43,32.43,OK
BTF,502,2023-12-27,2025-12-26,Sufficient,-0.6884,-0.5945,-0.5132,-0.7663,-0.6502,0.1174,31.31,31.31,OK
FMC,502,2023-12-27,2025-12-26,Sufficient,-0.5969,-0.684,-0.6819,-0.7274,-0.6574,0.1174,30.66,30.66,OK
DUST,502,2023-12-27,2025-12-26,Sufficient,-0.4173,-0.7441,-0.8163,-0.9004,-0.6591,0.1174,30.51,30.51,OK
KRRO,502,2023-12-27,2025-12-26,Sufficient,-0.8003,-0.325,-0.5582,-0.8124,-0.6593,0.1174,30.5,30.5,OK
SMCX,339,2024-08-21,2025-12-26,Sufficient,-0.6335,-0.7201,-0.6099,-0.7098,-0.6613,0.1174,30.31,30.31,OK
LABD,502,2023-12-27,2025-12-26,Sufficient,-0.5493,-0.7371,-0.7585,-0.7136,-0.6616,0.1174,30.29,30.29,OK
MSTY,464,2024-02-22,2025-12-26,Sufficient,-0.5466,-0.7139,-0.7287,-0.7913,-0.6654,0.1174,29.95,29.95,OK
SMCC,90,2025-08-20,2025-12-26,Short: 90d,-0.6843,-0.6533,-0.6533,-0.6533,-0.6657,0.1174,29.92,29.92,OK
HIMZ,200,2025-03-13,2025-12-26,Short: 200d,-0.7225,-0.685,-0.6032,-0.6091,-0.6684,0.1174,29.67,29.67,OK
IMST,185,2025-04-03,2025-12-26,Short: 185d,-0.5939,-0.7397,-0.7177,-0.7177,-0.6726,0.1174,29.3,29.3,OK
ETHI,70,2025-09-18,2025-12-26,Short: 70d,-0.6255,-0.7059,-0.7059,-0.7059,-0.6737,0.1174,29.2,29.2,OK
SLON,116,2025-07-15,2025-12-26,Short: 116d,-0.7184,-0.6439,-0.6439,-0.6439,-0.6737,0.1174,29.2,29.2,OK
SBTU,47,2025-10-21,2025-12-26,Short: 47d,-0.675,-0.675,-0.675,-0.675,-0.675,0.1174,29.09,29.09,OK
WKHS,502,2023-12-27,2025-12-26,Sufficient,-0.5687,-0.5914,-0.7728,-0.9508,-0.6905,0.1174,27.7,27.7,OK
MLGO,502,2023-12-27,2025-12-26,Sufficient,-0.4545,-0.6619,-0.9881,-0.8946,-0.6907,0.1174,27.68,27.68,OK
BULX,81,2025-09-03,2025-12-26,Short: 81d,-0.7461,-0.6629,-0.6629,-0.6629,-0.6962,0.1174,27.19,27.19,OK
FLGC,502,2023-12-27,2025-12-26,Sufficient,-0.655,-0.694,-0.721,-0.8239,-0.7098,0.1174,25.98,25.98,OK
CRWU,107,2025-07-28,2025-12-26,Short: 107d,-0.7065,-0.7259,-0.7259,-0.7259,-0.7182,0.1174,25.22,25.22,OK
UXRP,116,2025-07-15,2025-12-26,Short: 116d,-0.6619,-0.7559,-0.7559,-0.7559,-0.7183,0.1174,25.21,25.21,OK
CWVX,118,2025-07-11,2025-12-26,Short: 118d,-0.6888,-0.7572,-0.7572,-0.7572,-0.7298,0.1174,24.18,24.18,OK
MLTX,502,2023-12-27,2025-12-26,Sufficient,-0.7769,-0.709,-0.6529,-0.7348,-0.7301,0.1174,24.16,24.16,OK
MRAL,204,2025-03-07,2025-12-26,Short: 204d,-0.7146,-0.7121,-0.7172,-0.8145,-0.7346,0.1174,23.75,23.75,OK
MSTW,109,2025-07-24,2025-12-26,Short: 109d,-0.6529,-0.7912,-0.7912,-0.7912,-0.7359,0.1174,23.64,23.64,OK
RKLZ,27,2025-11-18,2025-12-26,Short: 27d,-0.7545,-0.7545,-0.7545,-0.7545,-0.7545,0.1174,21.97,21.97,OK
SEAT,502,2023-12-27,2025-12-26,Sufficient,-0.5977,-0.7928,-0.8884,-0.9053,-0.7564,0.1174,21.8,21.8,OK
BULU,104,2025-07-31,2025-12-26,Short: 104d,-0.758,-0.7559,-0.7559,-0.7559,-0.7567,0.1174,21.77,21.77,OK
FRMI,61,2025-10-01,2025-12-26,Short: 61d,-0.7658,-0.7658,-0.7658,-0.7658,-0.7658,0.1174,20.96,20.96,OK
KXIN,502,2023-12-27,2025-12-26,Sufficient,-0.7183,-0.7778,-0.7897,-0.8726,-0.7753,0.1174,20.11,20.11,OK
FLYE,391,2024-06-06,2025-12-26,Sufficient,-0.6103,-0.9339,-0.8667,-0.8731,-0.7788,0.1174,19.79,19.79,OK
TGL,502,2023-12-27,2025-12-26,Sufficient,-0.7004,-0.6662,-0.9319,-0.9653,-0.7929,0.1174,18.54,18.54,OK
MNTS,502,2023-12-27,2025-12-26,Sufficient,-0.7236,-0.753,-0.8349,-0.9564,-0.7983,0.1174,18.05,18.05,OK
BMNU,64,2025-09-26,2025-12-26,Short: 64d,-0.8007,-0.8007,-0.8007,-0.8007,-0.8007,0.1174,17.84,17.84,OK
GDXD,502,2023-12-27,2025-12-26,Sufficient,-0.6152,-0.8928,-0.9428,-0.9782,-0.8089,0.1174,17.11,17.11,OK
QUBX,130,2025-06-24,2025-12-26,Short: 130d,-0.8131,-0.8046,-0.8106,-0.8106,-0.8104,0.1174,16.97,16.97,OK
MSTU,320,2024-09-18,2025-12-26,Sufficient,-0.7879,-0.8838,-0.8704,-0.9118,-0.8484,0.1174,13.57,13.57,OK
NXTT,502,2023-12-27,2025-12-26,Sufficient,-0.7047,-0.9837,-0.8967,-0.9844,-0.8548,0.1174,12.99,12.99,OK
MST,165,2025-05-02,2025-12-26,Short: 165d,-0.8074,-0.9096,-0.9249,-0.9249,-0.8748,0.1174,11.2,11.2,OK
OWLS,50,2025-10-16,2025-12-26,Short: 50d,-0.8882,-0.8882,-0.8882,-0.8882,-0.8882,0.1174,10.0,10.0,OK
SMU,118,2025-07-11,2025-12-26,Short: 118d,-0.897,-0.9157,-0.9157,-0.9157,-0.9082,0.1174,8.21,8.21,OK
NNAVW,1,2025-12-26,2025-12-26,Short: 1d,0.0,0.0,0.0,0.0,0.0,0.1174,,89.5,MISMATCH
RGC,502,2023-12-27,2025-12-26,Sufficient,0.4013,0.2161,22.0594,167.5707,38.1298,0.1174,,,MISMATCH
CCCXW,1,2025-12-26,2025-12-26,Short: 1d,0.0,0.0,0.0,0.0,0.0,0.1174,,89.5,MISMATCH
ABVX,502,2023-12-27,2025-12-26,Sufficient,0.7179,18.2311,19.8666,18.3619,11.5791,0.1174,,,MISMATCH
EMP,1,2025-12-26,2025-12-26,Short: 1d,0.0,0.0,0.0,0.0,0.0,0.1174,,89.5,MISMATCH
CORZW,1,2025-12-26,2025-12-26,Short: 1d,0.0,0.0,0.0,0.0,0.0,0.1174,,89.5,MISMATCH
SFB,1,2025-12-26,2025-12-26,Short: 1d,0.0,0.0,0.0,0.0,0.0,0.1174,,89.5,MISMATCH
GLTO,502,2023-12-27,2025-12-26,Sufficient,6.7415,8.9825,8.9534,6.2315,7.5301,0.1174,,,MISMATCH
MFICL,1,2025-12-26,2025-12-26,Short: 1d,0.0,0.0,0.0,0.0,0.0,0.1174,,89.5,MISMATCH
RGTIW,1,2025-12-26,2025-12-26,Short: 1d,0.0,0.0,0.0,0.0,0.0,0.1174,,89.5,MISMATCH
EAI,1,2025-12-26,2025-12-26,Short: 1d,0.0,0.0,0.0,0.0,0.0,0.1174,,89.5,MISMATCH
DHCNL,1,2025-12-26,2025-12-26,Short: 1d,0.0,0.0,0.0,0.0,0.0,0.1174,,89.5,MISMATCH
CORZZ,1,2025-12-26,2025-12-26,Short: 1d,0.0,0.0,0.0,0.0,0.0,0.1174,,89.5,MISMATCH
TERN,502,2023-12-27,2025-12-26,Sufficient,4.4346,9.8407,12.3077,6.0017,7.4038,0.1174,,,MISMATCH
CLSM,502,2023-12-27,2025-12-26,Sufficient,7.3649,7.8947,8.1155,8.0851,7.765,0.1174,,,MISMATCH
