IndustryRank,Ticker,Price,Sector,Industry,RS Percentile,1M_RS Percentile,3M_RS Percentile,6M_RS Percentile,ATR,ADR,Gap (%),IPO,HVE
1,MF,16.38,Communication Services,Advertising Agencies,97.0,98.0,98.0,0.0,2.6333,2.4744,0.0,NO,NO
2,QNST,20.62,Communication Services,Advertising Agencies,95.0,96.0,97.0,96.0,1.1264,0.8279,0.2,NO,NO
3,MGNI,23.5,Communication Services,Advertising Agencies,95.0,95.0,97.0,96.0,1.1457,0.9621,0.56,NO,NO
4,ZD,56.08,Communication Services,Advertising Agencies,94.0,79.0,93.0,96.0,2.1779,1.9979,0.0,NO,NO
5,WPP,26.37,Communication Services,Advertising Agencies,87.0,97.0,95.0,91.0,1.3007,0.825,0.0,NO,NO
1,DFNS,20.61,Industrials,Aerospace & Defense,98.0,99.0,98.0,98.0,6.9978,6.2007,0.0,NO,NO
2,SIF,21.02,Industrials,Aerospace & Defense,97.0,2.0,72.0,95.0,2.3328,1.9814,0.0,NO,NO
3,DCO,191.65,Industrials,Aerospace & Defense,95.0,81.0,93.0,93.0,8.1271,7.705,0.0,NO,NO
4,ATRO,78.0,Industrials,Aerospace & Defense,95.0,82.0,89.0,86.0,5.7635,5.2135,0.79,NO,NO
5,IA,21.46,Industrials,Aerospace & Defense,94.0,82.0,94.0,8.0,1.4636,1.4621,0.76,NO,NO
1,CF,129.6,Basic Materials,Agricultural Inputs,88.0,47.0,67.0,89.0,5.0832,4.5583,1.38,NO,NO
2,IPI,38.98,Basic Materials,Agricultural Inputs,80.0,86.0,15.0,78.0,1.7071,1.6579,1.36,NO,NO
3,UAN,125.9,Basic Materials,Agricultural Inputs,78.0,42.0,48.0,86.0,3.8414,3.3043,0.41,NO,NO
4,NTR,75.27,Basic Materials,Agricultural Inputs,74.0,82.0,69.0,52.0,1.8834,1.6676,1.04,NO,NO
5,CTVA,81.79,Basic Materials,Agricultural Inputs,58.0,6.0,53.0,56.0,2.0225,1.8799,0.98,NO,NO
1,DAL,82.41,Industrials,Airlines,83.0,34.0,74.0,81.0,2.2461,1.8911,1.43,NO,NO
2,UAL,113.17,Industrials,Airlines,65.0,15.0,82.0,36.0,3.7314,3.1907,0.0,NO,NO
3,ALGT,81.85,Industrials,Airlines,57.0,3.0,38.0,3.0,5.0121,4.5536,2.68,NO,NO
4,SKYW,101.09,Industrials,Airlines,46.0,68.0,87.0,26.0,2.9221,2.6686,0.0,NO,NO
5,LUV,40.38,Industrials,Airlines,45.0,5.0,24.0,3.0,1.315,1.1768,0.0,NO,NO
1,CAAP,23.46,Industrials,Airports & Air Services,13.0,8.0,10.0,4.0,0.9271,0.8989,0.34,NO,NO
2,OMAB,102.87,Industrials,Airports & Air Services,9.0,17.0,20.0,3.0,2.9393,2.8174,0.63,NO,NO
3,PAC,212.18,Industrials,Airports & Air Services,4.0,16.0,6.0,2.0,5.2643,5.0868,0.0,NO,NO
4,ASR,262.58,Industrials,Airports & Air Services,3.0,13.0,5.0,1.0,6.7811,6.5739,0.0,NO,NO
1,KALU,154.16,Basic Materials,Aluminum,89.0,3.0,8.0,81.0,9.8579,8.7007,0.0,NO,NO
2,CSTM,27.04,Basic Materials,Aluminum,86.0,5.0,4.0,53.0,1.1514,1.03,1.77,NO,NO
3,CENX,43.92,Basic Materials,Aluminum,76.0,9.0,2.0,5.0,3.3871,3.1307,0.0,NO,NO
4,AA,51.85,Basic Materials,Aluminum,63.0,87.0,3.0,7.0,2.35,1.8588,0.0,NO,NO
1,KTB,82.01,Consumer Cyclical,Apparel Manufacturing,74.0,16.0,86.0,79.0,3.5018,3.0718,0.65,NO,NO
2,GIII,33.78,Consumer Cyclical,Apparel Manufacturing,73.0,15.0,78.0,52.0,0.8443,0.7922,1.45,NO,NO
3,RL,372.59,Consumer Cyclical,Apparel Manufacturing,49.0,30.0,27.0,21.0,12.9757,12.4036,0.0,NO,NO
4,COLM,60.33,Consumer Cyclical,Apparel Manufacturing,39.0,14.0,20.0,14.0,1.4175,1.2975,0.91,NO,NO
5,LEVI,21.49,Consumer Cyclical,Apparel Manufacturing,29.0,4.0,22.0,14.0,0.6189,0.5925,1.08,NO,NO
1,VSXY,85.39,Consumer Cyclical,Apparel Retail,97.0,53.0,97.0,89.0,4.307,4.0941,0.0,NO,NO
2,CTRN,71.71,Consumer Cyclical,Apparel Retail,96.0,89.0,98.0,94.0,3.1436,3.0693,0.81,NO,NO
3,JILL,20.21,Consumer Cyclical,Apparel Retail,92.0,92.0,97.0,77.0,0.7802,0.7662,0.0,NO,NO
4,ANF,109.01,Consumer Cyclical,Apparel Retail,89.0,91.0,95.0,73.0,4.8093,4.7168,2.11,NO,NO
5,ROST,239.04,Consumer Cyclical,Apparel Retail,87.0,51.0,76.0,81.0,5.9686,5.4071,0.0,NO,NO
1,MAAS,15.62,Financial Services,Asset Management,98.0,7.0,95.0,98.0,1.774,1.7663,0.0,NO,NO
2,AAMI,92.3,Financial Services,Asset Management,95.0,88.0,91.0,95.0,2.5809,2.4527,1.01,NO,NO
3,VCTR,115.63,Financial Services,Asset Management,94.0,91.0,93.0,94.0,3.7046,3.5304,0.73,NO,NO
4,WT,23.51,Financial Services,Asset Management,94.0,91.0,89.0,92.0,0.8621,0.815,1.24,NO,NO
5,TWN,97.62,Financial Services,Asset Management,93.0,86.0,72.0,94.0,2.9089,2.2954,0.0,NO,NO
1,KMX,62.13,Consumer Cyclical,Auto & Truck Dealerships,93.0,74.0,97.0,91.0,2.0771,2.0536,0.98,NO,NO
2,PAG,216.87,Consumer Cyclical,Auto & Truck Dealerships,88.0,35.0,93.0,88.0,2.7932,2.7368,0.0,NO,NO
3,RUSHB,79.16,Consumer Cyclical,Auto & Truck Dealerships,88.0,72.0,88.0,81.0,2.0136,1.9421,0.79,NO,NO
4,LAD,370.73,Consumer Cyclical,Auto & Truck Dealerships,86.0,84.0,93.0,86.0,10.9609,10.4802,0.0,NO,NO
5,RUSHA,78.78,Consumer Cyclical,Auto & Truck Dealerships,85.0,64.0,81.0,53.0,2.1371,2.1071,0.44,NO,NO
1,GM,87.93,Consumer Cyclical,Auto Manufacturers,83.0,81.0,83.0,58.0,2.0764,2.0107,0.0,NO,NO
2,RIVN,16.97,Consumer Cyclical,Auto Manufacturers,80.0,53.0,88.0,68.0,0.6479,0.6054,0.44,NO,NO
3,HMC,33.37,Consumer Cyclical,Auto Manufacturers,71.0,91.0,91.0,65.0,0.6193,0.4093,1.23,NO,NO
4,RACE,436.54,Consumer Cyclical,Auto Manufacturers,69.0,92.0,91.0,81.0,6.8571,5.4936,1.2,NO,NO
5,TM,197.35,Consumer Cyclical,Auto Manufacturers,17.0,84.0,56.0,5.0,3.0357,1.9792,2.28,NO,NO
1,VGNT,49.23,Consumer Cyclical,Auto Parts,92.0,91.0,88.0,,2.1421,2.0421,0.41,NO,NO
2,MLR,57.2,Consumer Cyclical,Auto Parts,89.0,84.0,90.0,89.0,2.0486,1.9757,0.0,NO,NO
3,ALSN,133.23,Consumer Cyclical,Auto Parts,89.0,84.0,89.0,70.0,4.7243,4.6779,0.68,NO,NO
4,MGA,73.05,Consumer Cyclical,Auto Parts,88.0,84.0,84.0,71.0,1.9336,1.7821,1.05,NO,NO
5,GTX,26.62,Consumer Cyclical,Auto Parts,88.0,2.0,3.0,91.0,1.0293,1.0071,0.15,NO,NO
1,BBVA,29.04,Financial Services,Banks - Diversified,89.0,88.0,92.0,85.0,0.37,0.3218,0.94,NO,NO
2,BNY,158.49,Financial Services,Banks - Diversified,88.0,18.0,83.0,90.0,2.7529,2.5579,0.0,NO,NO
3,HSBC,104.15,Financial Services,Banks - Diversified,87.0,47.0,82.0,80.0,1.535,1.1364,1.58,NO,NO
4,BMO,174.43,Financial Services,Banks - Diversified,85.0,17.0,74.0,81.0,3.2657,3.1571,0.87,NO,NO
5,MUFG,22.04,Financial Services,Banks - Diversified,84.0,14.0,82.0,74.0,0.5,0.2839,0.0,NO,NO
1,CIB,101.43,Financial Services,Banks - Regional,94.0,89.0,96.0,87.0,3.4686,3.1086,1.06,NO,NO
2,HFBL,26.83,Financial Services,Banks - Regional,94.0,93.0,94.0,92.0,0.5879,0.4793,3.65,NO,NO
3,MSBI,32.85,Financial Services,Banks - Regional,94.0,73.0,87.0,91.0,0.7461,0.7372,0.0,NO,NO
4,GCBC,34.8,Financial Services,Banks - Regional,92.0,74.0,94.0,94.0,0.897,0.897,0.14,NO,NO
5,CARE,31.25,Financial Services,Banks - Regional,92.0,6.0,85.0,92.0,0.9771,0.9743,0.0,NO,NO
1,FMX,120.68,Consumer Defensive,Beverages - Brewers,69.0,9.0,27.0,53.0,2.5257,2.4382,1.01,NO,NO
2,BUD,78.92,Consumer Defensive,Beverages - Brewers,52.0,15.0,12.0,37.0,1.4771,1.0907,0.14,NO,NO
3,TAP,42.94,Consumer Defensive,Beverages - Brewers,9.0,77.0,40.0,7.0,1.2857,1.1586,0.0,NO,NO
4,SAM,185.95,Consumer Defensive,Beverages - Brewers,8.0,75.0,33.0,4.0,6.5479,5.8418,0.0,NO,NO
5,STZ,135.66,Consumer Defensive,Beverages - Brewers,7.0,68.0,7.0,7.0,3.3993,3.1143,0.11,NO,NO
1,KO,91.1,Consumer Defensive,Beverages - Non-Alcoholic,77.0,85.0,80.0,75.0,1.3521,1.2607,0.39,NO,NO
2,COKE,189.1,Consumer Defensive,Beverages - Non-Alcoholic,77.0,73.0,69.0,46.0,7.3321,7.2514,0.16,NO,NO
3,COCO,63.35,Consumer Defensive,Beverages - Non-Alcoholic,76.0,6.0,3.0,79.0,2.6896,2.6431,0.0,NO,NO
4,KOF,112.19,Consumer Defensive,Beverages - Non-Alcoholic,68.0,82.0,59.0,31.0,2.1814,1.9807,0.0,NO,NO
5,CCEP,108.0,Consumer Defensive,Beverages - Non-Alcoholic,67.0,63.0,83.0,41.0,2.2414,1.9177,0.48,NO,NO
1,DEO,94.62,Consumer Defensive,Beverages - Wineries & Distilleries,29.0,88.0,76.0,14.0,2.2479,1.5286,0.0,NO,NO
2,MGPI,18.06,Consumer Defensive,Beverages - Wineries & Distilleries,3.0,47.0,31.0,1.0,0.7413,0.7041,0.39,NO,NO
1,MRNA,145.13,Healthcare,Biotechnology,98.0,98.0,98.0,98.0,16.1045,10.9349,0.0,NO,NO
2,XNCR,27.8,Healthcare,Biotechnology,98.0,97.0,98.0,98.0,1.3435,1.3217,1.39,NO,NO
3,FBRX,76.92,Healthcare,Biotechnology,98.0,94.0,98.0,98.0,0.1057,0.095,0.0,NO,NO
4,SLS,15.46,Healthcare,Biotechnology,98.0,93.0,98.0,98.0,1.0521,1.0193,2.16,NO,NO
5,ORKA,107.96,Healthcare,Biotechnology,98.0,90.0,98.0,98.0,5.3127,5.2641,0.0,NO,NO
1,BBGI,20.23,Communication Services,Broadcasting,98.0,8.0,94.0,98.0,2.6107,2.5307,0.0,NO,NO
2,NXST,186.14,Communication Services,Broadcasting,9.0,50.0,20.0,4.0,7.4886,7.2814,0.0,NO,NO
1,JHX,30.43,Basic Materials,Building Materials,93.0,90.0,95.0,83.0,0.9979,0.8286,0.0,NO,NO
2,RMIX,17.54,Basic Materials,Building Materials,90.0,16.0,74.0,,1.2443,1.235,0.0,NO,NO
3,USLM,118.89,Basic Materials,Building Materials,51.0,84.0,80.0,62.0,3.4418,3.4104,0.0,NO,NO
4,VMC,276.04,Basic Materials,Building Materials,22.0,33.0,62.0,10.0,6.1407,5.9571,0.8,NO,NO
5,EXP,207.03,Basic Materials,Building Materials,17.0,24.0,56.0,8.0,5.98,5.6246,0.97,NO,NO
1,GFF,100.55,Industrials,Building Products & Equipment,86.0,86.0,87.0,74.0,4.0893,3.6343,0.41,NO,NO
2,OC,148.06,Industrials,Building Products & Equipment,82.0,75.0,92.0,69.0,5.3129,4.7721,0.0,NO,NO
3,NX,20.28,Industrials,Building Products & Equipment,77.0,84.0,86.0,9.0,0.9379,0.8107,1.52,NO,NO
4,TREX,46.83,Industrials,Building Products & Equipment,72.0,83.0,88.0,71.0,2.0621,1.98,0.0,NO,NO
5,JCI,143.05,Industrials,Building Products & Equipment,68.0,22.0,63.0,32.0,4.1657,3.9364,0.0,NO,NO
1,EBF,21.57,Industrials,Business Equipment & Supplies,68.0,39.0,70.0,51.0,0.4647,0.4647,0.0,NO,NO
1,HUT,80.86,Financial Services,Capital Markets,96.0,0.0,2.0,93.0,8.8958,8.3726,0.0,NO,NO
2,MRX,72.99,Financial Services,Capital Markets,95.0,86.0,93.0,95.0,3.5361,3.2304,2.37,NO,NO
3,VIRT,67.93,Financial Services,Capital Markets,94.0,87.0,92.0,95.0,3.1817,3.1259,0.0,NO,NO
4,OPY,115.99,Financial Services,Capital Markets,92.0,71.0,88.0,89.0,3.9779,3.8086,0.84,NO,NO
5,GOLD,46.21,Financial Services,Capital Markets,89.0,89.0,78.0,4.0,2.0217,1.7353,0.0,NO,NO
1,GPRE,16.25,Basic Materials,Chemicals,91.0,9.0,71.0,77.0,0.72,0.6743,0.0,NO,NO
2,MEOH,60.1,Basic Materials,Chemicals,89.0,57.0,40.0,83.0,2.2129,2.0243,1.16,NO,NO
3,VHI,16.79,Basic Materials,Chemicals,83.0,93.0,93.0,76.0,0.8757,0.8629,0.0,NO,NO
4,REX,44.67,Basic Materials,Chemicals,81.0,16.0,9.0,88.0,1.2029,1.1821,0.0,NO,NO
5,DOW,32.35,Basic Materials,Chemicals,68.0,66.0,7.0,52.0,1.0841,1.0052,0.0,NO,NO
1,HCC,106.73,Basic Materials,Coking Coal,91.0,95.0,91.0,86.0,4.9576,4.5066,1.78,NO,NO
2,AMR,210.01,Basic Materials,Coking Coal,86.0,97.0,89.0,82.0,9.6694,8.8309,3.32,NO,NO
1,LITE,866.71,Technology,Communication Equipment,98.0,60.0,7.0,88.0,83.6886,76.275,0.0,NO,NO
2,AAOI,124.82,Technology,Communication Equipment,98.0,84.0,1.0,97.0,17.0522,15.3874,0.0,NO,NO
3,HPE,53.45,Technology,Communication Equipment,97.0,85.0,96.0,98.0,3.0299,2.8394,0.78,NO,NO
4,SILC,43.94,Technology,Communication Equipment,97.0,60.0,49.0,97.0,3.8636,3.6386,3.7,NO,NO
5,VIAV,38.9,Technology,Communication Equipment,96.0,7.0,3.0,92.0,3.2307,2.7664,0.0,NO,NO
1,QMCO,22.25,Technology,Computer Hardware,98.0,98.0,98.0,98.0,2.4629,2.2179,1.51,NO,NO
2,ALOT,28.92,Technology,Computer Hardware,98.0,37.0,98.0,98.0,0.0579,0.0557,0.0,NO,NO
3,DELL,442.08,Technology,Computer Hardware,98.0,35.0,97.0,98.0,29.7586,26.6364,1.05,NO,NO
4,STX,850.0,Technology,Computer Hardware,98.0,7.0,60.0,97.0,64.275,59.225,0.0,NO,NO
5,SNDK,1596.08,Technology,Computer Hardware,98.0,18.0,53.0,98.0,132.8797,113.1847,0.0,NO,NO
1,MDLZ,64.45,Consumer Defensive,Confectioners,47.0,77.0,60.0,63.0,1.2525,1.1354,0.25,NO,NO
2,TR,40.99,Consumer Defensive,Confectioners,38.0,79.0,41.0,40.0,0.9621,0.9229,0.0,NO,NO
3,HSY,186.46,Consumer Defensive,Confectioners,13.0,80.0,19.0,6.0,3.5825,3.4261,0.0,NO,NO
1,RCMT,40.86,Industrials,Conglomerates,97.0,97.0,98.0,97.0,1.8714,1.5643,0.0,NO,NO
2,AIRT,28.75,Industrials,Conglomerates,88.0,64.0,94.0,85.0,2.1607,1.8457,0.0,NO,NO
3,MMM,178.96,Industrials,Conglomerates,67.0,71.0,86.0,56.0,3.415,3.415,0.0,NO,NO
4,VMI,485.83,Industrials,Conglomerates,59.0,19.0,14.0,44.0,12.0536,11.345,0.0,NO,NO
5,GHC,1166.93,Industrials,Conglomerates,49.0,45.0,67.0,54.0,32.8529,32.8021,0.52,NO,NO
1,HURN,161.64,Industrials,Consulting Services,87.0,97.0,96.0,84.0,6.0175,5.7789,0.0,NO,NO
2,EFTY,15.02,Industrials,Consulting Services,85.0,38.0,20.0,31.0,0.0,0.0,0.0,NO,NO
3,ICFI,89.01,Industrials,Consulting Services,73.0,88.0,92.0,72.0,3.5643,3.3386,0.0,NO,NO
4,CRAI,176.9,Industrials,Consulting Services,51.0,72.0,88.0,53.0,6.8529,6.6621,0.0,NO,NO
5,EFX,192.62,Industrials,Consulting Services,32.0,88.0,86.0,24.0,6.2736,5.9886,0.0,NO,NO
1,AAPL,309.35,Technology,Consumer Electronics,69.0,11.0,43.0,79.0,6.4071,6.0343,0.0,NO,NO
2,SONO,15.83,Technology,Consumer Electronics,48.0,81.0,70.0,43.0,0.6975,0.6732,0.0,NO,NO
3,SONY,23.92,Technology,Consumer Electronics,17.0,88.0,65.0,62.0,0.4829,0.3143,0.76,NO,NO
1,ERO,39.42,Basic Materials,Copper,96.0,97.0,95.0,88.0,2.0004,1.6289,4.5,NO,NO
2,HBM,30.06,Basic Materials,Copper,95.0,95.0,89.0,82.0,1.3139,0.9925,2.49,NO,NO
3,SCCO,216.0,Basic Materials,Copper,94.0,86.0,90.0,69.0,8.9493,6.5238,4.08,NO,NO
4,FCX,76.66,Basic Materials,Copper,93.0,92.0,89.0,81.0,2.9157,2.3063,4.55,NO,NO
5,TECK,69.2,Basic Materials,Copper,92.0,88.0,76.0,78.0,2.2115,1.6137,3.26,NO,NO
1,PMTS,28.04,Financial Services,Credit Services,97.0,97.0,97.0,97.0,1.8478,1.8039,0.0,NO,NO
2,ENVA,242.93,Financial Services,Credit Services,96.0,84.0,96.0,95.0,8.0611,7.685,0.81,NO,NO
3,ECPG,101.21,Financial Services,Credit Services,96.0,90.0,90.0,95.0,4.5164,4.0636,1.29,NO,NO
4,SEZL,119.11,Financial Services,Credit Services,94.0,1.0,81.0,96.0,12.8621,9.1479,0.15,NO,NO
5,BFH,105.91,Financial Services,Credit Services,93.0,46.0,90.0,91.0,3.1686,3.0243,1.32,NO,NO
1,KSS,17.6,Consumer Cyclical,Department Stores,82.0,12.0,94.0,14.0,0.9191,0.8809,1.04,NO,NO
2,M,22.82,Consumer Cyclical,Department Stores,82.0,15.0,78.0,40.0,0.7757,0.7511,0.0,NO,NO
3,DDS,621.63,Consumer Cyclical,Department Stores,54.0,83.0,81.0,12.0,29.785,27.4829,1.06,NO,NO
1,TWST,145.59,Healthcare,Diagnostics & Research,98.0,98.0,98.0,98.0,9.8557,8.4407,1.54,NO,NO
2,PSNL,18.38,Healthcare,Diagnostics & Research,98.0,97.0,98.0,97.0,0.8429,0.7704,0.0,NO,NO
3,CDNA,48.61,Healthcare,Diagnostics & Research,98.0,95.0,98.0,98.0,1.9086,1.8888,0.0,NO,NO
4,BDSX,26.63,Healthcare,Diagnostics & Research,98.0,91.0,97.0,97.0,2.2436,2.1972,0.92,NO,NO
5,NEO,16.98,Healthcare,Diagnostics & Research,97.0,91.0,98.0,95.0,0.6254,0.5911,0.42,NO,NO
1,TBBB,50.66,Consumer Defensive,Discount Stores,94.0,94.0,94.0,90.0,2.2012,2.003,0.46,NO,NO
2,TGT,165.44,Consumer Defensive,Discount Stores,93.0,92.0,93.0,92.0,4.8557,4.64,1.78,NO,NO
3,PSMT,172.87,Consumer Defensive,Discount Stores,84.0,7.0,61.0,71.0,6.5664,6.3586,1.27,NO,NO
4,DLTR,131.48,Consumer Defensive,Discount Stores,82.0,84.0,94.0,25.0,3.4471,3.2764,1.39,NO,NO
5,DG,123.41,Consumer Defensive,Discount Stores,52.0,77.0,86.0,5.0,3.4993,3.2093,0.95,NO,NO
1,MRK,152.55,Healthcare,Drug Manufacturers - General,92.0,89.0,93.0,86.0,4.4971,3.7921,0.09,NO,NO
2,LLY,1255.4,Healthcare,Drug Manufacturers - General,88.0,72.0,88.0,85.0,45.2464,40.81,0.0,NO,NO
3,AMGN,439.33,Healthcare,Drug Manufacturers - General,87.0,90.0,92.0,79.0,11.9957,11.335,0.0,NO,NO
4,JNJ,270.24,Healthcare,Drug Manufacturers - General,84.0,63.0,85.0,69.0,5.4082,5.0982,0.17,NO,NO
5,BIIB,216.78,Healthcare,Drug Manufacturers - General,83.0,79.0,83.0,72.0,5.8771,5.5693,0.0,NO,NO
1,AMLX,38.66,Healthcare,Drug Manufacturers - Specialty & Generic,98.0,98.0,98.0,98.0,2.756,2.2541,0.0,NO,NO
2,ETON,63.47,Healthcare,Drug Manufacturers - Specialty & Generic,98.0,97.0,98.0,98.0,4.1586,3.2814,0.0,NO,NO
3,ANIK,21.78,Healthcare,Drug Manufacturers - Specialty & Generic,97.0,97.0,95.0,97.0,1.2436,1.2286,0.19,NO,NO
4,KNSA,79.03,Healthcare,Drug Manufacturers - Specialty & Generic,96.0,93.0,95.0,95.0,2.5436,2.4629,0.0,NO,NO
5,LQDA,68.62,Healthcare,Drug Manufacturers - Specialty & Generic,96.0,1.0,78.0,97.0,5.0554,4.7504,0.0,NO,NO
1,BWET,468.41,ETF,ETF,98.0,98.0,98.0,98.0,23.3573,20.01,1.34,NO,NO
2,MRNX,87.53,ETF,ETF,98.0,98.0,98.0,98.0,17.75,11.3343,0.0,NO,NO
3,UNX,117.69,ETF,ETF,98.0,98.0,98.0,98.0,7.2121,5.7111,0.0,NO,NO
4,SNOU,67.77,ETF,ETF,98.0,97.0,98.0,98.0,4.6351,4.4737,0.95,NO,NO
5,PALU,54.23,ETF,ETF,98.0,90.0,98.0,98.0,4.6393,4.51,0.29,NO,NO
1,DAO,18.34,Consumer Defensive,Education & Training Services,96.0,93.0,97.0,96.0,1.1751,1.1515,0.12,NO,NO
2,LAUR,37.46,Consumer Defensive,Education & Training Services,81.0,47.0,82.0,75.0,0.9075,0.8643,0.0,NO,NO
3,CVSA,132.35,Consumer Defensive,Education & Training Services,76.0,88.0,67.0,90.0,6.5271,6.3429,0.16,NO,NO
4,APEI,45.61,Consumer Defensive,Education & Training Services,67.0,9.0,6.0,47.0,2.7101,2.6543,0.0,NO,NO
5,FC,20.29,Consumer Defensive,Education & Training Services,62.0,13.0,8.0,90.0,0.8868,0.8289,0.1,NO,NO
1,ELC,19.68,Utilities,Electric utilities,10.0,19.0,16.0,13.0,0.096,0.096,0.0,NO,NO
1,OESX,19.83,Industrials,Electrical Equipment & Parts,97.0,98.0,98.0,95.0,2.16,1.93,0.89,NO,NO
2,FCEL,19.54,Industrials,Electrical Equipment & Parts,97.0,2.0,2.0,98.0,2.3671,2.2728,3.54,NO,NO
3,PLPC,429.3,Industrials,Electrical Equipment & Parts,96.0,95.0,91.0,95.0,32.1493,29.7964,1.65,NO,NO
4,BE,201.45,Industrials,Electrical Equipment & Parts,96.0,7.0,1.0,90.0,19.3532,17.1875,0.0,NO,NO
5,ATKR,93.6,Industrials,Electrical Equipment & Parts,90.0,94.0,89.0,91.0,0.2382,0.2211,0.0,NO,NO
1,VICR,200.54,Technology,Electronic Components,96.0,3.0,2.0,80.0,16.6487,14.5187,0.0,NO,NO
2,ALNT,95.84,Technology,Electronic Components,95.0,79.0,96.0,91.0,6.9157,6.095,0.0,NO,NO
3,FLEX,110.45,Technology,Electronic Components,93.0,3.0,4.0,95.0,6.6232,5.9004,0.0,NO,NO
4,OUST,38.42,Technology,Electronic Components,92.0,44.0,75.0,97.0,4.3439,4.0032,0.0,NO,NO
5,MPTI,81.01,Technology,Electronic Components,90.0,9.0,45.0,84.0,5.0827,4.9766,0.0,NO,NO
1,GRVY,71.17,Communication Services,Electronic Gaming & Multimedia,70.0,90.0,83.0,65.0,2.8479,2.5329,0.94,NO,NO
2,TTWO,239.62,Communication Services,Electronic Gaming & Multimedia,42.0,61.0,39.0,82.0,9.0836,8.8721,0.0,NO,NO
3,NTES,128.17,Communication Services,Electronic Gaming & Multimedia,41.0,75.0,80.0,59.0,3.9579,2.2907,0.0,NO,NO
4,RBLX,38.37,Communication Services,Electronic Gaming & Multimedia,0.0,1.0,4.0,1.0,1.7957,1.7707,0.0,NO,NO
1,NSIT,147.38,Technology,Electronics & Computer Distribution,94.0,94.0,96.0,95.0,6.8714,6.8064,0.65,NO,NO
2,SNX,250.14,Technology,Electronics & Computer Distribution,91.0,37.0,72.0,94.0,7.6729,7.2571,0.0,NO,NO
3,AVT,88.64,Technology,Electronics & Computer Distribution,91.0,17.0,66.0,89.0,4.6,4.2864,1.5,NO,NO
4,ARW,210.85,Technology,Electronics & Computer Distribution,91.0,15.0,24.0,90.0,9.1836,7.5507,0.9,NO,NO
5,SCSC,54.35,Technology,Electronics & Computer Distribution,89.0,37.0,91.0,92.0,3.1671,2.6886,0.0,NO,NO
1,PHOE,22.36,Industrials,Engineering & Construction,96.0,18.0,96.0,92.0,2.5094,2.3537,0.0,NO,NO
2,IESC,685.04,Industrials,Engineering & Construction,93.0,54.0,64.0,89.0,42.9361,40.7325,0.0,NO,NO
3,FIX,1655.61,Industrials,Engineering & Construction,91.0,5.0,7.0,73.0,85.7017,75.5853,0.0,NO,NO
4,CDNL,43.5,Industrials,Engineering & Construction,89.0,0.0,6.0,87.0,5.1346,4.5825,1.68,NO,NO
5,TPC,91.27,Industrials,Engineering & Construction,88.0,62.0,89.0,50.0,4.7636,4.095,0.0,NO,NO
1,STRZ,27.46,Communication Services,Entertainment,97.0,86.0,91.0,98.0,2.0121,1.9214,1.22,NO,NO
2,SPHR,158.36,Communication Services,Entertainment,97.0,90.0,89.0,91.0,8.3078,7.8314,0.06,NO,NO
3,MCS,29.57,Communication Services,Entertainment,96.0,93.0,97.0,96.0,1.0629,1.0579,0.0,NO,NO
4,IMAX,52.74,Communication Services,Entertainment,95.0,91.0,96.0,91.0,1.9836,1.9279,0.0,NO,NO
5,ROKU,157.49,Communication Services,Entertainment,94.0,84.0,91.0,96.0,2.1926,1.9384,0.18,NO,NO
1,MTW,19.68,Industrials,Farm & Heavy Construction Machinery,95.0,96.0,97.0,90.0,1.0936,0.8564,1.2,NO,NO
2,GENC,19.02,Industrials,Farm & Heavy Construction Machinery,88.0,94.0,93.0,84.0,1.0457,0.9207,0.0,NO,NO
3,CAT,827.9,Industrials,Farm & Heavy Construction Machinery,86.0,7.0,13.0,61.0,33.1571,27.8707,0.0,NO,NO
4,TEX,66.48,Industrials,Farm & Heavy Construction Machinery,82.0,13.0,85.0,24.0,2.3886,2.275,1.53,NO,NO
5,DE,647.47,Industrials,Farm & Heavy Construction Machinery,81.0,73.0,89.0,25.0,19.8407,19.4229,0.37,NO,NO
1,ADM,80.3,Consumer Defensive,Farm Products,76.0,7.0,57.0,80.0,2.5586,2.5443,0.0,NO,NO
2,ALCO,40.31,Consumer Defensive,Farm Products,49.0,52.0,22.0,25.0,1.0514,1.0029,0.35,NO,NO
3,BG,113.11,Consumer Defensive,Farm Products,47.0,7.0,11.0,12.0,3.2907,3.1921,0.0,NO,NO
4,CHSCN,25.18,Consumer Defensive,Farm Products,24.0,37.0,33.0,30.0,0.1519,0.1469,0.0,NO,NO
5,CHSCL,25.4,Consumer Defensive,Farm Products,21.0,28.0,22.0,31.0,0.0968,0.0932,0.08,NO,NO
1,BANFP,27.69,Finance,Finance/Rental/Leasing,42.0,69.0,59.0,51.0,0.5643,0.4793,0.0,NO,NO
2,GJT,23.25,Finance,Finance/Rental/Leasing,33.0,25.0,30.0,36.0,0.11,0.085,0.0,NO,NO
3,KTH,28.74,Finance,Finance/Rental/Leasing,32.0,42.0,44.0,34.0,0.1671,0.1079,0.0,NO,NO
4,DDT,26.36,Finance,Finance/Rental/Leasing,32.0,36.0,38.0,37.0,0.1223,0.1194,0.04,NO,NO
5,NEWTG,25.64,Finance,Finance/Rental/Leasing,32.0,27.0,36.0,35.0,0.1288,0.1003,0.0,NO,NO
1,VOYA,97.76,Financial Services,Financial Conglomerates,85.0,38.0,87.0,88.0,2.3826,2.3255,0.0,NO,NO
2,IX,38.49,Financial Services,Financial Conglomerates,80.0,11.0,19.0,61.0,0.8357,0.5665,2.37,NO,NO
3,FRHC,170.66,Financial Services,Financial Conglomerates,78.0,83.0,85.0,92.0,6.3879,6.2879,0.0,NO,NO
4,HTH,38.68,Financial Services,Financial Conglomerates,52.0,44.0,54.0,33.0,0.7107,0.7086,0.0,NO,NO
5,TREE,30.82,Financial Services,Financial Conglomerates,1.0,1.0,4.0,4.0,1.2271,1.22,0.16,NO,NO
1,FDS,299.91,Financial Services,Financial Data & Stock Exchanges,80.0,92.0,93.0,94.0,10.1179,9.7929,0.0,NO,NO
2,MORN,215.97,Financial Services,Financial Data & Stock Exchanges,68.0,94.0,90.0,90.0,6.8457,6.71,0.0,NO,NO
3,TRU,84.61,Financial Services,Financial Data & Stock Exchanges,61.0,87.0,89.0,67.0,2.6243,2.5811,0.0,NO,NO
4,NDAQ,98.22,Financial Services,Financial Data & Stock Exchanges,60.0,80.0,73.0,82.0,1.8686,1.805,0.0,NO,NO
5,MCO,503.32,Financial Services,Financial Data & Stock Exchanges,51.0,75.0,82.0,71.0,10.2939,10.0789,0.45,NO,NO
1,BMNP,93.26,Finance,Financial conglomerates,44.0,78.0,,,1.4554,1.3796,0.22,YES,NO
2,OXLCZ,24.98,Finance,Financial conglomerates,34.0,36.0,39.0,41.0,0.0263,0.0204,0.0,NO,NO
3,OXLCM,25.19,Finance,Financial conglomerates,34.0,39.0,33.0,,0.1474,0.1245,0.0,NO,NO
4,OXLCL,24.27,Finance,Financial conglomerates,32.0,18.0,34.0,36.0,0.2424,0.1907,0.0,NO,NO
5,OXLCG,25.16,Finance,Financial conglomerates,27.0,36.0,28.0,35.0,0.109,0.0965,0.02,NO,NO
1,CHEF,110.61,Consumer Defensive,Food Distribution,95.0,89.0,95.0,94.0,3.6343,3.5943,0.74,NO,NO
2,USFD,109.62,Consumer Defensive,Food Distribution,89.0,87.0,93.0,73.0,3.235,2.9789,0.5,NO,NO
3,UNFI,48.04,Consumer Defensive,Food Distribution,84.0,17.0,14.0,85.0,1.5043,1.4379,1.39,NO,NO
4,ANDE,68.06,Consumer Defensive,Food Distribution,81.0,3.0,16.0,46.0,3.0521,2.8357,0.0,NO,NO
5,PFGC,104.98,Consumer Defensive,Food Distribution,51.0,10.0,77.0,56.0,3.2163,2.9934,0.42,NO,NO
1,RCKY,46.79,Consumer Cyclical,Footwear & Accessories,92.0,89.0,92.0,91.0,1.6404,1.5896,0.73,NO,NO
2,WEYS,44.84,Consumer Cyclical,Footwear & Accessories,91.0,90.0,92.0,91.0,1.985,1.9257,0.0,NO,NO
3,CROX,122.11,Consumer Cyclical,Footwear & Accessories,87.0,6.0,80.0,84.0,4.7218,4.4682,0.0,NO,NO
4,SHOO,46.08,Consumer Cyclical,Footwear & Accessories,85.0,82.0,79.0,77.0,1.23,1.1368,0.0,NO,NO
5,WWW,20.96,Consumer Cyclical,Footwear & Accessories,75.0,86.0,92.0,77.0,0.9479,0.8293,0.0,NO,NO
1,HBB,32.9,Consumer Cyclical,"Furnishings, Fixtures & Appliances",97.0,97.0,97.0,95.0,1.7594,1.5709,0.0,NO,NO
2,FLXS,81.39,Consumer Cyclical,"Furnishings, Fixtures & Appliances",96.0,79.0,95.0,94.0,4.1914,3.8114,0.0,NO,NO
3,SN,180.76,Consumer Cyclical,"Furnishings, Fixtures & Appliances",95.0,93.0,97.0,91.0,7.0471,6.9693,0.01,NO,NO
4,TILE,38.94,Consumer Cyclical,"Furnishings, Fixtures & Appliances",90.0,91.0,93.0,82.0,1.48,1.3493,0.0,NO,NO
5,MLKN,23.03,Consumer Cyclical,"Furnishings, Fixtures & Appliances",89.0,77.0,96.0,44.0,0.7186,0.7143,0.97,NO,NO
1,RSI,25.8,Consumer Cyclical,Gambling,81.0,2.0,11.0,91.0,1.1476,1.118,0.0,NO,NO
2,CHDN,93.71,Consumer Cyclical,Gambling,29.0,85.0,75.0,35.0,2.6914,2.6436,0.02,NO,NO
3,DKNG,26.17,Consumer Cyclical,Gambling,10.0,88.0,51.0,79.0,1.3573,1.283,2.88,NO,NO
4,FLUT,102.61,Consumer Cyclical,Gambling,2.0,43.0,63.0,6.0,5.518,4.993,0.03,NO,NO
1,TVC,24.08,Government,General government,27.0,35.0,36.0,27.0,0.0707,0.0679,0.0,NO,NO
2,TVE,23.5,Government,General government,18.0,24.0,32.0,16.0,0.06,0.0586,0.0,NO,NO
1,HYMC,27.07,Basic Materials,Gold,98.0,95.0,4.0,1.0,2.0574,1.5773,0.0,NO,NO
2,CGAU,23.75,Basic Materials,Gold,96.0,97.0,95.0,85.0,0.945,0.6986,0.0,NO,NO
3,AUGO,87.26,Basic Materials,Gold,96.0,98.0,85.0,79.0,4.7363,3.6527,0.0,NO,NO
4,ARIS,20.86,Basic Materials,Gold,95.0,97.0,88.0,32.0,0.9171,0.6114,0.0,NO,NO
5,SSRM,37.77,Basic Materials,Gold,94.0,96.0,91.0,85.0,1.6661,1.3182,0.0,NO,NO
1,YSWY,25.2,Consumer Defensive,Grocery Stores,69.0,94.0,72.0,,1.3954,1.3825,1.14,NO,NO
2,VLGEA,44.1,Consumer Defensive,Grocery Stores,59.0,65.0,12.0,71.0,1.3443,1.3436,0.65,NO,NO
3,IMKTA,84.94,Consumer Defensive,Grocery Stores,48.0,27.0,17.0,23.0,2.8964,2.8522,0.0,NO,NO
4,WMK,71.0,Consumer Defensive,Grocery Stores,28.0,10.0,20.0,16.0,2.1229,2.0193,0.85,NO,NO
5,SFM,81.08,Consumer Defensive,Grocery Stores,8.0,83.0,12.0,82.0,3.0336,2.9223,0.79,NO,NO
1,TXG,65.12,Healthcare,Health Information Services,98.0,96.0,98.0,98.0,4.0629,3.8729,0.81,NO,NO
2,HTFL,49.75,Healthcare,Health Information Services,96.0,98.0,97.0,97.0,2.7811,2.3921,1.18,NO,NO
3,HNGE,88.42,Healthcare,Health Information Services,96.0,88.0,97.0,97.0,4.9774,4.9574,0.09,NO,NO
4,BTSG,58.87,Healthcare,Health Information Services,94.0,2.0,43.0,92.0,2.5092,2.4221,0.0,NO,NO
5,BTSGU,194.37,Healthcare,Health Information Services,93.0,2.0,32.0,92.0,4.4201,3.1843,0.0,NO,NO
1,OSCR,32.04,Healthcare,Healthcare Plans,96.0,83.0,95.0,97.0,1.8994,1.7328,0.0,NO,NO
2,CNC,65.02,Healthcare,Healthcare Plans,94.0,45.0,81.0,93.0,2.3864,2.2986,0.0,NO,NO
3,HUM,378.88,Healthcare,Healthcare Plans,93.0,11.0,91.0,97.0,13.4882,13.3482,0.0,NO,NO
4,MOH,200.29,Healthcare,Healthcare Plans,81.0,25.0,77.0,89.0,7.0979,6.8071,0.28,NO,NO
5,UNH,390.11,Healthcare,Healthcare Plans,77.0,6.0,45.0,90.0,9.5568,9.1961,0.3,NO,NO
1,HVT,27.38,Consumer Cyclical,Home Improvement Retail,78.0,83.0,89.0,49.0,1.0882,0.9804,0.0,NO,NO
2,HD,335.61,Consumer Cyclical,Home Improvement Retail,13.0,55.0,68.0,8.0,8.8757,7.985,0.0,NO,NO
3,FND,54.26,Consumer Cyclical,Home Improvement Retail,8.0,47.0,80.0,4.0,2.7011,2.4357,0.0,NO,NO
4,LOW,216.09,Consumer Cyclical,Home Improvement Retail,7.0,76.0,27.0,3.0,5.7271,5.3957,0.0,NO,NO
1,HOVNP,19.61,Consumer durables,Homebuilding,11.0,11.0,11.0,10.0,0.1836,0.13,0.31,NO,NO
1,EPC,28.57,Consumer Defensive,Household & Personal Products,93.0,76.0,97.0,86.0,1.2354,1.2189,0.15,NO,NO
2,ACU,60.96,Consumer Defensive,Household & Personal Products,93.0,89.0,95.0,90.0,2.3868,2.2989,0.0,NO,NO
3,ELF,101.94,Consumer Defensive,Household & Personal Products,91.0,95.0,98.0,60.0,4.9577,4.586,0.57,NO,NO
4,HELE,29.06,Consumer Defensive,Household & Personal Products,89.0,79.0,86.0,94.0,1.4557,1.4064,0.73,NO,NO
5,SPB,86.91,Consumer Defensive,Household & Personal Products,88.0,19.0,84.0,60.0,3.3586,3.0507,0.34,NO,NO
1,DXPE,190.28,Industrials,Industrial Distribution,94.0,81.0,93.0,87.0,10.6506,10.0798,0.0,NO,NO
2,BXC,84.6,Industrials,Industrial Distribution,92.0,97.0,97.0,78.0,5.4514,5.1564,1.33,NO,NO
3,XMTR,83.59,Industrials,Industrial Distribution,89.0,12.0,14.0,93.0,4.8431,4.6688,0.0,NO,NO
4,GIC,39.45,Industrials,Industrial Distribution,87.0,87.0,94.0,85.0,1.1621,1.1564,0.21,NO,NO
5,MSM,119.81,Industrials,Industrial Distribution,84.0,10.0,82.0,87.0,3.2314,3.1443,0.69,NO,NO
1,SAIH,24.0,Technology,Information Technology Services,98.0,98.0,98.0,98.0,2.3356,2.0795,2.16,NO,NO
2,CHRN,23.84,Technology,Information Technology Services,98.0,71.0,96.0,97.0,2.2421,2.1699,0.0,NO,NO
3,MGRT,96.49,Technology,Information Technology Services,98.0,12.0,42.0,98.0,4.5521,4.5107,0.0,NO,NO
4,PENG,52.62,Technology,Information Technology Services,97.0,5.0,71.0,98.0,4.2892,3.8399,1.61,NO,NO
5,SHAZ,59.07,Technology,Information Technology Services,94.0,2.0,47.0,,7.1943,6.7129,0.0,NO,NO
1,SLF,78.98,Financial Services,Insurance - Diversified,79.0,13.0,71.0,81.0,1.3793,1.3714,0.01,NO,NO
2,PLGO,24.04,Financial Services,Insurance - Diversified,76.0,11.0,57.0,82.0,0.8518,0.8032,0.42,NO,NO
3,XZO,16.87,Financial Services,Insurance - Diversified,60.0,86.0,92.0,52.0,0.9144,0.9144,0.43,NO,NO
4,IGIC,26.63,Financial Services,Insurance - Diversified,44.0,11.0,49.0,47.0,0.831,0.8231,0.0,NO,NO
5,ACGL,99.39,Financial Services,Insurance - Diversified,41.0,19.0,53.0,38.0,1.76,1.6271,0.0,NO,NO
1,JXN,129.88,Financial Services,Insurance - Life,84.0,84.0,88.0,71.0,4.1611,4.0307,0.0,NO,NO
2,CNO,53.52,Financial Services,Insurance - Life,83.0,43.0,81.0,85.0,0.9021,0.8914,0.68,NO,NO
3,MFC,42.51,Financial Services,Insurance - Life,79.0,17.0,74.0,77.0,0.8796,0.8646,0.02,NO,NO
4,GL,171.08,Financial Services,Insurance - Life,76.0,25.0,74.0,80.0,3.6425,3.5446,0.15,NO,NO
5,MET,94.34,Financial Services,Insurance - Life,75.0,44.0,80.0,81.0,1.877,1.6748,0.79,NO,NO
1,PRCH,17.09,Financial Services,Insurance - Property & Casualty,95.0,97.0,97.0,97.0,0.7936,0.7707,0.0,NO,NO
2,DGICB,24.69,Financial Services,Insurance - Property & Casualty,92.0,92.0,92.0,94.0,0.7993,0.4657,0.0,NO,NO
3,AII,25.35,Financial Services,Insurance - Property & Casualty,90.0,96.0,96.0,91.0,1.0943,0.8989,0.0,NO,NO
4,SAFT,103.59,Financial Services,Insurance - Property & Casualty,90.0,97.0,95.0,89.0,0.2793,0.2729,0.0,NO,NO
5,HRTG,33.84,Financial Services,Insurance - Property & Casualty,90.0,94.0,95.0,91.0,1.5118,1.4004,0.0,NO,NO
1,HG,34.96,Financial Services,Insurance - Reinsurance,82.0,30.0,76.0,76.0,1.0333,1.0001,0.43,NO,NO
2,RGA,243.13,Financial Services,Insurance - Reinsurance,76.0,58.0,81.0,60.0,5.1154,4.7968,0.0,NO,NO
3,RNR,323.45,Financial Services,Insurance - Reinsurance,71.0,44.0,70.0,59.0,6.1043,5.9014,0.0,NO,NO
4,SPNT,23.63,Financial Services,Insurance - Reinsurance,61.0,10.0,38.0,65.0,0.5586,0.5536,0.0,NO,NO
5,EG,370.06,Financial Services,Insurance - Reinsurance,49.0,16.0,55.0,59.0,7.0714,6.68,0.17,NO,NO
1,ACT,49.19,Financial Services,Insurance - Specialty,80.0,76.0,82.0,81.0,0.9184,0.8901,0.0,NO,NO
2,ITIC,289.26,Financial Services,Insurance - Specialty,78.0,66.0,87.0,89.0,8.5978,8.19,0.0,NO,NO
3,NMIH,45.16,Financial Services,Insurance - Specialty,77.0,80.0,87.0,77.0,0.8279,0.8264,0.0,NO,NO
4,MTG,30.9,Financial Services,Insurance - Specialty,71.0,75.0,86.0,80.0,0.5107,0.5025,0.26,NO,NO
5,EIG,48.17,Financial Services,Insurance - Specialty,71.0,14.0,76.0,84.0,0.9229,0.8964,0.0,NO,NO
1,LIFE,34.16,Financial Services,Insurance Brokers,97.0,98.0,97.0,98.0,2.9607,2.8043,1.13,NO,NO
2,BWIN,31.9,Financial Services,Insurance Brokers,92.0,93.0,96.0,96.0,1.3962,1.3556,0.54,NO,NO
3,GSHD,72.52,Financial Services,Insurance Brokers,90.0,96.0,97.0,95.0,3.1647,3.0915,0.0,NO,NO
4,TWFG,28.96,Financial Services,Insurance Brokers,89.0,85.0,96.0,95.0,1.2101,1.1537,0.0,NO,NO
5,NP,33.36,Financial Services,Insurance Brokers,89.0,84.0,89.0,94.0,1.3015,1.2336,0.0,NO,NO
1,NCEW,16.64,Industrials,Integrated Freight & Logistics,98.0,18.0,6.0,97.0,0.2577,0.0656,0.0,NO,NO
2,CYRX,17.13,Industrials,Integrated Freight & Logistics,95.0,76.0,88.0,97.0,0.6721,0.645,0.54,NO,NO
3,JBHT,275.45,Industrials,Integrated Freight & Logistics,90.0,10.0,66.0,82.0,7.7854,7.6568,0.0,NO,NO
4,PBI,16.48,Industrials,Integrated Freight & Logistics,90.0,6.0,66.0,94.0,0.5079,0.4921,0.43,NO,NO
5,FWRD,18.11,Industrials,Integrated Freight & Logistics,87.0,89.0,98.0,1.0,1.2014,1.0536,1.12,NO,NO
1,CCG,16.13,Communication Services,Internet Content & Information,98.0,95.0,98.0,98.0,1.8885,1.8842,0.0,NO,NO
2,NBIS,219.13,Communication Services,Internet Content & Information,97.0,18.0,30.0,97.0,23.3021,19.911,0.0,NO,NO
3,JOYY,73.61,Communication Services,Internet Content & Information,87.0,41.0,93.0,79.0,1.6593,1.5993,0.0,NO,NO
4,EVER,25.24,Communication Services,Internet Content & Information,86.0,52.0,94.0,95.0,1.2656,1.2234,0.72,NO,NO
5,OPRA,18.96,Communication Services,Internet Content & Information,85.0,67.0,72.0,94.0,0.7475,0.6611,1.53,NO,NO
1,LQDT,43.27,Consumer Cyclical,Internet Retail,93.0,88.0,91.0,90.0,1.7582,1.5618,0.63,NO,NO
2,ETSY,81.03,Consumer Cyclical,Internet Retail,90.0,28.0,93.0,94.0,3.5689,3.2203,0.0,NO,NO
3,W,101.52,Consumer Cyclical,Internet Retail,88.0,92.0,96.0,85.0,6.6656,5.1298,0.0,NO,NO
4,GLBE,40.55,Consumer Cyclical,Internet Retail,82.0,90.0,93.0,71.0,1.5421,1.4746,0.0,NO,NO
5,CART,49.83,Consumer Cyclical,Internet Retail,82.0,89.0,90.0,91.0,2.1278,1.9569,0.0,NO,NO
1,GOOGM,48.99,Technology services,Internet software/Services,14.0,69.0,,,0.83,0.8143,0.7,NO,NO
2,GOOGN,48.7,Technology services,Internet software/Services,14.0,61.0,,,0.7993,0.7893,0.41,NO,NO
1,ECCU,25.42,Miscellaneous,Investment trusts,33.0,40.0,40.0,38.0,0.1643,0.1557,0.0,NO,NO
2,GECCG,25.01,Miscellaneous,Investment trusts,29.0,39.0,34.0,39.0,0.1103,0.0778,0.44,NO,NO
3,NMFCZ,25.2,Miscellaneous,Investment trusts,27.0,17.0,36.0,33.0,0.0659,0.0584,0.0,NO,NO
4,GAINI,25.5,Miscellaneous,Investment trusts,27.0,38.0,31.0,35.0,0.1008,0.0956,0.0,NO,NO
5,SAY,25.05,Miscellaneous,Investment trusts,25.0,18.0,31.0,33.0,0.1006,0.0699,0.0,NO,NO
1,LTH,45.11,Consumer Cyclical,Leisure,94.0,78.0,94.0,94.0,1.2697,1.2365,0.67,NO,NO
2,ESCA,21.09,Consumer Cyclical,Leisure,91.0,86.0,82.0,93.0,0.8525,0.8504,0.97,NO,NO
3,JAKK,25.48,Consumer Cyclical,Leisure,87.0,76.0,84.0,73.0,0.7036,0.68,0.76,NO,NO
4,CALY,15.89,Consumer Cyclical,Leisure,84.0,4.0,35.0,61.0,0.6957,0.6764,0.0,NO,NO
5,PRKS,45.33,Consumer Cyclical,Leisure,80.0,50.0,91.0,87.0,1.8307,1.7482,0.0,NO,NO
1,CVEO,34.53,Consumer Cyclical,Lodging,86.0,17.0,40.0,83.0,1.3121,1.255,0.0,NO,NO
2,INTG,32.01,Consumer Cyclical,Lodging,80.0,6.0,5.0,77.0,2.6679,2.6529,0.0,NO,NO
3,IHG,159.91,Consumer Cyclical,Lodging,71.0,58.0,55.0,66.0,3.0489,2.9211,0.0,NO,NO
4,H,180.67,Consumer Cyclical,Lodging,65.0,16.0,50.0,50.0,4.6314,4.5479,0.29,NO,NO
5,MAR,356.39,Consumer Cyclical,Lodging,60.0,15.0,14.0,42.0,7.55,7.2071,0.0,NO,NO
1,BCC,82.47,Basic Materials,Lumber & Wood Production,68.0,79.0,89.0,37.0,2.9406,2.6337,0.34,NO,NO
2,WFG,69.75,Basic Materials,Lumber & Wood Production,53.0,65.0,81.0,46.0,2.4364,2.2964,0.39,NO,NO
3,SSD,188.77,Basic Materials,Lumber & Wood Production,38.0,21.0,46.0,14.0,4.7682,4.2918,0.0,NO,NO
4,UFPI,88.8,Basic Materials,Lumber & Wood Production,17.0,52.0,77.0,4.0,2.8525,2.6439,0.71,NO,NO
1,MOV,34.81,Consumer Cyclical,Luxury Goods,94.0,12.0,91.0,90.0,1.2379,1.1871,0.0,NO,NO
2,TPR,130.17,Consumer Cyclical,Luxury Goods,43.0,8.0,10.0,5.0,6.1936,4.7471,0.0,NO,NO
3,SIG,81.37,Consumer Cyclical,Luxury Goods,10.0,5.0,33.0,5.0,3.4314,3.2629,0.0,NO,NO
1,EDRY,46.85,Industrials,Marine Shipping,98.0,98.0,98.0,98.0,3.2429,3.0651,1.61,NO,NO
2,MATX,222.8,Industrials,Marine Shipping,95.0,63.0,89.0,89.0,7.3896,7.0782,1.62,NO,NO
3,ECO,64.71,Industrials,Marine Shipping,94.0,85.0,84.0,89.0,2.8101,2.1544,0.16,NO,NO
4,SHIP,17.5,Industrials,Marine Shipping,94.0,76.0,81.0,87.0,0.6707,0.6143,2.13,NO,NO
5,HSHP,16.59,Industrials,Marine Shipping,93.0,59.0,76.0,80.0,0.6578,0.5196,0.0,NO,NO
1,AGL,96.58,Healthcare,Medical Care Facilities,98.0,12.0,88.0,98.0,9.8975,9.1769,1.5,NO,NO
2,PACS,44.25,Healthcare,Medical Care Facilities,97.0,17.0,86.0,75.0,2.5988,2.542,0.18,NO,NO
3,NUTX,185.84,Healthcare,Medical Care Facilities,96.0,92.0,96.0,96.0,13.8642,13.6724,0.0,NO,NO
4,AMN,34.46,Healthcare,Medical Care Facilities,95.0,62.0,93.0,96.0,2.0736,1.9857,0.0,NO,NO
5,MCTA,29.36,Healthcare,Medical Care Facilities,95.0,38.0,20.0,31.0,0.0,0.0,0.0,NO,NO
1,HAE,108.8,Healthcare,Medical Devices,96.0,96.0,97.0,96.0,4.1258,3.2622,0.0,NO,NO
2,AXGN,50.4,Healthcare,Medical Devices,96.0,94.0,89.0,92.0,2.2021,2.1707,0.13,NO,NO
3,VREX,18.51,Healthcare,Medical Devices,95.0,98.0,98.0,90.0,0.6093,0.1771,0.0,NO,NO
4,DCTH,17.14,Healthcare,Medical Devices,95.0,96.0,96.0,95.0,0.9085,0.8084,0.54,NO,NO
5,GKOS,184.89,Healthcare,Medical Devices,95.0,92.0,93.0,94.0,6.1136,5.8968,0.0,NO,NO
1,HSIC,88.5,Healthcare,Medical Distribution,80.0,66.0,88.0,68.0,2.1321,2.0729,0.0,NO,NO
2,CAH,229.51,Healthcare,Medical Distribution,76.0,42.0,83.0,41.0,6.8275,6.6868,0.15,NO,NO
3,MCK,858.9,Healthcare,Medical Distribution,47.0,62.0,80.0,10.0,29.2111,27.6496,0.13,NO,NO
4,COR,318.04,Healthcare,Medical Distribution,39.0,63.0,88.0,8.0,10.276,9.1017,0.02,NO,NO
1,PLSE,50.42,Healthcare,Medical Instruments & Supplies,98.0,98.0,98.0,97.0,3.082,3.073,0.0,NO,NO
2,ATRC,48.98,Healthcare,Medical Instruments & Supplies,94.0,97.0,97.0,93.0,1.6806,1.6427,0.0,NO,NO
3,AZTA,37.4,Healthcare,Medical Instruments & Supplies,93.0,95.0,98.0,87.0,1.5111,1.4539,0.11,NO,NO
4,BLFS,37.1,Healthcare,Medical Instruments & Supplies,93.0,92.0,96.0,94.0,1.0671,1.0093,0.08,NO,NO
5,PDEX,65.67,Healthcare,Medical Instruments & Supplies,93.0,91.0,60.0,95.0,3.4186,3.4179,0.0,NO,NO
1,SI,22.06,Health technology,Medical specialties,94.0,80.0,95.0,95.0,1.5819,1.5494,0.0,NO,NO
1,ATI,207.01,Industrials,Metal Fabrication,96.0,57.0,92.0,88.0,10.1864,8.74,0.0,NO,NO
2,CRS,492.38,Industrials,Metal Fabrication,91.0,2.0,80.0,86.0,23.7114,22.9143,0.0,NO,NO
3,PRLB,79.61,Industrials,Metal Fabrication,90.0,40.0,83.0,83.0,3.5107,3.2114,0.0,NO,NO
4,MEC,21.73,Industrials,Metal Fabrication,73.0,0.0,11.0,27.0,1.5974,1.5562,0.0,NO,NO
5,MLI,63.22,Industrials,Metal Fabrication,58.0,28.0,12.0,51.0,1.7387,1.6309,0.68,NO,NO
1,FISV,52.58,Commercial services,Miscellaneous commercial services,3.0,69.0,11.0,7.0,2.35,2.2686,0.54,NO,NO
1,IOR,20.02,Financial Services,Mortgage Finance,49.0,14.0,75.0,40.0,0.2121,0.0764,0.0,NO,NO
2,VEL,18.34,Financial Services,Mortgage Finance,31.0,76.0,58.0,19.0,0.4976,0.4801,0.0,NO,NO
3,ONIT,36.03,Financial Services,Mortgage Finance,10.0,7.0,49.0,7.0,2.1039,2.0289,0.0,NO,NO
4,PFSI,75.09,Financial Services,Mortgage Finance,2.0,5.0,5.0,5.0,2.3196,2.1218,0.0,NO,NO
5,WD,40.22,Financial Services,Mortgage Finance,1.0,3.0,3.0,1.0,2.4082,2.0932,0.0,NO,NO
1,HP,43.55,Energy,Oil & Gas Drilling,93.0,93.0,76.0,84.0,1.7611,1.6118,0.0,NO,NO
2,NBR,92.41,Energy,Oil & Gas Drilling,93.0,82.0,6.0,80.0,4.315,4.0736,0.62,NO,NO
3,PDS,91.69,Energy,Oil & Gas Drilling,83.0,76.0,13.0,47.0,2.9357,2.7171,0.7,NO,NO
4,VAL,87.76,Energy,Oil & Gas Drilling,82.0,83.0,5.0,11.0,3.5339,3.3057,0.0,NO,NO
5,SDRL,47.29,Energy,Oil & Gas Drilling,79.0,60.0,8.0,55.0,1.7994,1.5258,0.0,NO,NO
1,APA,43.39,Energy,Oil & Gas E&P,93.0,91.0,82.0,93.0,1.6207,1.3686,0.0,NO,NO
2,SM,37.2,Energy,Oil & Gas E&P,92.0,84.0,80.0,94.0,1.5939,1.4211,0.0,NO,NO
3,TALO,17.47,Energy,Oil & Gas E&P,92.0,87.0,76.0,88.0,0.7321,0.6561,0.0,NO,NO
4,PR,23.75,Energy,Oil & Gas E&P,91.0,84.0,85.0,89.0,0.7092,0.6035,0.0,NO,NO
5,OVV,66.82,Energy,Oil & Gas E&P,91.0,81.0,82.0,89.0,1.8514,1.555,0.0,NO,NO
1,FET,77.42,Energy,Oil & Gas Equipment & Services,97.0,96.0,93.0,90.0,4.2086,4.0464,0.0,NO,NO
2,NESR,33.03,Energy,Oil & Gas Equipment & Services,97.0,90.0,91.0,90.0,1.9314,1.715,0.86,NO,NO
3,OII,53.0,Energy,Oil & Gas Equipment & Services,96.0,83.0,94.0,94.0,1.9704,1.8718,0.78,NO,NO
4,WTTR,19.72,Energy,Oil & Gas Equipment & Services,95.0,9.0,38.0,94.0,1.1477,1.0249,0.0,NO,NO
5,FTK,24.67,Energy,Oil & Gas Equipment & Services,94.0,10.0,88.0,93.0,3.5869,3.2598,0.0,NO,NO
1,EC,17.53,Energy,Oil & Gas Integrated,93.0,77.0,91.0,91.0,0.5721,0.52,0.0,NO,NO
2,CVE,32.93,Energy,Oil & Gas Integrated,93.0,83.0,73.0,92.0,0.9125,0.8132,0.49,NO,NO
3,EQNR,42.86,Energy,Oil & Gas Integrated,92.0,65.0,78.0,93.0,1.0229,0.7993,0.0,NO,NO
4,SU,68.42,Energy,Oil & Gas Integrated,87.0,52.0,41.0,84.0,1.8286,1.6543,0.52,NO,NO
5,YPF,51.18,Energy,Oil & Gas Integrated,86.0,17.0,68.0,89.0,1.9772,1.8336,0.26,NO,NO
1,NGL,16.81,Energy,Oil & Gas Midstream,95.0,65.0,13.0,91.0,0.7964,0.7607,0.0,NO,NO
2,INSW,99.52,Energy,Oil & Gas Midstream,94.0,81.0,85.0,93.0,3.5307,3.3743,0.0,NO,NO
3,PBT,34.27,Energy,Oil & Gas Midstream,94.0,89.0,83.0,96.0,2.0314,2.0157,0.03,NO,NO
4,FRO,43.67,Energy,Oil & Gas Midstream,93.0,85.0,82.0,86.0,1.5175,1.3689,0.0,NO,NO
5,CMBT,18.05,Energy,Oil & Gas Midstream,93.0,88.0,62.0,88.0,0.5175,0.4404,2.16,NO,NO
1,PBF,73.53,Energy,Oil & Gas Refining & Marketing,97.0,90.0,98.0,97.0,4.0528,3.8493,1.11,NO,NO
2,DK,71.47,Energy,Oil & Gas Refining & Marketing,97.0,83.0,97.0,97.0,4.0693,3.9089,1.03,NO,NO
3,VLO,348.86,Energy,Oil & Gas Refining & Marketing,96.0,87.0,95.0,95.0,11.1329,10.7671,0.58,NO,NO
4,PARR,79.03,Energy,Oil & Gas Refining & Marketing,96.0,43.0,94.0,96.0,5.5664,5.4157,0.43,NO,NO
5,PSX,242.87,Energy,Oil & Gas Refining & Marketing,95.0,90.0,95.0,94.0,7.5471,7.3082,0.12,NO,NO
1,ALM,18.51,Basic Materials,Other Industrial Metals & Mining,97.0,95.0,21.0,86.0,1.1901,1.0566,2.04,NO,NO
2,NEXA,15.4,Basic Materials,Other Industrial Metals & Mining,96.0,89.0,73.0,90.0,0.8699,0.7426,3.41,NO,NO
3,MTRN,231.96,Basic Materials,Other Industrial Metals & Mining,94.0,8.0,77.0,94.0,19.7171,15.5593,0.0,NO,NO
4,ELVR,67.76,Basic Materials,Other Industrial Metals & Mining,94.0,91.0,3.0,89.0,2.9239,1.8753,6.86,NO,NO
5,PHOS,18.51,Basic Materials,Other Industrial Metals & Mining,94.0,,,,,,0.39,YES,NO
1,HL,20.72,Basic Materials,Other Precious Metals & Mining,93.0,96.0,88.0,7.0,1.0846,0.8489,0.0,NO,NO
2,SIND,17.0,Basic Materials,Other Precious Metals & Mining,91.0,90.0,,,1.5771,1.5282,3.34,YES,NO
3,ELE,22.25,Basic Materials,Other Precious Metals & Mining,89.0,97.0,92.0,38.0,0.9475,0.7718,0.0,NO,NO
4,BVN,35.47,Basic Materials,Other Precious Metals & Mining,87.0,86.0,62.0,12.0,1.4954,1.3196,3.51,NO,NO
5,MUX,20.78,Basic Materials,Other Precious Metals & Mining,75.0,90.0,17.0,4.0,1.0634,0.8345,0.0,NO,NO
1,PRE,20.2,Consumer Defensive,Packaged Foods,95.0,61.0,91.0,80.0,1.4629,1.4629,0.0,NO,NO
2,SENEB,195.39,Consumer Defensive,Packaged Foods,94.0,91.0,94.0,93.0,3.3543,0.16,0.0,NO,NO
3,SENEA,194.07,Consumer Defensive,Packaged Foods,93.0,90.0,94.0,93.0,8.0357,7.9343,0.19,NO,NO
4,DAR,65.74,Consumer Defensive,Packaged Foods,93.0,58.0,82.0,87.0,2.7052,2.528,0.0,NO,NO
5,MAMA,16.44,Consumer Defensive,Packaged Foods,90.0,8.0,80.0,45.0,0.8247,0.8144,0.69,NO,NO
1,NIQ,18.78,Technology services,Packaged software,95.0,98.0,98.0,95.0,0.9136,0.7721,0.83,NO,NO
1,KRT,48.05,Consumer Cyclical,Packaging & Containers,97.0,93.0,97.0,96.0,2.1232,1.8884,0.0,NO,NO
2,MYE,33.53,Consumer Cyclical,Packaging & Containers,95.0,80.0,96.0,93.0,1.1014,1.055,0.0,NO,NO
3,GEF,87.91,Consumer Cyclical,Packaging & Containers,89.0,87.0,94.0,80.0,2.2168,2.104,0.83,NO,NO
4,SW,49.39,Consumer Cyclical,Packaging & Containers,84.0,86.0,92.0,39.0,1.4725,1.3882,1.08,NO,NO
5,SON,59.48,Consumer Cyclical,Packaging & Containers,84.0,71.0,89.0,51.0,1.3357,1.2657,1.13,NO,NO
1,CLW,21.75,Basic Materials,Paper & Paper Products,89.0,95.0,96.0,92.0,0.8736,0.85,0.0,NO,NO
2,SLVM,36.79,Basic Materials,Paper & Paper Products,5.0,15.0,15.0,3.0,1.5311,1.4393,0.0,NO,NO
1,ANDG,50.16,Consumer Cyclical,Personal Services,96.0,88.0,93.0,97.0,2.6323,2.3233,0.0,NO,NO
2,FTDR,82.59,Consumer Cyclical,Personal Services,92.0,89.0,93.0,93.0,3.8729,3.605,0.0,NO,NO
3,HRB,53.68,Consumer Cyclical,Personal Services,90.0,96.0,95.0,96.0,2.5286,2.095,0.0,NO,NO
4,RGS,26.79,Consumer Cyclical,Personal Services,59.0,13.0,13.0,81.0,1.3043,1.25,0.0,NO,NO
5,SCI,83.29,Consumer Cyclical,Personal Services,44.0,68.0,73.0,50.0,1.835,1.7893,0.0,NO,NO
1,ADUR,16.04,Industrials,Pollution & Treatment Controls,89.0,88.0,80.0,93.0,0.9179,0.9014,0.95,NO,NO
2,CECO,71.52,Industrials,Pollution & Treatment Controls,70.0,5.0,6.0,10.0,5.014,4.849,0.0,NO,NO
3,VLTO,98.77,Industrials,Pollution & Treatment Controls,43.0,79.0,84.0,53.0,1.9928,1.8947,0.0,NO,NO
4,ZWS,49.01,Industrials,Pollution & Treatment Controls,39.0,42.0,50.0,19.0,1.1004,1.0325,0.0,NO,NO
1,KMPB,24.74,Finance,Property/Casualty insurance,38.0,45.0,49.0,43.0,0.1034,0.1009,0.0,NO,NO
1,WLYB,52.24,Communication Services,Publishing,92.0,61.0,91.0,96.0,0.7673,0.3382,0.0,NO,NO
2,WLY,51.58,Communication Services,Publishing,91.0,72.0,89.0,95.0,1.5984,1.5302,0.0,NO,NO
3,SCHL,40.14,Communication Services,Publishing,83.0,3.0,34.0,85.0,1.47,1.47,0.15,NO,NO
4,PSO,16.28,Communication Services,Publishing,72.0,41.0,70.0,88.0,0.27,0.2457,0.25,NO,NO
5,NYT,65.69,Communication Services,Publishing,10.0,8.0,6.0,6.0,2.4214,2.0757,0.57,NO,NO
1,FVR,19.79,Real Estate,REIT - Diversified,84.0,7.0,79.0,84.0,0.5821,0.5764,0.0,NO,NO
2,CTO,21.8,Real Estate,REIT - Diversified,72.0,24.0,67.0,63.0,0.3086,0.29,0.0,NO,NO
3,AAT,22.83,Real Estate,REIT - Diversified,63.0,9.0,51.0,79.0,0.4504,0.4275,0.0,NO,NO
4,BNL,21.12,Real Estate,REIT - Diversified,61.0,9.0,53.0,71.0,0.4152,0.3891,0.0,NO,NO
5,OLP,24.17,Real Estate,REIT - Diversified,46.0,13.0,53.0,46.0,0.5443,0.5229,0.0,NO,NO
1,NHP,16.96,Real Estate,REIT - Healthcare Facilities,88.0,77.0,85.0,,0.7086,0.7079,0.0,NO,NO
2,NHPBP,25.25,Real Estate,REIT - Healthcare Facilities,85.0,83.0,83.0,89.0,0.2289,0.0491,0.0,NO,NO
3,NHPAP,25.22,Real Estate,REIT - Healthcare Facilities,84.0,81.0,81.0,88.0,0.1754,0.0504,0.04,NO,NO
4,WELL,239.22,Real Estate,REIT - Healthcare Facilities,79.0,12.0,78.0,76.0,4.8436,4.6286,0.0,NO,NO
5,DOC,21.4,Real Estate,REIT - Healthcare Facilities,75.0,12.0,74.0,86.0,0.4893,0.4543,0.47,NO,NO
1,PEB,18.48,Real Estate,REIT - Hotel & Motel,93.0,14.0,90.0,92.0,0.5507,0.5457,0.0,NO,NO
2,PK,15.78,Real Estate,REIT - Hotel & Motel,91.0,79.0,94.0,91.0,0.4239,0.3964,0.0,NO,NO
3,APLE,16.67,Real Estate,REIT - Hotel & Motel,86.0,32.0,84.0,90.0,0.3928,0.3764,0.73,NO,NO
4,XHR,19.42,Real Estate,REIT - Hotel & Motel,85.0,6.0,84.0,83.0,0.4211,0.399,0.0,NO,NO
5,RHP,128.5,Real Estate,REIT - Hotel & Motel,83.0,21.0,83.0,84.0,3.5761,3.4339,0.0,NO,NO
1,LXP,60.9,Real Estate,REIT - Industrial,84.0,28.0,86.0,86.0,0.2014,0.2,0.0,NO,NO
2,COLD,15.25,Real Estate,REIT - Industrial,69.0,79.0,63.0,74.0,0.5385,0.5024,1.4,NO,NO
3,IIPR,56.71,Real Estate,REIT - Industrial,57.0,7.0,38.0,85.0,1.5853,1.526,0.0,NO,NO
4,PSA,322.49,Real Estate,REIT - Industrial,55.0,47.0,64.0,52.0,5.4664,5.235,0.0,NO,NO
5,LINE,41.61,Real Estate,REIT - Industrial,53.0,42.0,56.0,61.0,1.3211,1.3146,0.0,NO,NO
1,NREF,17.08,Real Estate,REIT - Mortgage,70.0,62.0,78.0,76.0,0.6308,0.6294,0.0,NO,NO
2,ADAMN,25.0,Real Estate,REIT - Mortgage,56.0,73.0,67.0,65.0,0.2819,0.2629,0.64,NO,NO
3,ADAML,24.91,Real Estate,REIT - Mortgage,47.0,45.0,48.0,52.0,0.1722,0.1406,0.0,NO,NO
4,NLY,23.16,Real Estate,REIT - Mortgage,45.0,59.0,69.0,37.0,0.3511,0.3275,0.0,NO,NO
5,AGNCP,25.44,Real Estate,REIT - Mortgage,33.0,43.0,45.0,38.0,0.0727,0.0695,0.04,NO,NO
1,SLG,57.45,Real Estate,REIT - Office,87.0,77.0,94.0,93.0,1.8168,1.7654,0.0,NO,NO
2,PSTL,22.9,Real Estate,REIT - Office,81.0,12.0,15.0,81.0,0.6729,0.6569,0.0,NO,NO
3,CDP,37.27,Real Estate,REIT - Office,80.0,19.0,84.0,76.0,0.5836,0.5614,0.0,NO,NO
4,HIW,31.4,Real Estate,REIT - Office,78.0,11.0,89.0,90.0,0.6929,0.6179,0.0,NO,NO
5,VNO,37.88,Real Estate,REIT - Office,75.0,13.0,88.0,88.0,1.1582,1.1025,0.0,NO,NO
1,JAN,30.71,Real Estate,REIT - Residential,83.0,32.0,83.0,,0.9468,0.8832,0.0,NO,NO
2,ESS,289.0,Real Estate,REIT - Residential,55.0,16.0,63.0,74.0,4.8014,4.48,0.17,NO,NO
3,AMH,34.35,Real Estate,REIT - Residential,47.0,58.0,68.0,78.0,0.545,0.4907,0.0,NO,NO
4,INVH,30.11,Real Estate,REIT - Residential,46.0,47.0,55.0,81.0,0.4675,0.4168,0.0,NO,NO
5,UMH,16.51,Real Estate,REIT - Residential,45.0,77.0,68.0,41.0,0.3675,0.3396,0.0,NO,NO
1,CBL,55.34,Real Estate,REIT - Retail,92.0,17.0,84.0,92.0,1.918,1.8419,0.0,NO,NO
2,MAC,24.38,Real Estate,REIT - Retail,84.0,12.0,74.0,82.0,0.5918,0.5546,0.0,NO,NO
3,CURB,29.39,Real Estate,REIT - Retail,68.0,8.0,47.0,58.0,0.5994,0.5901,0.0,NO,NO
4,SPG,218.29,Real Estate,REIT - Retail,67.0,13.0,67.0,59.0,3.7971,3.6157,0.0,NO,NO
5,ALX,265.03,Real Estate,REIT - Retail,66.0,10.0,65.0,63.0,7.2636,6.5279,0.0,NO,NO
1,EQIX,1065.39,Real Estate,REIT - Specialty,75.0,52.0,22.0,76.0,27.7171,26.8464,0.0,NO,NO
2,OUT,29.83,Real Estate,REIT - Specialty,74.0,8.0,7.0,75.0,0.8671,0.8671,0.03,NO,NO
3,IRM,122.02,Real Estate,REIT - Specialty,69.0,15.0,14.0,66.0,4.2457,4.2257,0.0,NO,NO
4,LAMR,150.77,Real Estate,REIT - Specialty,56.0,10.0,22.0,71.0,3.6089,3.5004,0.0,NO,NO
5,EPR,60.35,Real Estate,REIT - Specialty,50.0,14.0,49.0,48.0,1.2558,1.1693,0.0,NO,NO
1,WAB,297.57,Industrials,Railroads,87.0,23.0,85.0,71.0,5.4821,5.3757,1.21,NO,NO
2,CSX,51.59,Industrials,Railroads,86.0,14.0,81.0,84.0,0.8836,0.8632,0.65,NO,NO
3,FSTR,38.08,Industrials,Railroads,85.0,4.0,34.0,83.0,1.6803,1.6781,0.0,NO,NO
4,UNP,308.05,Industrials,Railroads,83.0,39.0,85.0,77.0,5.7686,5.3964,0.75,NO,NO
5,CNI,129.84,Industrials,Railroads,83.0,19.0,82.0,79.0,1.9571,1.8836,0.8,NO,NO
1,CCS,69.78,Real Estate,Real Estate - Development,78.0,36.0,93.0,22.0,2.3463,2.0559,0.0,NO,NO
2,VTMX,35.91,Real Estate,Real Estate - Development,60.0,75.0,62.0,34.0,0.7457,0.7261,0.0,NO,NO
3,FOR,29.17,Real Estate,Real Estate - Development,59.0,65.0,79.0,24.0,0.8346,0.7704,0.55,NO,NO
4,AXR,23.0,Real Estate,Real Estate - Development,12.0,5.0,7.0,6.0,0.6906,0.632,0.0,NO,NO
5,HHH,66.5,Real Estate,Real Estate - Development,9.0,39.0,51.0,9.0,1.7971,1.5979,0.0,NO,NO
1,JOE,68.89,Real Estate,Real Estate - Diversified,70.0,83.0,70.0,19.0,1.6301,1.5458,0.07,NO,NO
1,CHCI,18.28,Real Estate,Real Estate Services,90.0,92.0,93.0,94.0,1.0418,0.9082,0.0,NO,NO
2,JLL,387.37,Real Estate,Real Estate Services,86.0,92.0,93.0,85.0,10.1064,9.6386,0.0,NO,NO
3,SEG,26.87,Real Estate,Real Estate Services,73.0,53.0,77.0,88.0,1.1657,1.1632,0.0,NO,NO
4,RMR,20.0,Real Estate,Real Estate Services,70.0,38.0,29.0,83.0,0.5184,0.4995,0.4,NO,NO
5,MMI,32.32,Real Estate,Real Estate Services,69.0,79.0,82.0,86.0,0.9182,0.8796,0.0,NO,NO
1,BEPI,16.19,Finance,Real estate development,33.0,43.0,61.0,38.0,0.1119,0.109,0.0,NO,NO
2,BEPH,15.1,Finance,Real estate development,19.0,24.0,42.0,30.0,0.0918,0.0841,0.0,NO,NO
1,GOODO,20.97,Finance,Real estate investment trusts,40.0,44.0,57.0,46.0,0.1851,0.1731,0.0,NO,NO
2,PMTU,25.8,Finance,Real estate investment trusts,31.0,44.0,41.0,32.0,0.1561,0.1074,0.0,NO,NO
3,MITN,25.32,Finance,Real estate investment trusts,30.0,18.0,37.0,34.0,0.1341,0.0941,0.0,NO,NO
4,AOMN,25.15,Finance,Real estate investment trusts,29.0,37.0,37.0,30.0,0.1508,0.1401,0.0,NO,NO
5,MFAO,25.23,Finance,Real estate investment trusts,29.0,19.0,37.0,33.0,0.082,0.0758,0.0,NO,NO
1,HOG,28.2,Consumer Cyclical,Recreational Vehicles,80.0,74.0,89.0,91.0,0.9657,0.8993,0.76,NO,NO
2,MCFT,25.46,Consumer Cyclical,Recreational Vehicles,77.0,76.0,74.0,62.0,0.8893,0.8821,0.0,NO,NO
3,DOO,68.04,Consumer Cyclical,Recreational Vehicles,63.0,86.0,90.0,5.0,2.2268,2.1054,0.87,NO,NO
4,BC,80.83,Consumer Cyclical,Recreational Vehicles,60.0,42.0,49.0,10.0,2.6743,2.6321,0.0,NO,NO
5,MBUU,29.5,Consumer Cyclical,Recreational Vehicles,36.0,80.0,76.0,13.0,0.9317,0.9098,0.0,NO,NO
1,FCNCN,24.99,Finance,Regional banks,27.0,28.0,29.0,31.0,0.2207,0.2186,0.0,NO,NO
1,LIME,41.06,Industrials,Rental & Leasing Services,94.0,97.0,,,3.7461,3.7461,0.0,YES,NO
2,UHAL,71.41,Industrials,Rental & Leasing Services,90.0,19.0,95.0,91.0,1.9868,1.9661,0.0,NO,NO
3,HRI,161.9,Industrials,Rental & Leasing Services,83.0,18.0,91.0,51.0,6.6493,6.4243,0.0,NO,NO
4,URI,1098.51,Industrials,Rental & Leasing Services,82.0,12.0,86.0,83.0,29.4746,28.9004,0.0,NO,NO
5,R,249.73,Industrials,Rental & Leasing Services,81.0,7.0,59.0,69.0,5.7401,5.5194,0.0,NO,NO
1,BZH,33.13,Consumer Cyclical,Residential Construction,91.0,38.0,94.0,84.0,0.3814,0.335,0.0,NO,NO
2,LEGH,28.63,Consumer Cyclical,Residential Construction,85.0,82.0,90.0,88.0,1.2899,1.2406,0.0,NO,NO
3,SKY,90.25,Consumer Cyclical,Residential Construction,77.0,86.0,92.0,12.0,3.6893,3.3514,0.0,NO,NO
4,LGIH,58.16,Consumer Cyclical,Residential Construction,71.0,21.0,91.0,49.0,3.0654,2.5868,0.67,NO,NO
5,MHO,152.37,Consumer Cyclical,Residential Construction,70.0,58.0,86.0,53.0,4.5689,3.7504,0.59,NO,NO
1,VAC,112.55,Consumer Cyclical,Resorts & Casinos,96.0,91.0,96.0,96.0,6.4729,5.7421,1.19,NO,NO
2,CZR,29.76,Consumer Cyclical,Resorts & Casinos,82.0,20.0,67.0,91.0,0.2061,0.2004,0.17,NO,NO
3,MGM,43.74,Consumer Cyclical,Resorts & Casinos,81.0,13.0,85.0,81.0,0.845,0.8371,0.14,NO,NO
4,MCRI,126.09,Consumer Cyclical,Resorts & Casinos,80.0,72.0,73.0,89.0,2.895,2.7914,0.0,NO,NO
5,PENN,18.65,Consumer Cyclical,Resorts & Casinos,79.0,6.0,79.0,92.0,0.6856,0.6714,0.54,NO,NO
1,CAKE,113.33,Consumer Cyclical,Restaurants,97.0,96.0,98.0,96.0,4.3921,4.2871,0.33,NO,NO
2,NDLS,15.03,Consumer Cyclical,Restaurants,97.0,92.0,94.0,98.0,1.1742,1.1399,0.0,NO,NO
3,EAT,246.06,Consumer Cyclical,Restaurants,96.0,95.0,97.0,95.0,11.2021,10.9921,0.09,NO,NO
4,CBRL,57.65,Consumer Cyclical,Restaurants,95.0,84.0,98.0,95.0,2.3836,2.3414,0.4,NO,NO
5,BJRI,66.76,Consumer Cyclical,Restaurants,95.0,49.0,96.0,94.0,2.5104,2.484,0.61,NO,NO
1,COHR,289.52,Technology,Scientific & Technical Instruments,95.0,7.0,2.0,78.0,35.7071,29.7614,0.0,NO,NO
2,MKSI,279.11,Technology,Scientific & Technical Instruments,93.0,1.0,7.0,57.0,17.2886,14.0214,0.0,NO,NO
3,MLAB,124.76,Technology,Scientific & Technical Instruments,92.0,93.0,83.0,89.0,6.3943,6.2893,0.66,NO,NO
4,VPG,66.61,Technology,Scientific & Technical Instruments,92.0,0.0,1.0,91.0,8.0011,5.6318,1.7,NO,NO
5,KEYS,316.13,Technology,Scientific & Technical Instruments,91.0,13.0,10.0,88.0,14.3418,12.2643,0.0,NO,NO
1,CXW,34.01,Industrials,Security & Protection Services,96.0,78.0,97.0,97.0,1.8786,1.7757,0.57,NO,NO
2,GEO,32.71,Industrials,Security & Protection Services,96.0,69.0,95.0,98.0,1.4114,1.4114,0.88,NO,NO
3,MG,18.96,Industrials,Security & Protection Services,91.0,92.0,77.0,87.0,1.0364,0.9471,0.0,NO,NO
4,CIX,32.0,Industrials,Security & Protection Services,89.0,93.0,94.0,90.0,1.3943,1.3943,0.13,NO,NO
5,BRC,91.29,Industrials,Security & Protection Services,66.0,14.0,71.0,41.0,2.0646,2.0646,0.21,NO,NO
1,AEHR,101.73,Technology,Semiconductor Equipment & Materials,98.0,88.0,79.0,98.0,14.8021,13.5714,0.0,NO,NO
2,AXTI,70.74,Technology,Semiconductor Equipment & Materials,98.0,95.0,0.0,97.0,10.7904,10.2626,0.0,NO,NO
3,UCTT,76.43,Technology,Semiconductor Equipment & Materials,97.0,1.0,12.0,88.0,7.3493,6.5507,1.22,NO,NO
4,ICHR,60.2,Technology,Semiconductor Equipment & Materials,97.0,0.0,9.0,81.0,5.1366,4.4891,1.77,NO,NO
5,COHU,54.37,Technology,Semiconductor Equipment & Materials,96.0,22.0,87.0,95.0,4.1039,3.6104,0.0,NO,NO
1,MU,966.78,Technology,Semiconductors,98.0,14.0,91.0,97.0,56.2179,47.4271,0.0,NO,NO
2,MXL,66.61,Technology,Semiconductors,98.0,0.0,1.0,98.0,6.7929,5.955,0.0,NO,NO
3,MRVL,237.04,Technology,Semiconductors,97.0,86.0,90.0,98.0,17.535,14.3079,0.0,NO,NO
4,ASX,36.51,Technology,Semiconductors,97.0,7.0,80.0,94.0,1.8793,1.4793,0.0,NO,NO
5,SIMO,258.36,Technology,Semiconductors,97.0,4.0,19.0,96.0,19.4164,16.98,2.03,NO,NO
1,RFAI,58.0,Financial Services,Shell Companies,98.0,98.0,98.0,98.0,4.8879,3.1665,214.22,NO,YES
2,RFAIU,51.76,Financial Services,Shell Companies,98.0,98.0,98.0,98.0,2.9121,0.9843,244.51,NO,NO
3,RACC,22.27,Financial Services,Shell Companies,97.0,98.0,,,3.45,3.3407,0.0,NO,NO
4,CCXIU,15.02,Financial Services,Shell Companies,92.0,19.0,95.0,93.0,1.1574,1.0039,0.0,NO,NO
1,AYA,26.65,Basic Materials,Silver,97.0,95.0,96.0,92.0,1.7143,1.4021,0.0,NO,NO
2,AG,21.09,Basic Materials,Silver,91.0,94.0,65.0,3.0,1.0468,0.7539,0.0,NO,NO
1,RNG,67.01,Technology,Software - Application,97.0,98.0,96.0,95.0,2.9775,2.9325,0.0,NO,NO
2,FSLY,24.95,Technology,Software - Application,97.0,94.0,96.0,91.0,2.6427,2.5091,1.32,NO,NO
3,U,46.93,Technology,Software - Application,96.0,98.0,98.0,98.0,2.2137,2.1373,0.49,NO,NO
4,SNOW,332.78,Technology,Software - Application,96.0,94.0,98.0,96.0,12.5163,12.2206,0.12,NO,NO
5,PUBM,16.41,Technology,Software - Application,96.0,95.0,97.0,98.0,0.9932,0.7312,0.0,NO,NO
1,BLZE,15.8,Technology,Software - Infrastructure,98.0,93.0,98.0,98.0,2.0463,1.5981,0.0,NO,NO
2,BAND,47.52,Technology,Software - Infrastructure,97.0,1.0,3.0,98.0,3.6206,3.5194,0.0,NO,NO
3,DOCN,115.64,Technology,Software - Infrastructure,97.0,4.0,2.0,96.0,10.508,9.8894,0.0,NO,NO
4,HQ,19.93,Technology,Software - Infrastructure,96.0,97.0,97.0,,2.0957,2.0764,1.72,NO,NO
5,PANW,357.87,Technology,Software - Infrastructure,96.0,82.0,95.0,97.0,15.3,15.0521,0.84,NO,NO
1,ENPH,38.61,Technology,Solar,7.0,19.0,1.0,5.0,2.0339,1.8961,0.0,NO,NO
2,FSLR,214.28,Technology,Solar,6.0,61.0,5.0,8.0,13.4836,13.2107,0.0,NO,NO
3,NXT,86.18,Technology,Solar,6.0,2.0,1.0,2.0,4.9383,4.5044,0.0,NO,NO
4,SEDG,30.83,Technology,Solar,2.0,0.0,0.0,5.0,3.1649,2.5836,0.0,NO,NO
5,JKS,15.92,Technology,Solar,1.0,39.0,1.0,0.0,0.7707,0.76,0.0,NO,NO
1,BUUU,30.75,Industrials,Specialty Business Services,98.0,96.0,98.0,96.0,4.2954,4.2282,0.0,NO,NO
2,TH,17.85,Industrials,Specialty Business Services,96.0,81.0,19.0,98.0,0.9929,0.9743,0.11,NO,NO
3,FA,20.9,Industrials,Specialty Business Services,94.0,81.0,94.0,97.0,1.2874,1.0541,0.0,NO,NO
4,CBZ,54.66,Industrials,Specialty Business Services,92.0,96.0,97.0,96.0,0.3507,0.3436,0.0,NO,NO
5,TISI,22.72,Industrials,Specialty Business Services,91.0,96.0,94.0,94.0,1.3621,1.175,0.0,NO,NO
1,CLMT,49.01,Basic Materials,Specialty Chemicals,97.0,87.0,96.0,95.0,2.4443,2.3871,0.95,NO,NO
2,ODC,89.94,Basic Materials,Specialty Chemicals,90.0,7.0,87.0,91.0,3.8579,3.7743,0.0,NO,NO
3,KOP,45.19,Basic Materials,Specialty Chemicals,89.0,5.0,83.0,88.0,2.5282,2.4311,0.0,NO,NO
4,NEU,937.34,Basic Materials,Specialty Chemicals,88.0,92.0,92.0,94.0,27.5018,27.5018,0.46,NO,NO
5,AVNT,44.66,Basic Materials,Specialty Chemicals,87.0,92.0,92.0,49.0,1.79,1.5432,0.8,NO,NO
1,PKOH,45.7,Industrials,Specialty Industrial Machinery,96.0,91.0,96.0,95.0,2.7621,2.64,0.0,NO,NO
2,TWIN,23.42,Industrials,Specialty Industrial Machinery,95.0,40.0,95.0,91.0,1.3364,1.335,0.0,NO,NO
3,GHM,101.49,Industrials,Specialty Industrial Machinery,93.0,11.0,75.0,86.0,5.7486,5.2714,1.47,NO,NO
4,GRC,78.09,Industrials,Specialty Industrial Machinery,91.0,15.0,71.0,81.0,2.844,2.7547,0.0,NO,NO
5,HURC,22.92,Industrials,Specialty Industrial Machinery,89.0,74.0,94.0,89.0,0.6743,0.6493,0.0,NO,NO
1,HZO,52.2,Consumer Cyclical,Specialty Retail,96.0,97.0,96.0,96.0,1.8521,0.6843,0.0,NO,NO
2,FIVE,250.24,Consumer Cyclical,Specialty Retail,90.0,93.0,82.0,74.0,8.6729,7.8936,1.5,NO,NO
3,MUSA,569.72,Consumer Cyclical,Specialty Retail,87.0,6.0,59.0,92.0,21.6168,18.3268,0.0,NO,NO
4,BBY,85.89,Consumer Cyclical,Specialty Retail,86.0,43.0,95.0,89.0,2.86,2.4836,0.0,NO,NO
5,CASY,835.74,Consumer Cyclical,Specialty Retail,86.0,10.0,42.0,86.0,25.5564,25.5086,0.0,NO,NO
1,MAN,61.45,Industrials,Staffing & Employment Services,97.0,92.0,98.0,97.0,2.145,2.0822,0.0,NO,NO
2,KFRC,58.39,Industrials,Staffing & Employment Services,96.0,52.0,95.0,97.0,1.9564,1.8914,0.0,NO,NO
3,KELYA,17.09,Industrials,Staffing & Employment Services,95.0,86.0,97.0,95.0,0.6964,0.6679,0.0,NO,NO
4,NSP,52.79,Industrials,Staffing & Employment Services,95.0,83.0,97.0,97.0,2.4648,2.4148,0.0,NO,NO
5,KELYB,23.19,Industrials,Staffing & Employment Services,95.0,28.0,92.0,95.0,0.9179,0.4886,0.0,NO,NO
1,FRD,41.71,Basic Materials,Steel,97.0,92.0,98.0,97.0,3.1163,2.8955,0.0,NO,NO
2,NWPX,110.08,Basic Materials,Steel,93.0,2.0,40.0,93.0,4.7996,4.7275,0.0,NO,NO
3,MT,72.2,Basic Materials,Steel,92.0,81.0,81.0,66.0,2.2917,1.7846,0.0,NO,NO
4,TX,55.45,Basic Materials,Steel,91.0,90.0,90.0,87.0,1.9,1.71,0.0,NO,NO
5,NUE,243.63,Basic Materials,Steel,90.0,38.0,70.0,90.0,9.3121,8.9407,0.0,NO,NO
1,ATEX,93.25,Communication Services,Telecom Services,98.0,7.0,96.0,98.0,7.5689,7.1875,0.96,NO,NO
2,IRDM,48.98,Communication Services,Telecom Services,96.0,50.0,69.0,97.0,1.3454,1.2875,0.0,NO,NO
3,GSAT,82.36,Communication Services,Telecom Services,95.0,61.0,29.0,90.0,0.7729,0.7521,0.0,NO,NO
4,LILAP,20.93,Communication Services,Telecom Services,95.0,85.0,,,0.4707,0.4443,3.63,NO,NO
5,TIGO,93.68,Communication Services,Telecom Services,92.0,14.0,71.0,92.0,4.644,3.8872,1.49,NO,NO
1,AIN,59.1,Consumer Cyclical,Textile Manufacturing,44.0,1.0,16.0,32.0,3.1908,2.8015,0.0,NO,NO
1,CNR,95.13,Energy,Thermal Coal,76.0,82.0,82.0,59.0,3.6476,3.4484,0.0,NO,NO
2,BTU,27.61,Energy,Thermal Coal,71.0,89.0,82.0,5.0,1.0954,0.9954,1.64,NO,NO
3,ARLP,26.3,Energy,Thermal Coal,47.0,74.0,64.0,36.0,0.6243,0.5721,0.0,NO,NO
4,NRP,105.39,Energy,Thermal Coal,22.0,79.0,48.0,7.0,2.7579,2.3646,0.38,NO,NO
5,NC,41.0,Energy,Thermal Coal,5.0,3.0,4.0,2.0,1.9957,1.9121,0.0,NO,NO
1,PM,188.23,Consumer Defensive,Tobacco,45.0,16.0,32.0,43.0,4.1757,3.8229,0.0,NO,NO
2,RYM,22.75,Consumer Defensive,Tobacco,38.0,88.0,5.0,93.0,1.9998,1.7924,2.69,NO,NO
3,MO,66.09,Consumer Defensive,Tobacco,15.0,6.0,7.0,25.0,1.4414,1.3586,0.0,NO,NO
4,BTI,56.21,Consumer Defensive,Tobacco,8.0,8.0,5.0,10.0,1.1886,0.9043,0.0,NO,NO
5,UVV,45.0,Consumer Defensive,Tobacco,4.0,3.0,4.0,6.0,1.5104,1.4682,0.0,NO,NO
1,SWK,100.02,Industrials,Tools & Accessories,89.0,87.0,93.0,61.0,2.7643,2.495,0.73,NO,NO
2,TKR,125.1,Industrials,Tools & Accessories,88.0,4.0,62.0,77.0,4.4925,3.7854,0.0,NO,NO
3,EML,25.1,Industrials,Tools & Accessories,82.0,49.0,87.0,90.0,1.0261,0.9439,0.0,NO,NO
4,TTC,99.44,Industrials,Tools & Accessories,77.0,80.0,78.0,25.0,2.3514,2.2843,0.0,NO,NO
5,LECO,281.82,Industrials,Tools & Accessories,64.0,85.0,72.0,28.0,7.3857,7.0864,0.48,NO,NO
1,LIND,31.09,Consumer Cyclical,Travel Services,96.0,88.0,96.0,93.0,1.2461,1.2289,0.0,NO,NO
2,EXPE,321.63,Consumer Cyclical,Travel Services,93.0,93.0,95.0,94.0,12.5143,12.2371,0.0,NO,NO
3,ABNB,187.3,Consumer Cyclical,Travel Services,92.0,96.0,95.0,93.0,6.9738,5.9209,1.06,NO,NO
4,VIK,92.79,Consumer Cyclical,Travel Services,88.0,7.0,78.0,80.0,4.0697,3.8633,0.52,NO,NO
5,PRSU,48.83,Consumer Cyclical,Travel Services,85.0,9.0,75.0,89.0,1.7714,1.7257,0.77,NO,NO
1,ARCB,140.34,Industrials,Trucking,94.0,4.0,81.0,89.0,6.0936,5.9014,1.6,NO,NO
2,RXO,22.54,Industrials,Trucking,90.0,1.0,9.0,92.0,1.2251,1.1569,1.02,NO,NO
3,KNX,71.6,Industrials,Trucking,88.0,18.0,45.0,78.0,2.1593,2.0054,0.88,NO,NO
4,SNDR,35.82,Industrials,Trucking,87.0,9.0,70.0,84.0,1.0511,1.0089,1.17,NO,NO
5,CVLG,35.2,Industrials,Trucking,86.0,0.0,11.0,81.0,1.1029,1.0336,0.0,NO,NO
1,CCJ,102.51,Energy,Uranium,54.0,88.0,17.0,6.0,3.5579,2.9786,2.29,NO,NO
2,UUUU,15.14,Energy,Uranium,38.0,94.0,5.0,2.0,0.9736,0.7957,5.25,NO,NO
3,LEU,186.26,Energy,Uranium,13.0,81.0,61.0,11.0,11.2121,10.9571,1.29,NO,NO
1,BIP,38.95,Utilities,Utilities - Diversified,48.0,9.0,19.0,38.0,1.0721,1.0357,0.0,NO,NO
2,UTL,53.17,Utilities,Utilities - Diversified,45.0,11.0,51.0,43.0,1.2282,1.1668,0.0,NO,NO
3,AVA,37.57,Utilities,Utilities - Diversified,9.0,4.0,8.0,8.0,0.7243,0.7021,0.0,NO,NO
4,SRE,82.89,Utilities,Utilities - Diversified,8.0,4.0,8.0,8.0,1.9921,1.9457,0.0,NO,NO
1,KEN,66.25,Utilities,Utilities - Independent Power Producers,30.0,14.0,3.0,5.0,2.0518,1.2814,0.0,NO,NO
2,CEG,272.88,Utilities,Utilities - Independent Power Producers,7.0,18.0,13.0,12.0,10.1195,9.8066,0.0,NO,NO
3,TLN,314.46,Utilities,Utilities - Independent Power Producers,5.0,2.0,6.0,5.0,17.6796,17.102,0.0,NO,NO
4,HNRG,15.38,Utilities,Utilities - Independent Power Producers,5.0,11.0,5.0,6.0,0.8384,0.833,0.0,NO,NO
5,VST,136.21,Utilities,Utilities - Independent Power Producers,3.0,1.0,8.0,4.0,5.4163,5.2983,0.0,NO,NO
1,EIX,71.59,Utilities,Utilities - Regulated Electric,57.0,5.0,45.0,22.0,2.4005,2.2119,0.0,NO,NO
2,PCG,17.6,Utilities,Utilities - Regulated Electric,46.0,32.0,69.0,17.0,0.5375,0.5211,0.0,NO,NO
3,GNE,15.0,Utilities,Utilities - Regulated Electric,40.0,53.0,72.0,51.0,0.4384,0.4298,0.0,NO,NO
4,NWE,69.45,Utilities,Utilities - Regulated Electric,39.0,11.0,15.0,37.0,1.5779,1.4136,0.0,NO,NO
5,POR,49.59,Utilities,Utilities - Regulated Electric,36.0,9.0,35.0,15.0,1.0543,0.9443,0.0,NO,NO
1,SWX,88.87,Utilities,Utilities - Regulated Gas,44.0,10.0,33.0,39.0,1.9329,1.8314,0.0,NO,NO
2,UGI,37.59,Utilities,Utilities - Regulated Gas,41.0,43.0,60.0,27.0,1.1639,1.1468,0.0,NO,NO
3,NWN,49.42,Utilities,Utilities - Regulated Gas,40.0,11.0,25.0,29.0,0.9432,0.8632,0.0,NO,NO
4,CPK,134.13,Utilities,Utilities - Regulated Gas,38.0,21.0,63.0,34.0,2.7529,2.6371,0.0,NO,NO
5,NJR,53.52,Utilities,Utilities - Regulated Gas,38.0,5.0,10.0,37.0,1.3121,1.2079,0.0,NO,NO
1,HTO,63.48,Utilities,Utilities - Regulated Water,79.0,19.0,77.0,76.0,1.3229,1.2371,0.0,NO,NO
2,AWR,88.63,Utilities,Utilities - Regulated Water,77.0,42.0,85.0,83.0,1.66,1.5543,0.0,NO,NO
3,CDZIP,22.29,Utilities,Utilities - Regulated Water,69.0,24.0,72.0,77.0,0.2846,0.2693,0.0,NO,NO
4,MSEX,58.26,Utilities,Utilities - Regulated Water,62.0,56.0,81.0,57.0,1.3789,1.3061,0.0,NO,NO
5,CWT,49.55,Utilities,Utilities - Regulated Water,59.0,13.0,83.0,59.0,1.0243,0.955,0.0,NO,NO
1,ENLT,79.92,Utilities,Utilities - Renewable,94.0,4.0,6.0,75.0,3.6332,2.6129,0.0,NO,NO
2,BEP,32.77,Utilities,Utilities - Renewable,47.0,18.0,9.0,44.0,1.0111,0.9683,0.0,NO,NO
3,ELLO,20.18,Utilities,Utilities - Renewable,11.0,74.0,7.0,4.0,0.7307,0.5564,0.0,NO,NO
4,ORA,108.38,Utilities,Utilities - Renewable,10.0,64.0,3.0,13.0,3.8154,3.2918,0.0,NO,NO
5,CWEN,32.56,Utilities,Utilities - Renewable,6.0,13.0,5.0,5.0,1.0346,0.9525,0.0,NO,NO
1,PESI,17.3,Industrials,Waste Management,95.0,76.0,98.0,88.0,1.3031,1.2231,1.42,NO,NO
2,NVRI,20.65,Industrials,Waste Management,89.0,6.0,56.0,58.0,1.2557,1.2129,0.25,NO,NO
3,CLH,315.98,Industrials,Waste Management,82.0,53.0,80.0,67.0,6.9193,6.9193,0.0,NO,NO
4,WCN,169.4,Industrials,Waste Management,35.0,37.0,73.0,46.0,3.0157,2.9393,0.14,NO,NO
5,RSG,220.67,Industrials,Waste Management,34.0,41.0,65.0,37.0,4.095,3.8079,0.07,NO,NO
1,VMRK,66.79,n/a,n/a,42.0,15.0,43.0,54.0,1.49,1.3986,0.21,NO,NO
2,NSLRL,25.22,n/a,n/a,32.0,41.0,23.0,35.0,0.0724,0.0219,0.0,NO,NO
3,ADAMK,25.11,n/a,n/a,32.0,,,,,,0.04,YES,NO
4,TRNZ,25.35,n/a,n/a,26.0,33.0,32.0,33.0,0.0794,0.0678,0.0,NO,NO
5,BNJ,15.07,n/a,n/a,24.0,14.0,44.0,26.0,0.1171,0.0993,0.0,NO,NO
