Rank,Industry,Sector,RS,1 M_RS,3M_RS,6M_RS,Ticker
1,Shell Companies,Financial Services,97,98,0,0,RACC
2,Medical specialties,Health technology,96,91,98,95,SI
3,REIT - Hotel & Motel,Real Estate,92,77,92,93,"PEB,XHR,RHP,HST,PK,APLE"
4,Electronics & Computer Distribution,Technology,91,76,90,82,"ARW,NSIT,SNX,AVT,SCSC,CNXN,CLMB"
5,Copper,Basic Materials,88,75,60,18,"HBM,SCCO,TECK,FCX,ERO"
6,Oil & Gas Refining & Marketing,Energy,87,92,87,88,"PBF,DK,PARR,DINO,VLO,MPC,WKC,PSX,SUN,DKL,CVI,APC,CAPL"
7,Marine Shipping,Industrials,86,84,68,79,"EDRY,SHIP,HSHP,ECO,MATX,NMM,CMDB,DAC,SBLK,ESEA,GNK,GSL,ASC,ZIM,CMRE,KEX,CCEC"
8,Textile Manufacturing,Consumer Cyclical,86,52,93,91,AIN
9,Publishing,Communication Services,85,66,67,80,"WLYB,WLY,SCHL,PSO,NYT"
10,Staffing & Employment Services,Industrials,84,83,95,85,"KFRC,KELYB,MAN,RHI,NSP,KFY,TNET,BBSI"
11,Banks - Diversified,Financial Services,83,72,84,76,"SMFG,MUFG,BBVA,HSBC,BMO,RY,BNY,TD,ING,CM,BNS,UBS,NTB,BCS,BAC,C,JPM,FRBT,WFC"
12,Trucking,Industrials,82,26,51,83,"ARCB,PAMT,CVLG,KNX,SNDR,XPO,ODFL,TFII,RXO,WERN,SAIA"
13,Semiconductor Equipment & Materials,Technology,80,6,39,69,"AXTI,AEHR,ICHR,UCTT,TER,AMAT,ACMR,FORM,KLIC,LRCX,COHU,ASYS,VECO,ONTO,ASML,KLAC,ACLS,AMBA,AMKR,Q,ENTG,NVMI,PLAB,CAMT,IPGP"
14,Oil & Gas Drilling,Energy,79,90,6,67,"NBR,HP,VAL,SDRL,NE,PDS"
15,Oil & Gas Integrated,Energy,78,95,41,78,"EC,CVE,EQNR,YPF,SU,E,PBR,IMO,TTE,XOM,BP,CVX,SHEL,TGS,NFG"
16,Healthcare Plans,Healthcare,78,30,73,81,"OSCR,CNC,PGNY,HUM,CVS,UNH,MOH,ELV,CI"
17,Insurance - Reinsurance,Financial Services,78,72,58,81,"HG,RGA,RNR,SPNT,GLRE,EG"
18,Department Stores,Consumer Cyclical,77,81,82,61,"M,KSS,DDS"
19,Railroads,Industrials,76,67,66,78,"FSTR,WAB,CSX,CNI,UNP,NSC,CP,TRN,GBX"
20,Business Equipment & Supplies,Industrials,76,56,64,77,EBF
21,REIT - Healthcare Facilities,Real Estate,75,60,72,74,"DOC,NHP,WELL,NHPAP,NHPBP,AHR,VTR,HR,OHI,CTRE,CHCT,SBRA,LTC,UHT,XRN,NHI"
22,Biotechnology,Healthcare,74,47,65,63,"ERAS,QTTB,FBRX,DMRA,ALMS,ORKA,SYRE,DFTX,ANRO,MBX,RLYB,NVCT,RLAY,RVMD,DNTH,TNGX,SLGL,NBTX,FTH,KOD,APGE,ARWR,CRNX,TRAX,CORT,MANE,ELVN,PRAX,TVTX,QURE,MNPR,FBIOP,PVLA,FTRE,LBRX,COGT,URGN,EWTX,XNCR,ROIV,PTGX,ANAB,SEPN,TRVI,GHRS,CUE,IMVT,RAPP,JAZZ,BCAX,NKTR,NRIX,KYMR,ELOX,RCUS,CGEM,TYRA,STRO,DYN,KRYS,ZBIO,JBIO,TGTX,CGON,AVTX,LGND,CTNM,APLM,MRNA,SION,XENE,GPCR,YARW,INBX,BLTE,AXSM,COAG,CYTK,RPRX,CLDX,NGNE,GLUE,MIRM,VTVT,RIGL,DNLI,INCY,EXEL,IMNM,PHVS,HALO,SRZN,ABVX,VCEL,AVBP,ARQT,BBIO,TECX,TECH,SNDX,DRUG,IDYA,SRRK,ASND,STOK,ODTX,VOR,REGN,PCVX,ARGX,MLTX,TBPH,PTHS,ACAD,CELC,IRON,IMCR,MDGL,AKTS,RYTM,BMRN,ZYME,HRMY,VRTX,PBLS,GMAB,PTCT,VRDN,INVA,MAZE,SPTX,VERA,TARS,MLYS,ONC,ASMB,VKTX,AVLN,NAMS,BEAM,KARD,AGIO,RARE,SGP,SCTX,LKFT,JANX,CRSP,BNTX,ZLAB,IONS,LEGN,INSM,CAI,KLRA,AAPG,ALNY,SPRB,QNCX"
23,Electronic Components,Technology,74,17,42,71,"VICR,FLEX,RELL,ALNT,OUST,BHE,BELFB,KN,MPTI,RAL,PLXS,TTMI,LFUS,GLW,CTS,BELFA,ROG,JBL,APH,SANM,CLS,LYTS,DAKT,TEL,FN,OSIS,OLED"
24,Insurance - Life,Financial Services,74,77,74,64,"CNO,GL,MFC,MET,PRU,LNC,PRI,AFL,JXN,UNM,BHF,PUK,FG"
25,Medical Care Facilities,Healthcare,73,59,77,70,"AGL,PACS,MCTA,DVA,NHC,AMN,PNTG,CON,MD,ACHC,THC,GRDN,SNDA,PARK,HCSG,NUTX,CHE,ASTH,ADUS,FMS,EHC,USPH,ENSG,HCA,UHS,SGRY,OPCH"
26,Banks - Regional,Financial Services,73,55,73,68,"CARE,MSBI,CIB,BOTJ,BWFG,PGC,MBIN,AMTB,GCBC,AMAL,HFBL,FSEA,CMTV,CBNA,SHBI,FNWD,CHMG,ALRS,RBCAA,TRST,FNRN,SMBK,HBT,ACNB,BAP,IFS,INBK,SRCE,PFIS,PKBK,CAC,BPOP,FISI,TMP,FCAP,OBK,UVSP,RRBI,CFBK,VBNK,THFF,CTBI,PLBC,FBIZ,CZFS,BY,CBC,OBT,PEBO,PBAM,CCNE,FNLC,OSBC,FBP,FVCB,FMAO,FMBH,TFSL,FXNC,WASH,CBK,EGBN,ATLO,GSBC,DCOM,AVBC,STBA,SBFG,FRAF,WSFS,PBFS,WTBA,CPF,SMBC,PDLB,FSBC,FCBC,CIVB,AROW,BUSE,FRST,WSBC,ESQ,PEBK,PRK,RBB,TSBK,NKSH,BSRR,CATY,NIC,KB,MYFW,SFST,WSBF,CZWI,OFG,CNOB,PCB,QCRH,LCNB,CFG,FFBC,EBC,BHB,MPB,FCF,HBCP,GABC,NWFL,MBWM,AVBH,BLX,TCBK,BPRN,FULT,NBTB,NWBI,FDSB,HWBK,USCB,MCBS,BFST,FCCO,CBNK,CCBG,CFR,FUNC,CZNC,ORRF,ECBK,LARK,BCAL,UMBF,EBMT,USB,CPBI,FITB,UBSI,HWC,FRBA,PNC,SYBT,LOB,BBAR,TFIN,MTB,NBBK,WBS,FBLA,CBAN,HTB,HBNC,ZION,FDBC,NWG,LSBK,SHG,NECB,CHCO,PFS,SRBK,MCHB,AUB,MVBF,HFWA,SFNC,EQBK,EFSC,HAFC,ONB,BBT,BOKF,COSO,WABC,CLST,ISTR,BHRB,BWB,BSAC,BMA,IBCP,FMNB,HNVR,EWBC,BCH,CFFI,JMSB,BSVN,ASB,MRBK,UNTY,BMRC,MCB,FBNC,TRMK,TCBX,RNST,RF,NRIM,PFBC,INDB,BVFL,SFBS,CVBF,FIBK,WAFD,COFS,FUSB,SPFI,HAPN,PBHC,COLB,VABK,BFC,WTFC,OPBK,HOMB,PNFP,FNB,AX,KEY,OVLY,FCNCA,AFBI,CWBC,CBSH,ABCB,FBK,MGYR,SBCF,BOH,WF,NBN,PB,HYNE,FRME,EFSI,BANR,IBOC,FHN,UCB,DB,PROV,CASH,SFBC,SSB,BKU,CBU,FSUN,CUBI,FGBIP,TOWN,NBHC,FFIN,BANC,MNSB,RMBI,OZK,TFC,OVBC,CBFV,FSBW,TCBS,FHB,BCML,TCBI,ISBA,GBCI,OCFC,MBINL,SBSI,GGAL,NPB,UBCP,CNOBP,NEWTP,LKFN,HBAN,IBN,AUBN,TBBK,MBINM,BUSEP,MSBIP,HIFS,MNSBP,MBNKO,CCNEP,BWBBP,VLYPN,VLYPO,WSBCO,ONBPP,EFSCP,ONBPO,VLYPP,BANF,WTFCN,WAFDP,MBINN,UMBFO,FRMEP,WAL,HBANL,TCBIO,OZKAP,FULTP,FCNCP,HBANZ,FCNCO,HBANM,HBANP,UNB,ZIONP,HDB,GBFH,CCB"
27,Oil & Gas Midstream,Energy,72,79,47,76,"NGL,INSW,PBT,LPG,FRO,TEN,CMBT,BWLP,TRGP,SUNC,DHT,EE,TNK,SOBO,PAGP,PAA,STNG,TRMD,NVGS,TRP,PBA,KNTK,AM,SMC,DTM,WES,FLNG,OKE,EPD,LNG,CQP,ET,ENB,KMI,MPLX,WMB,HESM,GLNG,VNOM,GLP,WHK,SBR,IMPPP,GEL"
28,Tools & Accessories,Industrials,72,41,50,62,"TKR,SWK,SNA,RBC,EML,KMT,TTC,LECO"
29,Aluminum,Basic Materials,70,28,6,47,"KALU,CSTM,CENX,AA"
30,Security & Protection Services,Industrials,70,64,70,58,"GEO,CXW,MG,CIX,BRC,MSA,BCO,ALLE,NSSC"
31,Diagnostics & Research,Healthcare,70,56,86,48,"CDNA,BDSX,GH,TWST,NEO,ILMN,BLLN,ADPT,VCYT,NTRA,CRL,DGX,IQV,MEDP,RVTY,GRAL,LH,CSTL,SHC,WAT,TMO,A,ICLR,MTD,RDNT,DHR,QGEN,PRPO,IDXX,FLGT,WGS"
32,Airlines,Industrials,69,17,86,46,"ALGT,DAL,UAL,AAL,LUV,RJET,CPA,SKYW,LTM,ALK,RYAAY,AERO"
33,Semiconductors,Technology,69,15,41,77,"MU,MXL,TSEM,INTC,SIMO,ASX,UMC,ALAB,AMBQ,AMD,AIP,MRVL,LASR,SKYT,IMOS,SITM,VSH,NVEC,STM,LSCC,SMTC,ARM,CRDO,SYNA,SLAB,MTSI,TXN,MPWR,TSM,CEVA,ADI,DIOD,ON,POWI,GFS,ALGM,AVGO,NVDA,AOSL,QRVO,PI,WOLF,CRUS,MCHP,NXPI,MCHPP,SWKS,RMBS,QCOM,SKHY,ALMU,CBRS"
34,Silver,Basic Materials,69,41,44,26,"AYA,AG"
35,Oil & Gas Equipment & Services,Energy,69,63,29,64,"NESR,OII,FET,FTK,EFXT,WTTR,FTI,WBI,KGS,WHD,LB,INVX,TS,AROC,TDW,NOV,NGS,NCSM,SLB,BKR,XPRO,VTOL,WFRD,HMH,USAC,RNGR,HAL,EROK,FLOC,SEI,LBRT"
36,Food Distribution,Consumer Defensive,68,56,52,62,"CHEF,UNFI,ANDE,PFGC,USFD,SYY,WILC,DIT"
37,Packaging & Containers,Consumer Cyclical,68,61,82,66,"MYE,KRT,GEF,SON,CCK,PKG,BALL,REYN,SW,TRS,AMCR,IP,AVY,SLGN"
38,Steel,Basic Materials,68,61,65,54,"INHD,NWPX,FRD,MT,NUE,STLD,RS,TX,MTUS,WS,SIM,PKX,MSB"
39,Communication Equipment,Technology,67,31,44,71,"LITE,VSAT,AAOI,HPE,VIAV,CIEN,SILC,DGII,EXTR,CSCO,FEIM,BKTI,ZBRA,TSAT,BDC,MSI,NTGR,CLFD,AVNW,UI,ASTS"
40,Integrated Freight & Logistics,Industrials,66,31,42,60,"NCEW,CYRX,PBI,JBHT,FDX,EXPD,HUBG,LSTR,ZTO,UPS,CHRW,FDXF,GXO"
41,Other Industrial Metals & Mining,Basic Materials,66,30,31,40,"MTRN,ELVR,CMP,BHP,SKE,RIO,VALE,MP,IPX"
42,Luxury Goods,Consumer Cyclical,65,48,64,64,"ELA,MOV,TPR,SIG,CPRI"
43,REIT - Office,Real Estate,64,55,86,73,"PSTL,CDP,HIW,CUZ,VNO,SLG,BXP,KRC,DEA,ARE,OPI"
44,Drug Manufacturers - Specialty & Generic,Healthcare,64,60,59,57,"LQDA,ETON,ANIK,KNSA,AMRX,AMLX,ALKS,VTRS,INDV,LNTH,TEVA,ELAN,NBIX,UTHR,PCRX,TAK,ANIP,HROW,COLL,SUPN,PAHC,AMPH,PBH,HIMS,ZTS"
45,Scientific & Technical Instruments,Technology,64,35,51,64,"VPG,MKSI,CGNX,COHR,KEYS,ST,ESE,GRMN,ITRN,MLAB,NOVTU,TDY,FTV,NOVT,ITRI,BMI,ACFN,VNT,TRMB"
46,Metal Fabrication,Industrials,64,49,61,50,"ATI,CRS,PRLB,MEC,MLI,RYZ,CMC,IIIN,WOR,ESAB"
47,REIT - Retail,Real Estate,64,62,62,71,"CBL,MAC,SPG,CURB,PINE,FRT,SKT,IVT,KRG,PECO,KIM,GTY,BRX,AKR,NNN,NTST,UE,REG,O,BFS,ADC,ALX,FCPT,EPRT,WHLRD,REGCP,REGCO"
48,Medical Distribution,Healthcare,63,67,72,52,"CAH,HSIC,MCK,COR"
49,Computer Hardware,Technology,63,42,71,71,"SNDK,WDC,STX,ALOT,DELL,UMAC,HPQ,ANET,P,LOGI,SMCIP,QBTS,SMCI,IONQ"
50,REIT - Diversified,Real Estate,63,58,62,68,"FVR,CTO,AAT,BNL,OLP,SAFE,WPC,GOODN,VICI"
51,Insurance - Property & Casualty,Financial Services,62,55,70,62,"UFCS,SAFT,UVE,DGICB,TRV,THG,ALL,SKWD,AIZ,ASIC,KINS,MCY,BOW,HMN,CB,SIGI,NODK,HRTG,CINF,SLDE,CNA,L,DGICA,ORI,PLMR,HIPO,HCI,AFG,RLI,WRB,WTM,AII,MKL,PGR,STC,GBLI,KNSL,SIGIP,LMND,ROOT,TRUP,KMPR"
52,Electrical Equipment & Parts,Industrials,62,12,32,58,"FCEL,BE,PLPC,POWL,NVT,ENS,AEIS,ESP,VRT,AYI,FPS,HUBB,ENR,HAYW,ATKR,KE"
53,REIT - Industrial,Real Estate,62,63,68,69,"LXP,TRNO,FR,MDV,EGP,PLD,IIPR,PSA,LINE,CUBE,EXR,STAG,SMA,REXR"
54,Consumer Electronics,Technology,62,88,86,68,"AAPL,SONY"
55,Drug Manufacturers - General,Healthcare,61,58,60,51,"MRK,LLY,BMY,JNJ,BIIB,AMGN,ABBV,NVS,GSK,GILD,PFE,NVO,AZN,SNY"
56,Auto & Truck Dealerships,Consumer Cyclical,61,75,62,61,"OPLN,PAG,SAH,RUSHA,KMX,LAD,RUSHB,VVV,ABG,AN,CARG,CVNA,GPI,BGSI"
57,Medical Instruments & Supplies,Healthcare,61,63,70,56,"PLSE,SMTI,PDEX,BLFS,ICUI,BAX,WST,SOLV,NVST,MMED,ATRC,WRBY,UTMD,TFX,MMSI,BDX,BLCO,LMAT,STAA,RGEN,KMTS,COO,ATR,STVN,ALGN,AZTA,MDLN,ALC,RMD,ISRG"
58,Entertainment,Communication Services,60,45,58,64,"STRZ,MCS,SPHR,MSGS,MSGE,IMAX,ROKU,CNK,SIRI,MANU,WBD,BATRK,BATRA,LYV,LLYVK,LLYVA,FWONK,FWONA,NWSA,NWS,TKO,FOXA,FOX,VSNT,WMG,DIS,NFLX"
59,Software - Infrastructure,Technology,60,53,70,62,"DOCN,BAND,FTNT,PANW,OKTA,NTAP,CRWD,CCSI,BRUN,TWLO,NTCT,ATEN,FIVN,NET,FFIV,TENB,RAMP,QLYS,RELY,GCT,ACIW,AKAM,TDC,NYAX,DBX,FLYW,CPAY,S,ZETA,PAY,OSPN,NTNX,MDB,GEN,WEX,CORZ,BOX,IOT,VRNS,RBRK,XYZ,DLO,PRGS,VRSN,GTLB,AEVA,SAIL,SWMR,KSPI,APPN,MSFT,PGY,EVTC,RDWR,MBGL,TOST,MQ,EEFT,FOUR,TCX,CHKP,IIIV,ARQQ,ZS,PLTR,GDDY,SNPS,PAYP,DOX,CALX,ORCL,CRWV,WIX,BLSH"
60,Specialty Chemicals,Basic Materials,59,43,49,55,"CLMT,ODC,KOP,ASH,PRM,SCL,NEU,NGVT,AXTA,KWR,CBT,ESI,MTX,SXT,DD,IFF,CMT,SQM,IOSP,WDFC,APD,LYB,BCPC,AVNT,ECL,PPG,SHW,LIN,EMN,RPM,SOLS,CC,ALB,FUL,HWKN,WLK"
61,Insurance - Specialty,Financial Services,59,67,70,53,"ACT,ITIC,EIG,NMIH,FAF,MTG,RDN,ESNT,AXS,RYAN,AGO,FNF,AMSF"
62,Financial Conglomerates,Financial Services,59,49,58,65,"IX,VOYA,HTH,FRHC,TREE"
63,Leisure,Consumer Cyclical,59,58,57,56,"LTH,CALY,ESCA,JAKK,YETI,OSW,GOLF,PRKS,HAS,JOUT,AS,MAT,FUN,PLNT"
64,Apparel Retail,Consumer Cyclical,58,77,56,50,"DBGI,VSXY,LVLU,CTRN,ROST,JILL,GCO,BURL,CRI,ANF,TJX,REF,AEO,URBN,ZUMZ,GAP,BKE,BOOT,SHOE,LULU"
65,"Furnishings, Fixtures & Appliances",Consumer Cyclical,58,46,70,58,"FLXS,SN,HBB,MLKN,TILE,COOK,BSET,LZB,MHK,ALH,HNI,LOVE,ETD,KEQU,SGI,WHR"
66,Specialty Business Services,Industrials,58,60,57,53,"BUUU,TH,SMX,UNF,RHLD,FA,CBZ,CMPR,ARMK,CASS,TRNS,AZZ,ULS,GPN,ABM,CTAS,TISI,RBA,BKSY,DLB,RELX,AMTM,MMS,TRI,RTO,CPRT"
67,Discount Stores,Consumer Defensive,57,68,58,52,"PSMT,TGT,TBBB,DLTR,DG,BJ,COST,WMT,OLLI"
68,Lodging,Consumer Cyclical,57,35,37,53,"IHG,MAR,CVEO,INTG,H,HLT,CHH,HTHT,WH,ATAT"
69,Apparel Manufacturing,Consumer Cyclical,57,60,48,68,"GIII,KTB,LEVI,RL,PVH,COLM,OXM,GIL"
70,Broadcasting,Communication Services,56,43,14,56,"BBGI,NXST"
71,Oil & Gas E&P,Energy,56,81,19,62,"APA,OVV,SM,PR,TALO,CNQ,MUR,CHRD,WDS,VIST,EOG,FANG,TBN,OXY,COP,REPX,DVN,TPL,PNRG,DMLP,CNX,RRC,AR,MTDR,MGY,CRC,BKV,EQT,EXE,GPOR,NOG,VTS"
72,Beverages - Non-Alcoholic,Consumer Defensive,56,42,51,61,"MNST,COCO,COKE,KO,CCEP,KOF,KDP,PRMB,PEP,FIZZ,CELH"
73,Credit Services,Financial Services,56,43,62,56,"SEZL,ENVA,ECPG,ATLC,BFH,EZPW,AGM,WRLD,PMTS,FCFS,CACC,V,MA,AFRM,FOA,PRAA,OMF,ATLCP,ALLY,JCAP,SYF,NNI,AXP,COF,SLMBP,PYPL,SLM,RM,KLAR,SOFI,UPST"
74,Travel Services,Consumer Cyclical,55,60,77,46,"LIND,VIK,PRSU,EXPE,TNL,ABNB,RCL,BKNG,CCL,MMYT,NCLH,TCOM"
75,Medical Devices,Healthcare,55,63,62,45,"AXGN,ELMD,TCMD,ESTA,BRKR,BRKRP,GKOS,BWAY,LIVN,IART,ITGR,HAE,UFPT,DXCM,SIBN,KIDS,IRMD,ENOV,BIO,CNMD,PEN,ALMR,TNDM,GMED,ZBH,EW,CBLL,INMD,ABT,STE,GEHC,SNN,PHG,MDT,SYK,QDEL,IRTC,PODD,AORT,INSP,TMDX,PRCT,BSX"
76,Resorts & Casinos,Consumer Cyclical,54,38,56,60,"VAC,PENN,MGM,CZR,MCRI,RRR,MTN,BYD,HGV,CPHC,WYNN,LVS"
77,Household & Personal Products,Consumer Defensive,54,56,74,57,"ACU,SPB,HELE,IPAR,EPC,KVUE,CL,CHD,KMB,UL,ELF,PG,EL,CLX"
78,Utilities - Regulated Water,Utilities,54,60,71,55,"CDZIP,HTO,AWR,CWT,MSEX,ARTNA,WTRG,AWK,YORW,CWCO"
79,Conglomerates,Industrials,54,57,39,46,"AIRT,MMM,RCMT,GHC,DLX,VMI,HON,PAM,MATW,OTTR,SEB,AIRTP,TRC,BBUC"
80,Rental & Leasing Services,Industrials,52,39,50,59,"PRG,UHAL,R,URI,AER,HRI,LIME,WSC,GATX,MGRC,SUNB,CAR,EQPT,WLFC"
81,Insurance Brokers,Financial Services,51,63,88,43,"NP,LIFE,TWFG,WTW,BWIN,AON,GSHD,MRSH,AJG,BRO,ERIE,CRVL,AIFU"
82,Health Information Services,Healthcare,51,28,61,48,"TXG,BTSG,HNGE,BTSGU,NRC,HSTM,SLP,OMDA,HQY,PRVA,SDGR,VEEV,LFMDP,OMCL,HTFL,WAY,CTEV,TEM,DOCS"
83,Advertising Agencies,Communication Services,51,47,64,55,"QMMM,ZD,MGNI,ADV,QNST,CRTO,OMC,WPP,APP,LFTO,TTD"
84,Agricultural Inputs,Basic Materials,51,65,30,49,"CF,UAN,CTVA,SMG,NTR,IPI,MOS"
85,Restaurants,Consumer Cyclical,50,50,56,49,"NDLS,BJRI,CAKE,CBRL,LOCO,EAT,DIN,BDL,BH,TXRH,BROS,SBUX,JMKE,DRI,JACK,QSR,YUMC,YUM,CMG,NATH,RICK,DPZ,MCD,CAVA,PZZA,KRUS,SHAK,WING"
86,Specialty Industrial Machinery,Industrials,49,37,48,50,"PKOH,TWIN,GRC,HLIO,GHM,GEV,SXI,NPO,CMI,ROK,IEX,LXFR,WTS,HURC,RRX,MIDD,CSW,FLS,CR,NDSN,AME,PH,ITW,GTES,DCI,FELE,JBTM,EMR,ETN,ITT,TNC,DOV,IR,CXT,KAI,KRNT,TAYD,GGG,GNRC,MWA,OFLX,EPAC,AOS,ATS,XYL,OTIS,SYM,INIO,PNR,AMSC,XE,NNE,MFP,PSIX"
87,Footwear & Accessories,Consumer Cyclical,49,56,64,53,"RCKY,CROX,SHOO,WEYS,WWW,DECK,BIRK,ONON,NKE"
88,Auto Parts,Consumer Cyclical,49,45,42,43,"GTX,BWA,MGA,VGNT,THRM,STRT,PLOW,PHIN,LEA,MLR,MOD,DORM,ALSN,DAN,ALV,XPEL,SMP,GPC,AAP,ATMU,VC,ADNT,CPS,GNTX,ORLY,FOXF,APTV,AZO,HSAI,LKQ"
89,Education & Training Services,Consumer Defensive,49,39,47,50,"DAO,LINC,LAUR,UTI,APEI,EDU,FC,CVSA,STRA,PRDO,PXED,LOPE,LRN,COE"
90,Utilities - Diversified,Utilities,49,60,46,53,"BIP,UTL,AVA,SRE"
91,Auto Manufacturers,Consumer Cyclical,49,63,56,37,"CYD,GM,HMC,RACE,RIVN,TM,TSLA"
92,Engineering & Construction,Industrials,48,38,26,49,"CDNL,PHOE,IESC,STRL,AGX,FIX,ACA,LGN,PWR,MYRG,ECG,DY,TPC,GVA,EME,FER,MTZ,APG,EXPO,J,CDLR,FLR,TTEK,ROAD,KBR,WLDN,BWMN,AMRC,ACM,STN,PRIM"
93,Packaged Foods,Consumer Defensive,48,51,55,47,"MAMA,SENEB,PRE,DAR,SENEA,CENT,MICC,LWAY,CENTA,SJM,JBSS,KHC,SFD,HRL,LW,USNA,NATR,FRPT,POST,CPB,MKC,GIS,INGR,OFRM,JJSF,PPC,MZTI"
94,Chemicals,Basic Materials,48,56,14,56,"GPRE,MEOH,REX,ACNT,DOW,WLKP,ASIX,CE,OLN"
95,Farm & Heavy Construction Machinery,Industrials,48,30,37,48,"BLBD,CAT,PCAR,CMCO,DE,TEX,FSS,OSK,ASTE,LNN,AGCO,HY,ALG"
96,Pollution & Treatment Controls,Industrials,48,52,34,33,"CECO,ZWS,VLTO"
97,Aerospace & Defense,Industrials,47,39,51,38,"DFNS,SIF,DCO,ATRO,VVX,AIR,ARXS,PKE,PL,HWM,MRCY,HXL,ESLT,GE,RTX,HEI,WWD,CW,LMT,GD,ISSC,VSEC,DRS,SARO,EMBJ,LOAR,VSECU,HONA,FTAIM,AXON,NPK,POWWP,FTAI,MDA,AADX,HII,TXT,DPC,TATT,TDG,RKLB,BA,RGR,CAE,NOC,CDRE,LHX,BWXT,BETA,VOYG,KRMN,SPCX,KTOS,HAWK,FLY,AVAV,AVEX"
98,Personal Services,Consumer Cyclical,47,63,48,54,"ANDG,FTDR,HRB,RGS,SCI,CSV,BFAM,ROL"
99,Insurance - Diversified,Financial Services,47,66,52,47,"PLGO,SLF,IGIC,ACGL,HIG,AIG,BNT,ACGLN,ACGLO,XZO"
100,Industrial Distribution,Industrials,46,45,43,52,"XMTR,MSM,GWW,WCC,AIT,DSGR,DXPE,FAST,GIC,REZI,FERG,TITN,BXC,CNM,WSO,POOL,SITE"
101,REIT - Specialty,Real Estate,46,65,38,54,"OUT,LAMR,IRM,EPR,EQIX,LANDO,BXDC,LANDP,DLR,WY,RYN,GLPI,AMT,SBAC,CCI"
102,Paper & Paper Products,Basic Materials,46,73,52,46,"CLW,SLVM"
103,Solar,Technology,46,22,43,33,"PN,SEDG,ENPH,FSLR,CSIQ,NXT,JKS"
104,Residential Construction,Consumer Cyclical,45,22,58,37,"BZH,LEGH,MHO,LGIH,SKY,CVCO,TOL,GRBK,HOV,PHM,MTH,KBH,DHI,NVR,IBP,LEN"
105,Internet Content & Information,Communication Services,45,60,50,44,"CCG,NBIS,GRPN,EVER,JOYY,GOOG,GOOGL,OPRA,MTCH,PPLI,ATHM,PINS,BZ,SPOT,BIDU,YELP,RDDT,META,BILI,GIBO,ZG,Z"
106,Property/Casualty insurance,Finance,45,79,59,48,KMPB
107,Waste Management,Industrials,44,59,57,42,"NVRI,PESI,CLH,WM,CWST,WCN,RSG,GFL,ONT"
108,ETF,ETF,44,47,45,45,"BWET,MUU,MULL,DLLL,INTW,PALU,SPCG,PANG,MRVU,ORAC,SSPC,OKTG,SNK,SPCQ,AMDL,LINT,SNOU,LRCU,WDCX,OSCX,AMUU,AMDG,CRWL,PILL,SOXL,MVLL,CSCL,LABU,UNHU,TERG,SMST,ASMG,PBRG,SBIT,DRAM,STXX,UCYB,STXL,CHPS,MSFC,HUTG,PSI,TSXU,AIS,UGA,TEKX,SOXX,LLYX,FTXL,HECO,DECO,BBC,LITX,NETG,EMEQ,ELIL,SOXQ,DPST,XA,EWY,ARMG,TXNU,GEVX,LFSC,AIVC,GUSH,FLKR,SBIO,UNHG,AMA,CHPX,UCO,PYPU,ERX,GOOX,DIG,USO,TTXU,BIB,FLTW,AAPB,SMH,AAPX,TNA,HSBH,VLUE,URTY,DBE,IGPT,ARKG,RTXG,GGLL,AMAA,EWT,WCBR,SHOC,TCAI,MKOR,DBO,NFXS,XPH,TECL,FCLD,AAPU,CURE,XSD,TSMU,BNO,NEBX,PSCT,SOXY,CTEF,HACK,CRAK,CIBR,KNCT,TSMX,XOMX,ROM,THYP,SAA,TINY,HIBL,SMHX,DVXE,XBI,TPOR,COLO,USD,LRNZ,THNQ,SPAM,XHS,IHE,QQQA,ETHD,TSMG,CPXR,GEVG,BUG,VFLO,TEXU,FBT,PSIL,AIA,EPU,GNOM,RSPT,GSIB,PTH,ARTY,FTXH,AFOS,SFLO,FTHF,XBIX,PSCH,RNIN,PJP,XKRE,CHAT,UWM,NBIL,BOAT,NXTG,CSD,MPWC,XTL,IHAK,TRFK,PXJ,AIFD,SMRI,IEO,CANC,BBP,PSWD,WGMI,FRDM,TXXH,GTEK,JETS,SVIX,UDOW,XLFX,PBEU,WTAI,SKYU,MIDU,BITI,CAFG,EWO,RXL,ORCS,UMDD,XLVX,IDNA,EQRR,CLSE,QTEC,QTUM,STXE,XOP,DXJ,DVXK,CARZ,COPA,ROKT,EMDM,DIVB,MSTC,FYC,FYT,CALF,ASCE,FYX,PXE,IDHQ,SKHA,COPP,XAIX,IBRN,PATN,WLDR,BULD,EURL,IXN,CPAI,SPTE,SEIV,MYLD,IHF,VEGN,ISMD,LMTL,USL,DRLL,OPTZ,KEMX,KSTR,SVAL,GEME,FXN,RWJ,IPOS,SLX,FITE,SQLV,BEG,BSVO,EVLU,GREK,TMED,FESM,SPXL,OKLS,XSVM,IBBQ,WDNA,RZV,RSPG,EPIN,COPX,NIXT,SCDS,SGRW,UPRO,QQQG,FAI,AFSC,FELV,ICOP,QQQS,INVN,PBOG,PBE,VPX,MINV,GMOI,MRNX,EPSV,QABA,VFMF,MEXX,EPOL,PZLV,FDTX,XLE,HELX,AMZG,IYE,FTXN,GSG,EMXC,FENY,BRIF,OPPJ,QVAL,XES,RZG,AVSC,VDE,XLK,XNTK,BHYP,EZJ,IWX,SEA,ETHO,PJFV,AFSM,IFLO,PWV,IXC,SGRT,IBB,QQQJ,FRWD,CONI,HTEC,VTWV,TCV,PIT,KBWB,DBJP,SMLV,FLOW,EWP,IWN,NYSX,VFVA,OAEM,UPV,CLOU,EMCS,AVLV,CNAV,LSAF,DVLU,GRPZ,ROSC,FTXR,TMV,MAKX,SRHQ,RULE,GVLE,MSEP,TVAL,FTEC,AVUV,RDIV,PVAL,JIVE,UMMA,TBXU,CPER,AGEM,IWC,VGT,MVV,GXPE,IWD,XMVM,USCI,UXI,XTN,BPH,VONV,RWEM,WELD,SMCF,EUFN,GVUS,BBSC,IYW,GSC,GARY,OILT,DFUV,DDM,JPSV,DVXV,COPY,COWS,URSP,HEWJ,IUS,DFMC,DFLV,DUSL,DGRE,ITAN,IBOT,TSSD,BUYO,DFSV,IAT,ALAI,ROE,PRVS,RUSC,QVMS,NRSH,GNMX,EFO,FFEM,EDC,KRE,GVAL,VIOO,IGM,IJT,PIPE,PXI,SLYG,VIOG,TSCV,FBCV,SIXS,IJR,KEEX,SVXY,XUDV,USVM,QSML,DIEM,EES,SPHB,IJS,XJR,PINK,ACEP,LSVD,FFLV,HAPS,FLCV,EINC,SPSM,ACSV,SETH,VIOV,RSSY,SURE,BNMC,SPMO,KBWY,DARP,RAFE,WTLS,NACP,EET,WCLD,OIH,HONG,FXH,ACVU,SDCI,KLAG,SLYV,LATR,IDGT,PSCE,RDVY,CVRT,DSMC,ULVM,FFSM,SKYY,UIVM,EWJV,ECML,XCEM,IYZ,ORR,FNDF,JVAL,PZIV,FDD,JADE,PSC,PEMX,FIVA,FAB,DFAT,TMSL,ABCS,FTXO,ECON,FTA,PLTL,GENW,PXF,EPEM,GSSC,BKDV,DES,ENFR,DVXF,EPAI,PBOT,KNO,STRN,BLCV,RPV,GARP,SCHD,FAS,SHEH,TQQQ,CVMC,SYLD,SPVM,FDLS,TTEQ,JPY,PPH,CHGX,IVSS,TMVE,FEMR,GINX,MSSS,SDOG,EQLT,AGIX,PSCF,UFOX,FYLD,MSIX,ASEA,NTSD,EMM,PRF,BKSE,PWER,GXPT,JSML,REVS,AVIE,SNSR,FLJH,RSPH,KBE,TRFM,CLCV,DFIV,AVXC,IWS,EMSF,TSLS,GTOP,SHE,SPUU,PRXV,JHAI,BRZU,PEXL,SSO,IEZ,FNDX,VTWO,IWM,IBAT,PRFZ,SMMD,LVDS,PICK,RSSL,KBWP,THD,MEMX,MBOX,FNDB,SEMI,SGLC,JMOM,FXL,IMCV,ISCV,VMAX,ONEO,LITL,FSCC,EWS,RWL,PIE,AINT,HWSM,ESGG,OMFS,PDBC,UBR,RWK,METD,LVHI,IVLU,BBH,QFRD,SEEM,IAK,AFMC,EWI,FHLC,FDM,LYLD,PWB,DEEP,GCAD,JMEE,DBC,EBI,TEQI,MTUM,JDVL,WCEO,RSPE,EBIT,DEW,DEXC,QLD,AVGV,VHT,VYMI,BSMC,TECB,DTCR,QEW,DGRS,UDI,SPYQ,MGV,DEHP,GMOV,SHPP,ACSI,DFEN,HGER,FEOE,FMTM,MVPL,JEMA,EFAS,ESN,RDOG,OASC,TRUT,SCHA,WBIL,BIBL,FTIF,UMI,AIQ,WBIF,FNDA,RSST,DUNK,TDI,OPPE,USE,VTV,USSE,XSLV,BLCR,AVSU,IMCB,VLU,DIVD,IYT,VPL,SYZ,WBIY,SPDV,BEDZ,TRUF,KIE,STXV,JQUA,JAVA,EPSB,DWAS,BRNY,JPSE,ESML,IVAL,DBAW,BESF,USRT,RFLR,RWR,SUPL,IQDY,TTT,TSLZ,IYH,DBEF,MLPX,OILK,DESK,IXG,XLV,DOL,CVIE,GOP,FRGN,NBCE,IMCG,JHID,BBRE,PTIN,RESM,ZETX,TXUE,DBEZ,AIVI,VOE,REIT,BBMC,TERC,ESSC,DFAS,EMKT,DRES,ILCV,BOUT,AIVL,NURE,REMG,YCS,MFUT,EIPX,FRI,RHRX,DBEM,KOLD,EMXF,ROUS,BASV,VLLU,EWN,BFOR,ASIA,JRE,DUSA,SPIT,REZ,SMOX,CGVV,CGDV,GLL,FSML,HERD,CSTK,RFV,FLV,DBEU,SCOW,PEY,IQDF,IVES,EKG,HRTS,VBR,SEIE,GQQQ,IOSX,BMED,EFV,EPMV,HFXI,EMOP,MIGO,YUNG,HLAL,EEMX,QVMT,AVIV,VRAI,OALC,DJD,ABOT,EMPB,HDV,DDIV,LST,GTPE,INFO,RFDI,WTV,ISCB,SAWS,NANR,MJSC,GFLW,AIUP,ACSG,FCG,DXUV,CZA,FVAL,BINV,PEJ,MCDS,CERY,XSMO,QLC,EIRL,TPYP,DFVE,EEMA,SCHV,FLQS,FXO,LNGX,SMLF,DIVY,TEK,AVUS,FDRR,AAXJ,IOO,HAWX,DIVG,BUL,XIDV,FGSM,DSTL,SMDV,GRPM,DFNL,SPWO,NBET,AVGE,TALV,MFUS,AMZA,VFQY,NUMV,REMC,SCJ,SEIM,IDEQ,ONEY,NULV,SEIS,PPTY,MQQQ,BRIE,LGRO,FEX,FIDI,GEM,IQSU,TRUH,TEC,FMDE,MADE,MATE,JHDV,MEDX,TOUS,AVMV,IMFL,FNK,MGMT,SFTX,RFDA,VUSV,VEFA,FEAC,LSAT,OVS,HEEM,IDOG,FELC,TFGZ,IGE,YOKE,TIER,NTSE,EZM,EDGE,FWD,CDEI,BUSA,FPAG,MNZL,PSCI,JPME,AVLC,VUS,FSMD,BVAL,HAP,TPSC,TSLQ,PSR,HEFA,DHS,DEUS,FLAX,STXK,KOID,DFEV,GSJY,QQEW,BKEM,TIIV,QQQE,QDF,DGRO,FTDS,LCLG,DISV,HEZU,LOUP,MSSM,DGLO,RPG,TFNS,VOLT,XJH,QQMG,BAI,BGDV,BRCE,ITA,JPXN,SMDX,COWZ,ESG,PRMR,DAT,XHOA,GXUS,ILF,XOEX,TSNF,USNG,FGD,JDOC,EEM,FDL,KNGZ,FDIQ,TPLX,RGLO,QARP,VTWG,DFAC,GDIV,IWO,XMAG,MAVF,QVMM,TMLP,DFTT,LRND,CNEQ,QQQP,UDIV,FLN,IQSM,BBCA,SDVY,DVYA,JDVI,JHEM,ESGE,LEXI,BAIV,FMED,CORO,SSPY,AMAU,RFEM,SCHF,MIDE,OMFL,TSES,TEXX,BLUX,XHE,QTAP,DGT,FDV,XTAP,EWC,VB,RGEF,WBIG,TUG,NULG,VDI,RINT,TBT,DCOR,DYNF,DCMT,HIDV,MEM,XSOE,CGGO,TBG,ADVE,BAMV,GURU,FEDM,NBJP,ESIM,USAI,JUDO,PEPS,USXF,PAMC,SCHY,COIX,JHSC,QDIV,IVSI,CVLC,TILT,JPUS,AIPO,DTH,EMGF,SNPD,MOOD,IVOG,FEGE,DVAL,NUSC,NBCM,JPAN,MDYG,ATFV,DXIV,DSPY,FXZ,MCVT,BGIG,IWR,ITWO,EVUS,EWJ,VEA,ROPE,DUBS,JUST,DFVX,IJK,SCHM,INRO,NVIR,FLCA,PSCC,XOEF,DSTX,DFAR,IDV,VFMO,EPS,FINT,XLI,XSHQ,RDVI,VIDI,CVY,SPUS,ELCV,GNR,LSEQ,SMIG,LQAI,FNX,SNPG,MFSI,SPYD,RODM,MMSC,EYLD,GSEE,DFAW,RSP,CDC,ISCG,GLOF,SCHH,PTF,EMOT,SSUS,TMDV,RFFC,RJDI,VEXC,WCMI,QGRW,TXS,IJH,EDOW,IVOV,EWK,DTD,SPMD,DBB,IVOO,PIEQ,CDL,VYM,DWAW,SPHQ,MFSV,AMZZ,FAD,QQXL,ASMU,GRIN,GSPY,LGCF,AFLG,DVY,SFGV,DLN,PAVE,AGQI,SPXD,UCOP,MCHS,FCTE,TSME,FLJP,EQWL,MDY,BBLU,SPDW,DIVI,CSM,XCNY,DFJ,FENI,QUAL,EFIV,NOWX,IGRO,MEDI,SNPE,LCAP,GGM,VXF,NUDV,LPRE,JHML,DVQQ,BCTK,QVML,LCDS,ENOR,IJJ,FTCE,ACOM,PKW,ALRG,AVEM,GSKH,UYG,APUE,ASGM,CLSM,STOX,QLTY,INTF,PTMC,WLDU,MDYV,BAMG,SHUS,AVSE,CSNR,ROAM,GLOW,NPFE,NVOC,UPGD,DFAU,FFUT,XDIV,GUSE,QEMM,JHMM,FDVV,TEKY,OAKM,FEUS,XUSP,BINT,DIA,VEU,EQIN,SPGP,EMMF,AOTG,IQSZ,ESLV,FOWF,IPKW,SUSA,AHLT,CNXT,TDVG,LCOW,CWI,FLCC,CGUS,NXTI,CGXU,AMOM,PRN,QQQM,ITDJ,TACN,TFPN,FLGB,QQQ,RSPF,DUKQ,PTEU,IHDG,THRO,RAUS,DEM,CGNG,VSGX,TGLR,QTOC,ACWX,BREE,DFAI,CGIC,CGGE,SUSL,CCNR,HDUS,AAVM,ONEV,NXTE,PFDE,SFTY,ABIG,JIRE,ITDH,EFFI,GGTL,ABFL,GSWO,NANC,BUYB,USNZ,HQGO,SURI,CMCI,SPDG,IDUB,EMES,SECT,UPSD,DFIC,ITDI,LEGR,URE,KLMT,RITA,DFUS,GOGL,AVDV,FKU,RWO,NLSI,ESGU,NELS,IXJ,GSIE,BEDY,QTOP,AVDE,JSTC,ITDG,KDVD,TOPC,QNXT,BBEM,UXOC,USMC,DURA,CSB,QDEF,FLQL,DFAE,USSG,TEXN,SIXA,SOYB,BFXU,FEZ,GSID,LRGF,QINT,IUSG,AVMC,EWU,REET,IEMG,WRND,RCGE,ESGV,SPGM,AMLP,DAK,GVLU,FEP,SPYG,OSCV,DIVN,SPTM,TDIV,WSML,ISVL,NOEQ,EMC,CPTL,QTJA,AVNM,ICOW,VIS,IVW,JXX,EMCR,SFY,VOOG,EQAL,AIMS,ITOT,SCHB,VXUS,TDV,CMDT,IWV,JPRE,AUSF,ACWI,RSEE,EPMB,DEMZ,GDOC,BKIE,GSEW,VTI,AVSD,LFEQ,PSCD,ILDR,EUSA,TNXT,MOTO,ROBO,SCHK,SPYM,JUSA,IMF,TOV,TOT,MLPA,TSPA,SCDV,DFSU,FIDU,XT,IALT,VOO,IVV,SPYX,XMHQ,BLES,AAUS,UXJA,ITDF,VTHR,BBJP,FEMV,VSDA,PFI,CBSE,PFIX,FEUZ,TMFX,VOTE,DSI,VT,IYY,EMET,HAPI,AAUA,ILCB,SAMT,PSFM,TOLL,MGNR,MKTN,STXF,HDEF,VSLU,ENHU,ESLG,EGUS,IPAC,PBUS,IUSV,SMIZ,XTOC,MGC,NBSM,PQUS,GCOW,SCHX,BKLC,COM,EZU,IWB,FMTL,EWW,MVFG,VV,IYF,GSEU,GSUS,INDS,VO,VONE,GLAM,AQLT,FLMX,IVE,COMT,WDIV,ICVT,PBPH,DVND,CSRE,SPXE,ASD,KCCA,SPYV,CLIM,CAMX,SIXH,FLCE,JOYT,IXUS,SROI,URTH,AIRR,TOK,OAIM,PFM,SIZE,ICF,BBUS,DFAX,LDRX,VOOV,ZECP,FNCL,XLF,FLBR,VBK,SPXN,VGK,AVNV,KLMN,FLEU,IEV,INCE,FQAL,HSCZ,KBA,EFA,VIG,STNC,EQTY,JSMD,DON,AAAA,NETL,NBDS,USPX,PSCM,LRGC,OEF,SNAV,XVV,WIMA,BBEU,GUSA,ENHI,FNDE,ESGD,BREW,VFH,RBLD,IQLT,PCLN,DVIN,ESUM,QUS,SAWG,RKSG,WSGE,FPRO,CHPY,EXI,EDGU,TEMR,JHMD,BLDG,VUSE,GLRY,BELT,QEFA,PQNT,NBIE,TCAF,FBCG,COPJ,TRUN,IYG,GLBL,TMFC,TLTD,AIBU,IDMO,IWL,IDEV,TSRS,FLSW,LCTU,FID,FFLC,ASLV,RVER,FLLA,GPT,MODL,CWB,AV,REGL,IEFA,ONEQ,CGCV,FCVT,RFG,MNVT,AZTD,FNY,DIHP,BAMD,VAMO,NOBL,BLUC,FLRG,DWM,AIEQ,EWL,GUNR,FCPI,JHDG,MDLV,WAR,DDWM,IDVO,SMOT,PY,DIVS,EMLP,FCFY,SQLT,SDEM,BBIN,SMMV,WCMG,DMXF,SPXV,ENDW,GSLC,FHEQ,NUDM,TINS,VSMV,GEOA,RSPM,EGLE,ITDE,SMOM,OUSM,BKGI,COMB,IDVZ,DUHP,ACVF,FV,CRBN,RLY,IPO,ILOW,TEMX,FDMO,CFO,EXEQ,IEUR,IYM,PXH,EUDG,FBOT,DFGR,QWLD,QLV,IYJ,DFEM,PSMR,IQM,PPA,SPEU,REFA,USMD,AGOX,CEFA,EFAX,AGNG,PSFD,PSFO,BKMC,SDY,DEEF,EWZ,CFA,BDIV,APIE,BYRE,TAOZ,STXD,IQSI,EASG,FDIF,DDXX,CSIO,USEW,TOS,NYNY,DVVY,BAFE,MFMO,AVMA,DWX,TACU,HEDJ,GK,JOET,XSW,PIEL,BRKU,FPXI,NSI,TAX,JPIN,BBHL,XMLV,NATO,UXJL,DIM,VFMV,BRAZ,DFSI,HDMV,OUSA,FJP,BWTG,BBAX,BLGR,DVSP,FDEM,EQL,FVD,MRSK,AVOS,OZEM,FDLO,FLSP,RECS,STXG,HBTA,MOAT,AGIQ,RSPN,NRES,QQWZ,GROZ,CHRI,DFIS,SEIQ,OEFA,XTJA,PTL,CGMM,PAYR,EAOA,INEQ,FFGX,QPX,EDGI,DBMF,SELV,TGLB,YANG,ROCY,NTSI,FDT,PWRZ,GRID,DIV,LVHD,AVUQ,FVC,TLTE,VIGI,MFEM,FFND,INFL,AVDS,MSLC,SPLS,MFVL,NBCR,CATH,EFNL,QUIZ,PRAY,FREL,BEEX,XLPX,UXAP,ABLS,ARVR,FLQM,XCHG,TPIF,GKAT,ISRA,DTAN,SIXL,SFYF,VNQ,TPHD,IFLR,ACLC,POW,BMVP,IFRA,FTC,MDST,GVIP,KOKU,GINN,QQHG,GEW,HSMV,WOMN,ECOW,NORW,TRTY,WEEI,ITDD,IYR,FICS,FTGS,ZSB,AVTM,RIFR,CGDG,GDMA,BASG,AOA,QLVD,BTR,TPFC,AVRE,DTRE,VALQ,XMMO,BGRO,PABD,FTGC,DINT,TPLC,XRT,MFDX,WEAT,QFHD,QSIX,FDEV,PSFF,PHDG,PSCW,TMAT,PSMD,OAKI,PSMO,TINT,SPXT,IYK,CVAR,SPHD,FLEE,DYTA,HFEQ,ZSC,SQS,DWLD,IQRA,PSCX,IVVM,PSCQ,EEMV,SPCT,PPI,TURF,PSTR,TRND,LIT,SDVD,WXET,PRXG,KEAT,DGRW,JANZ,AAEQ,NDAA,MMID,BCUS,NTSX,PVEX,XTJL,ODDZ,MAYZ,GMOM,GSGO,BALI,FSEV,SEPI,RND,XCOR,GMF,ERET,HOLA,PSAI,WTMF,TDSC,WWJD,WEED,FSEG,LOPP,IQDG,ONOF,JUNZ,MVFD,CGIE,EIPI,VOXP,AGMI,PSFJ,IDYN,SPRE,DNL,MVAL,PRCS,EAGL,BALQ,PDP,FLJJ,VNSE,GCC,TBFG,SPDF,XYZG,UYM,SCHG,KSPY,ROCQ,DIVL,EUAD,WNDR,KMLM,TOPT,FXR,SHRY,FTCS,MAGA,WDAI,MSTB,DIVP,MDPL,FNGG,EUO,RWLC,ADME,GQRE,ESMV,DVOL,EXUS,JPEF,NULC,GXLC,USCA,DIVE,SEPZ,AKAF,EFAV,EPP,EIS,QDPL,GARA,MXI,LGH,RSPR,DUKX,USCL,PRAE,TAJX,WAMA,DRAI,ALTL,NZAC,DVXP,LCTD,TBF,LENS,BRES,SAGP,LGDX,SFLR,CVSM,DUTY,BAMO,FSGS,PBL,HTUS,CEFS,IMTM,QGRD,RSMC,SUPP,FNDC,WLTG,QLVE,SCHE,XLRE,XAR,PHEQ,MGK,SPRX,GMOD,DPRE,BAMA,FXP,PTLC,KVLE,XDSQ,ITDC,VDIG,DOCK,BOBP,CRTC,XLEI,FTLS,PSMJ,QQUP,HGRO,DECZ,DVGR,DRIV,LCF,THIR,FRIZ,GRNY,SCZ,CPRO,ASMF,KRBN,DRGN,UGE,TWOX,BDYN,GRNJ,NUGO,RSSB,ADIV,THMZ,GQI,INTL,GAMR,EWUS,BKCG,PID,DFSE,IDVY,KYC,VERS,EWD,PST,COWG,HEQT,REAI,VUG,QBIG,NUEM,HEGD,ROBT,WTRE,VWO,CPRY,THNR,EDGH,FPX,PSCJ,PRXI,CVGD,DVYE,ABEQ,AUGZ,COMD,JGLO,ELM,WQTM,FPWR,MCOW,OVLH,UFO,ILCG,NTRL,JIG,LOWV,SMCO,PTNQ,SPEM,FARX,QMOM,XLIX,XLB,SPYC,GLIX,IDLV,EAOR,FRTY,QMID,PAPI,QAI,DDDD,TSPX,SPBC,VDG,GTR,DOGG,THOR,SPYA,RWIN,VEGA,THEQ,TLCI,APRZ,EEMO,RSPA,IWMI,LGLV,KCE,FFLG,CLOD,OCTZ,TOLZ,APHU,ARWG,OVL,NOVZ,IAI,EFFE,ELFY,XLSR,YNOT,RSBY,MEMA,TDVI,SDG,PSCU,TLG,XLVI,PCPP,INDE,DVRE,VEM,XNAV,FEM,DLS,YLDE,PABU,HUSV,ARGT,RAAX,PDN,CMDY,RSMV,IVVB,JIDE,AQLG,OVF,CBON,ISPY,GOLS,FYEE,AMZU,THLV,GPIX,GAA,CPRA,BCI,EFAA,FLAU,GFGF,FFDI,PRNT,CGBL,EWA,AOR,QQH,PRTO,FXD,ALIL,FAN,PSL,RISN,DWUS,BRZX,RAA,YXI,TXUG,TIME,SPD,DIVZ,ITDB,ACIO,DIVO,GAL,SPLV,FTKI,PALC,SCAP,YSAG,RTH,JPEM,GII,HAUS,FTQI,EWQ,ISWN,KJD,ISCF,EFG,XLP,ZIG,LOHA,JGRW,WINN,ITEQ,HDG,GIEQ,ECH,USMV,FDTS,FFOX,MFIG,ACVT,IGF,ACWV,EASY,MOO,ZINC,PSET,ISMF,HF,TMFE,QLTI,PJFG,EHLS,GOIB,MBSX,LCR,IQQQ,SOVF,NICO,MPRO,FCTR,CRIB,AAPR,KROP,KOMP,EFAD,CLCG,FTAG,GXPS,STYL,PWRD,QALT,KXI,NBOS,ATTR,TSCM,TJAN,VEGI,AMMO,ZAUG,ZDEK,BABC,CPSD,EDGQ,MVPA,CWS,NVIB,TRUI,FEBZ,XITK,MEIB,HCMT,MARZ,ZHDG,ZAPR,DVXB,UEVM,CPSA,AOCT,TUGN,BEEZ,CARK,DDLS,XPND,EDIV,SLVP,BDGS,WR,MKAM,AJUL,ACGR,CPNS,HELO,CPST,USMF,ZNOV,ZSEP,MPLY,CPSN,HWO,MDIV,XLG,CPSO,FSCS,TRUO,JAJL,CPSP,FELG,LNOK,ZOCT,CPSY,GPIQ,CPNQ,ZJUL,FTXG,LBAY,BDVL,ZMAR,FPAA,BALT,CPSJ,MDAA,DWMF,BAY,CPSL,EDGX,CPSF,NDOW,EELV,ARP,GBUG,FMCX,NTAL,SMLL,VDC,XLII,ZJAN,CPSR,HIDE,AFK,BKCI,QQLV,PDBA,CTIF,XRLX,SPUT,HIS,DUSG,BILT,CEW,OAKG,RHTX,ENZL,ZFEB,HFGO,MHIP,ASHR,FLCG,CPRJ,ADPV,FSTA,RSPS,DTEC,BILD,MEMS,NBGX,SSCP,NFRX,HEDG,UUP,VOT,CPNM,MIVL,MTRA,DBA,WRTH,CUT,TAPR,ASHS,CCPX,DFE,IEUS,JFLI,AMID,DDX,KONG,TMFG,JDIV,NEWZ,WCME,EPHE,XEUR,LEMB,ZMAY,KNG,FXU,VDV,TAGS,EWM,MRGR,MMAY,ZAP,KAT,XLUX,THTA,INDZ,BCGS,DRUP,BIDD,LALT,ROMO,GQGU,EAOM,CPSM,AGRW,LOEV,BCGD,HEQQ,PBP,SHDG,TJUL,TBX,HWIV,QFLR,EFRA,IOPP,JTEK,RNEM,CHAU,SDMF,NITE,TOAO,NIHI,VAW,HAIL,FTWO,FXA,MDEV,AMEI,SSMG,QXQ,VUSG,HFND,IINC,ANEW,ZJUN,BOXX,FLAG,CPSU,TRUR,FMAT,SMCP,RSBT,NFRA,SARK,VCLN,AJAN,BENJ,MFSG,INKM,AVGC,MLPI,FCEF,IMOM,FPA,TOAK,MAPP,CSMD,MHY,JULZ,AOM,IYLD,IRTR,INCM,RAAY,LASC,FSZ,NSIV,DFAL,FOXY,AIHY,CMBO,FDN,FGM,FMAG,SEMG,SRET,KWIN,TBFC,QCLN,RAAR,SPIN,GGRW,USFE,PJFM,TGRT,MAGS,FMCE,FMF,ZSL,LOTI,FEMD,BCSM,FINY,AVES,TOCT,PEVC,BAGX,QTJL,MNSX,BCD,FDIV,EVX,FGSI,SPYH,YSAU,FRNW,PYZ,QQA,INDQ,SCHC,USDU,CLIX,EQQQ,SPUC,FCUS,DRVR,XVO,SSXU,MNVR,RMRC,NUIF,FEMG,EWH,XEML,AQEC,ARB,MANI,CPNJ,AFGR,MFEB,OCIO,DAX,EWG,WTIB,OEI,GGUS,GMMA,XBOX,TPAY,XLEX,HLTH,GGME,BKLG,EDEN,AESR,RCLY,WEBX,CAPE,TFFI,ALLW,JELM,WTIP,IWLG,MAUG,APOC,EAOK,JXI,JELH,HALX,GEQ,JMID,RISR,CGGR,MNA,LRGE,RCLR,SMIN,BGCG,GRW,QGRO,EUDV,IETC,MFUL,EDOG,CTWO,ICAP,GWX,FLAO,TMFS,POWA,ZTAX,STLR,PGRO,LADM,VEMY,CBOX,CNYA,QVOY,QOWZ,FTRI,SCLZ,SPYI,AOK,KEMQ,CBLS,TILL,ABLD,CPHY,FDCF,PEZ,RSPD,BFLX,CDPI,CAML,TDSB,IPAV,EART,ETEC,DGS,FDG,FMET,FFOG,CCEF,EAFG,PLIB,IVSX,RINF,CFIT,EMBX,BCHP,VONG,TILC,BRKL,POWR,USAF,BROL,CGV,ONLN,FTHB,AAAP,IWY,PKB,YLDW,RW,SWAN,DDV,CLOO,VSS,BRSM,TGRW,PGRI,IBUY,YCLO,IWF,MMTM,FTBI,HEMI,CGW,BCEM,SAMM,PSQA,NUDG,RMOP,CCFE,VBCA,WOOD,FDRV,SNTH,WSMD,GCSH,APRH,AGZD,PJUS,BMSI,SGVA,NEMD,CAOS,PCEF,GGOV,RUNN,OSEA,UUPP,RSPU,AVRY,FDFF,JANH,FDAT,VBCB,OMAH,SWP,DLUX,HYDR,FXG,EVYM,RVNU,HNDL,XLFI,TPUT,SEUS,KHPI,QQXT,FLGR,FAAA,BGFI,INCO,AAUB,FSTB,AGRH,PBSC,BLUI,PSQO,FLTR,IYRI,EMTY,GISC,FPXE,CUST,MMK,JANJ,TYLD,HEFT,EGGQ,ANEL,CGHM,BCDF,HYZD,HVAC,FUSI,OCTH,APRJ,EMNT,TRUD,NSCI,VBIL,VBCC,MINT,QTR,SPTU,DEFR,RMME,SGVT,USFR,IBHM,ODTE,JCHI,SCUB,CSHI,HTAX,CGOV,TFLO,ACLO,WDE,CLOA,TRSY,CBIL,AAAC,MDCR,BSR,NCLO,VGUS,WEEK,EMHY,ICLO,CSHP,PVI,FCLO,CLOI,RAAA,MID,OCTJ,GAEM,ACTS,JA,GUMI,FDIS,FLOT,TBLL,IQMM,TLDR,SGOV,FLDZ,IBMO,FTHI,CSEN,SDUR,TUSB,FREI,CLIP,VCR,VRIG,BIL,FLRN,CLOX,JAPN,ASCI,JHAC,HYHG,SBIL,BILS,GBIL,SHV,JMMF,DUSB,MYHC,PRIZ,FLUD,MYCF,IWMW,BSGR,XSPI,BAMU,TBIL,MMKT,NMBL,BSCQ,OPER,TBUX,RMHY,GMOC,SILJ,ARCM,MBSF,VUSI,TRUM,MFLX,XEMD,KCSH,BILZ,XBIL,IBTG,GMMF,XHLF,JPFP,GSY,IBDR,LRGG,FMHI,GSST,SCUS,INTM,MYMF,ARMS,GXPD,BSMR,RAVI,HYGH,SOFR,MMAR,RBIL,PWZ,PCLO,HULL,CIVG,BSTS,GOEX,PMMF,BSMQ,EVMT,NUSB,ICPI,LQID,IBMP,RECI,ZMUN,IROC,TSPY,TRPA,BLDX,AUSM,BOXA,CIEI,TPFG,HYEM,AAAD,JMST,PCPI,CGUI,PINC,FXB,PAAA,AMUN,HIMU,USLN,AWAY,FUMB,ASEC,JEPI,JULH,TAXS,RXI,NHYM,FEMB,BRSV,CHYG,MYCG,MMMA,MLN,CSPF,SLWS,VUSB,CLOC,CVSB,ICSH,TUSI,RMNY,ONEH,JPST,VBCD,BSMS,FINA,FIXP,BUXX,MYHD,VCHY,BKUI,BSGT,MJUN,IBMQ,TDAQ,FLDR,PULS,XTR,HYMB,MEAR,KQQQ,HOMZ,OBIL,AAA,SCEP,PUSH,SHYD,MYHB,JAAA,BSCR,EMDV,GBHI,CSSD,SIL,XMPT,FHIL,CALI,IBDS,VBCE,FFF,FLDB,EUIG,TMSF,SXQG,PZT,VCRM,MYMG,CBOO,EVSB,CGIB,CANQ,UYLD,IBTH,GLIN,TSIC,MYMI,FTSM,EMFI,JEPQ,BNAV,FUSD,XONE,PFRL,ULST,GMUB,FAAR,YEAR,GMNY,VBCF,RWX,SMMU,WTPI,GXPC,MOTI,GCAL,PRAB,LDUR,MYHA,IDEF,BSTU,GOVM,PIZ,ABI,JPRF,SUB,UJB,AVGB,LEND,NVC,JULJ,TAFL,SHYM,MYMH,ICLN,WSDB,LTAX,PBW,GTOS,SMB,CGSM,SJLD,FMUB,NUMG,VSDM,CLOB,MYMJ,ELD,BSTV,VNLA,FLMI,IBMU,EMLC,MSTQ,PCMM,SJCP,JABS,TAXX,JPLD,ILS,MUNA,BKMS,LMBS,USTB,IEDI,VPFF,IGHG,BCLO,DANA,GDE,KMID,VABS,SDP,VNAM,USDX,LODI,DSCO,VSDB,VGRO,EDGF,WUGI,PHO,FSMB,FLIA,TAXF,VSHY,TAFM,EVSM,RMCA,THYM,CCOR,BGIA,IGBH,CNRG,LQDH,PZA,QDVO,FECM,FTSD,TAFI,MYCH,EVIM,CPAG,WEEL,DCRE,PRSD,SDSI,MUST,AMGR,ISTM,MMIN,BSJY,FCAL,BSMT,SDIV,FLRT,JFLX,BUSM,SCSB,SPSB,MINO,SIOO,IBIC,PBJ,VTEL,TMNS,SIMS,SCMC,TPZ,ZTWO,CLOZ,STBF,IBMR,SEIX,KNRG,PWS,SHM,TUR,SECU,SHY,IBDT,BSCS,RCLO,DABS,DFCA,NYF,CRDT,CNBS,STAX,NBSD,DMX,TAXI,JHMU,VTEB,BBSB,STOT,EUHY,WMSB,VTIP,USSH,DFNM,FDHY,FPEI,FSYD,MUB,BSJS,TAXM,SCHO,INMU,SYFI,CMF,IBMV,FMNY,MUNY,VGSH,SPTS,TXXI,IZRL,SLDR,NUMI,VTEC,EVPF,HYD,JPIE,TCHP,SDCP,TAXT,VTES,NEAR,DUKZ,PLGI,IBTI,PMTL,EMB,TAXE,QFF,BD,SLQD,PFLD,BMOP,SDFI,QTPI,LMUB,BREM,SJB,NYM,RTAI,MHIG,EMBD,MYHE,MUNI,IBHH,RSBA,CGMU,MMSD,ISHG,GHTA,PREF,NMB,MNBD,XTWO,SCIO,UTWO,HMOP,MFSM,VBCG,BSJR,NXUS,LCTO,IDU,SIHY,JEMB,FMB,BHYB,IBHJ,OVM,AVMU,FLMB,IGGY,BSMW,ARMY,JMUB,PMIO,SCMB,HBDC,IBMS,JSCP,VICE,TMNL,LDRC,ARKX,JPHY,HTAB,CGHY,XLU,NQLT,PSDM,MYCI,CAM,KHYB,FIW,FMUN,MUNB,TFLR,BSSX,NFLT,YLD,HYSD,VRP,ZTRE,BSJU,DRSK,TISC,CMBS,LVLN,PCS,MUND,JUCY,DYLD,WDEF,SBND,VCSH,VBCH,EVSD,RPAR,CGSD,LDRT,IGSB,NUSA,IPB,VTEI,JGRO,MUNX,RIZE,HYDW,TFI,SHAG,IBDU,BBBS,CBOY,BIGY,XBB,BRIB,JBBB,LSCP,BSCT,VMSB,QBER,BSMU,ISTB,SLNZ,SCHJ,LDSF,SUSB,VBCI,MYMK,NJNK,CAAA,FLHY,AVSF,RJVI,RNTY,QSIG,QHY,CARY,FLTB,MULT,BUCK,BSV,VGMS,JMSI,IBID,MMIT,PBD,BNDS,BRHY,CATF,RSIT,VGHY,AGZ,PQDI,HYBB,IBCB,WIP,NPFI,IBMT,QQQH,KDRN,IBHG,JMHI,BGUS,FXE,WTMY,SIFI,EMCB,IBHI,APMU,SCNM,GTOH,BSMV,IGV,UPGR,SLVR,AMHI,FTSL,BFIX,IIGD,BSJT,MUNC,IBTJ,BAMY,FALN,HYG,IBHK,TROT,XLBX,LSTB,JPMB,KWH,HYBL,USFI,EBND,FUTY,DFSD,BSMY,JHLN,UTRE,BLST,FHYS,CEMB,MINN,BINC,GEMD,GVI,PSH,TIPA,XLY,CMAG,XB,FCSH,VPU,GTOQ,HYLB,BWZ,LDEM,ANGL,HECA,HYFI,MSOL,XDAT,KAMO,FIMU,JNK,UPAR,NUHY,VBCJ,LDRH,AGGA,IAGG,ZHOG,TPFI,JPIB,JCAL,FSIG,XLRI,MUSE,XTRE,IWP,PGHY,BSCA,SHRD,JHHY,TMB,ZTOP,IBHL,BRLN,SRLN,ITM,BSJX,MBND,MMCA,FCBD,XAGG,BESO,FLXR,KCAI,BSJQ,DEED,HYXF,EMHC,BKLN,AHYB,NBFC,THYF,GHYB,IYC,SCYB,GALX,FSEC,SPIB,IBD,FFTY,IBMW,EEE,TABD,USHY,WTMU,LVIG,FBX,MNRS,UCON,GTND,HOLD,BSCU,VWOB,MYCJ,BSJW,RJMI,JMTG,BBHY,HYGV,IBDV,IHY,SPHY,VMBS,SHYG,AINP,PIO,IFGL,VTP,HRSK,EVMO,PYLD,IBTK,IFLN,MTGP,OVT,JTNY,MBSD,MYCK,MCH,MAMB,WCPB,CORN,MISL,EVHY,TAN,HYGM,MSTI,MSMR,PRFD,BTOT,CAFX,EVLN,SKOR,IBTR,PIFI,GABF,CCSB,HFSI,XRMI,HELS,JHPI,NHYB,UDN,BSMZ,FOPC,CPII,GIND,PFIG,BBIB,ZCBA,OWN,GHYG,IBIE,BEMB,IEI,CCSO,DFGX,RNRG,SPMB,BKHY,PJIO,GRNB,SJNK,BYLD,HYUP,BGRN,HYTR,JLCO,TEMD,JHCR,STIP,SHYL,PBTP,BNDX,HYS,IBIM,CRUX,FLBL,TRUU,GBND,GNMA,BKMI,TSEC,SSS,JSI,OWNS,MBB,LDRI,HYDB,MYCL,IVVW,TCHI,XDQQ,LOGO,IBDW,JHCP,VBND,IUSB,VBX,BSCV,BCPL,YYYM,LONZ,EUSB,DYFI,QQQI,IBTL,VPLS,BNDW,VGIT,JHMB,AGGS,MUSI,SPTI,JBND,IQHI,SCHR,GTOC,VTG,SSFI,SGDM,AQWA,PTBD,IFV,DWWN,CLUB,MBBA,FPE,GOVT,SPSK,ZCBB,HBRD,SBAR,SPAB,HYBI,BND,BSJV,HYLS,EAGG,AGG,VCOB,DFCF,PCEB,UITB,BNDI,JCPB,JCPI,SGDJ,ORCZ,FMKT,PCY,CRXP,IBDX,BNDD,THMR,MLDR,BHDG,XFIV,DIAL,BNDP,IBHF,IBTM,MFSB,PMBS,SMBS,HISF,FIAX,BCIL,PUI,FPAS,IMTB,STPZ,RIGS,BAMB,FXC,GTO,RDFI,UBND,CGMS,FTRB,NCPB,PRIV,TAGG,BRTR,GIGL,FTBD,IBIF,APCB,XLKI,LGDS,UFIV,GCOR,VGVT,FLXN,SCHZ,BKAG,XLSI,GBF,XME,IBMX,BSCW,CGGG,MYCM,FLCB,BDBT,TSYX,NUAG,EBIZ,BBBI,AVIG,PHYL,NUBD,XFLX,OACP,VCRB,AOTS,SPTB,SMTH,XCLR,BAB,BBAG,GPRF,JIII,EWX,HYBX,SCCR,DYNB,DUKH,CGCB,TDTT,QVOL,SYSB,FISR,DFGP,ZCBC,FIGB,HCRB,IGIB,BIV,CTAP,FLGV,TCPB,NFTY,NISM,OBOR,FBND,BOND,MAGG,RFCI,DVUT,VCIT,UNIY,IBDY,DMBS,FDIG,PAB,UCRD,FIXT,ELOL,RNMN,FIXD,LQDB,MYCN,EVTR,SMOG,SETM,USIG,CORB,TIPB,TBLU,BBB,IBDZ,QBUL,MILK,FPFD,AGGY,DGCB,IBTO,OBND,BNDC,SCHI,CORP,NBTR,HAUZ,HFMF,CTEX,ZCBE,BKFI,IBTQ,SLVY,BSCX,DBND,IGOV,PCI,ABXB,RING,FTCB,SCHP,SIO,HTRB,CPLB,GIGB,BSCY,IBIH,PTRB,MGOV,PFFR,OVB,SIVR,AFIX,XHB,USVN,IBTP,TRBF,SUSC,CCRP,VNQI,TIPX,ZCBF,IBCA,SCEC,XSVN,PFFV,CBOL,IEF,EMIF,EMEM,TPLS,IGEB,CPLS,KORP,AADR,MSSE,FLXI,THRV,EEMS,QIG,SLV,RTRE,FLCO,FCOR,MIG,FXF,LSGR,CGCP,BCFN,IMTG,JMBS,VOOX,XLYX,FIIG,MTBA,XPAY,HYGW,ZCBG,SPBO,USIN,PICB,VCEB,IBIG,VETZ,VTC,DFSB,THY,TOTR,BBCB,MILN,IBND,BSCZ,TDAX,QQQT,LQDI,ZTEN,WTBN,PFXF,QLTA,QNDX,MBBB,FEIG,IPAY,INVG,BITA,TIP,XLBI,IGCB,METV,IBII,ION,SPAQ,EYEG,APLU,TDTF,WABF,IG,MAGX,BTCK,SASS,TKNZ,FLIN,FEMS,PFF,TSEL,GDX,BITQ,INDA,MBCE,FFIU,DGIN,MYCO,UTEN,TCAL,PLTZ,NVIT,TOTL,ADDS,HUMN,BNDY,BUZZ,JHCB,WDGF,JLQD,IBGC,SECR,NDIA,HARD,LQD,HYTI,ABLG,TRUC,AGGH,TMFM,IBIJ,IBIL,QQQU,FDND,EPI,PSLV,IBIK,CNQQ,BWQG,AUMI,GMEC,EZA,SPYT,STXT,FXY,LGOV,GTIP,PFFD,ADBU,DFIP,BPAY,CDIG,ARKQ,SPIP,CQQQ,XIWC,PCHI,XC,FFLS,GOVI,MOTG,MSFL,GXIG,XTEN,GDXJ,FITZ,NODE,BWX,FIYY,NVOH,XOVR,IBGM,TIPZ,DRKY,GOU,AMEM,SMZ,USX,FXED,FORH,UPW,SFYI,AVGU,PFFA,UN,ERTH,XLUI,CEF,DALI,XQQI,LQDM,IND,QUSA,BLTD,RISE,QRMI,BLOK,ONDC,TIPC,TMGN,HIGH,IWFG,MUSQ,OGIG,FGDL,FDRS,SNTQ,VOX,KWT,BRF,AKRE,IAUM,XXX,TDCL,PNQI,UAE,GLDM,DADS,CBOJ,SGOL,AAAU,COAL,FCOM,EZMO,LQ,IVEP,IAU,TLH,OUNZ,BGGG,RTOO,FESC,GLD,XV,IQQ,LIAE,KPRO,ILTB,BBBL,AVEE,TFJL,IBGA,QCMD,LIAM,PHYS,HFGM,IGLB,CBXO,XW,IBGB,LFAW,YALL,GENZ,BLV,INDH,VNIE,LQDW,HEAL,ITB,CBOA,FXI,SPTL,LLDR,VCLT,XCCC,QTAC,SPLB,CIFU,PCFI,UTWY,BOTZ,BBLB,VGLT,SPCK,CXSE,AVGG,CCOM,LKOR,SCHQ,BKF,UST,REM,TUA,TLTI,LFDR,LFBE,PSK,LQTI,DRMY,IXP,KCOP,MUIB,LIAU,PCL,XLC,IBGK,IBGL,REK,GLTR,WEBL,KSA,UTES,EPRF,HYP,PUL,TLT,UTHY,KURE,LFAI,KARS,SVOL,VNM,LIBD,METL,IRVH,CBXY,LCO,PRVT,LFAO,ESBG,TOGA,PTNT,AAOZ,LDDR,GOAU,BFJL,SRVR,TIPD,PCLG,ISHP,CHNL,VALG,AVGX,TLTW,CDX,DBP,MSFU,CARX,NVDL,CIR,XLYI,CTEC,GXC,SHLD,PAWZ,IHI,GLCR,MSFX,EMSC,FSPC,ESPO,RSPC,BETZ,RFIX,TPRY,XTWY,FLSA,TMH,SH,STCE,FLCH,MCHI,PCSG,SEF,PFOE,PEX,QCLR,ACGO,IVOL,BZZ,BCHI,UFOD,NSIG,UCC,XLCI,DOG,WX,INDY,ARKW,TMYY,LTTI,NVDB,CTA,LTPZ,RDTY,IBLC,PLTM,TKNQ,ORO,CABZ,NVDD,VBNB,XCOM,NFX,GPTY,WDTE,XXV,BFOC,DUST,GASZ,GPZ,BNGE,RANK,PSQ,RCTR,PSP,PCLC,NUKZ,TLTP,MYY,IDRV,EGGS,NVDU,QQQY,UTSL,BOTT,BUYZ,EDV,RSSX,XIGV,HDGE,ARKK,TYD,ACES,ODDS,VRTL,DAPP,YCL,QAT,KBUF,AIX,EFZ,XPAV,CBOT,IWMY,UX,LBO,GOVZ,CBTO,NERD,FCA,BGEG,EZRO,GDMN,ACKY,DVXY,ZROZ,BCKT,ACHX,SMN,KYLD,CBXL,GIAX,LUMA,NVDX,INDL,LIMI,SZK,NVDG,EMQQ,IVRS,HERO,IAUI,MAGC,MGKX,FINX,AVL,PGJ,SAPH,AIPI,TLTX,FEPI,BITC,CHIQ,CBTY,BFJA,JEDI,BEX,JOUL,EUM,KPHO,EUV,TNUK,SRS,EMXX,XOVL,SOCL,FBDC,TECY,OND,MARS,KGLD,ETHB,BKCH,RONB,JDST,PBDC,WISE,CEPI,WEBS,SBB,FDNI,STBQ,SMRF,RKNG,MJ,RACK,SMCC,XPP,WSPC,QLDY,IMVP,QQDN,RIVC,PALL,WEPN,GXDW,KGRN,KWEB,EGGY,NYYY,CXRN,FDRX,LTL,SDS,CGRO,LRNX,UGL,USG,WANT,ARKF,REMX,GGLS,SKF,IGLD,CBTL,CBXJ,QTUP,WDAF,WDRN,DXD,DVXC,BIOY,CQTM,CAS,XVUG,LIFT,AXTC,GRNI,BZQ,CBXA,HBMX,UBOT,ECNS,AUAU,PCR,DIPR,TKNS,TMF,MWHS,SIJ,NVDS,CRWC,NVOX,GDT,EPV,STLU,NUGT,WDCC,QID,NASA,DRV,TCAN,NVII,UNX,APMI,DUOG,XBNB,DRNZ,RAMZ,NBIC,AIBD,RGTC,DVDN,GOLY,NGHT,XEY,WMTI,BOEU,AETH,BTRN,SPXS,BPRO,IREC,BLCK,JNUG,SPXU,RXD,AMDC,URAN,NVPS,CBTA,LRCC,YINN,KRYP,SATO,XLKX,MUYY,FAZ,UGLD,CBTJ,SPCL,OUSL,XTAI,URNM,EWV,TWM,YGLD,KSLV,GLDB,ORBX,SDOW,MSBT,BITS,BCOR,NLR,EVMU,FIGG,SPCI,FOTO,WATS,URA,DRMP,HBTC,LITC,WARP,TEST,LAZR,XSPC,QUA,TSEU,SUIS,URNJ,MINY,SOFC,MEMY,NUKX,CRD,TWSC,SMHC,IBX,CHNU,SKHN,TTOP,WDIG,OBTC,REXC,UUUC,DUG,JOBC,KMEM,DEFI,HYPG,RVNL,CRY,KMCA,CRUC,SQQQ,ISSB,COHX,CWEB,LFGY,QBF,HODL,IBIT,BTC,EZBC,BITB,ARKB,NAIL,FBTC,BRRR,BTCO,BTCW,RIOX,GBTC,AGQ,KEYX,GDLC,ROBN,BITW,GAVA,TARK,BAVA,VIXY,HOOG,EZPZ,LITZ,OWNB,UPSC,NCIQ,KBDU,CRWX,TYYY,HOOX,UPAL,BPI,CWY,MRVX,XSEM,CIFC,BTCU,SCO,GEVC,BABX,SMRX,CLSX,TZA,MPWX,ASMZ,ETH,DRIP,XBCI,SRTY,KDEF,MHX,XAGI,FETH,ETHV,QETH,ETHE,DISK,INT,APPC,BTDL,WULX,BETH,BTCI,TESC,EDZ,NEHI,BETE,BITY,GXRP,VSTL,EETH,ASTT,FBL,QCMU,METU,UPLT,BTGD,BULG,DKNX,HIBS,BTF,TSYY,STSM,UVXY,MRAL,BOIL,TECS,PLTU,MSST,SK,SKUU,HYNX,APPX,URAA,NFLU,TACK,NFXL,COYY,AMDD,HIMZ,XDEF,MTYY,RKLX,UVIX,ORCX,APLZ,SLON,SOLT,ETHU,IONX,NVTX,PONX,IREZ,XRPT,XXRP,TXXS,SNDQ,NBIZ,EYES,SOXS"
109,Grocery Stores,Consumer Defensive,43,55,46,72,"VLGEA,IMKTA,WMK,NGVC,SFM,YSWY,KR"
110,Beverages - Wineries & Distilleries,Consumer Defensive,43,70,32,40,"AGCC,DEO,MGPI"
111,Specialty Retail,Consumer Cyclical,42,55,44,37,"CASY,HZO,MUSA,BBY,BOBS,WSM,FIVE,BWMX,RH,ULTA,GME,BBWI,EYE,DKS,ASO,WINA,BBW,TSCO"
112,Asset Management,Financial Services,41,49,43,41,"MAAS,AAMI,STT,AMG,VCTR,KF,PS,WT,BEN,TWN,PFG,NTRS,STK,BSTZ,IVZ,CNS,SEIC,HQH,HQL,DBRG,EMF,CEE,WHG,FGNXP,NFJ,FHI,BME,HASI,BTO,PEO,BST,EVT,CAF,RGT,AMP,BGR,ADX,TRIN,NXG,CCD,RJF,GAIN,NCZ,MXF,TROW,GGZ,EMO,UTF,ASGI,ETO,RMI,NCV,BMEZ,RVT,ETG,SRV,GDV,BCAT,TBLD,GAM,STEW,CSQ,EQH,AIO,ACV,SPXX,RLTY,CET,FFA,TY,QQQX,MEGI,SII,JCE,SATA,HTD,THQ,BCV,ECCC,CII,CRBG,LGI,CSWC,EOT,NIE,RVI,SOR,ETB,OXLCO,OXLCN,OCCIN,SCD,BUI,EICA,EIIA,CCID,SPME,GLU,BANX,FDUS,BPYPM,BMN,SPMA,PDPA,OCCIM,BLK,PFX,BTT,TIPT,SDHY,DFP,FFC,GUG,VRTS,PDX,HPF,HPI,BBN,ASA,LDP,ETX,EOI,RNP,UTG,FLC,IGI,PSF,NBB,APAM,APO,PTA,IIF,FPF,NTRSO,TYG,HTGC,NPFD,JLS,BN,ARCC,BAM,EOS,MAIN,ARES,AB,PSUS,BX,GLAD,PDI,MPV,KKR,BXSL,XFLT,MCI,TPG,CG,HERZ,SAR,TSLX,HLNE,DXYZ,STEP,BOT,VCX"
113,Internet Retail,Consumer Cyclical,41,75,60,38,"LQDT,ETSY,EBAY,GLBE,AMZN,W,CART,JD,RVLV,VIPS,DASH,SE,MELI,BABA,PDD,CHWY,CPNG"
114,Capital Markets,Financial Services,41,46,43,37,"HUT,MRX,WULF,SNEX,VIRT,OPY,MS,GOLD,IBKR,GS,RIOT,MIAX,IOND,SCHW,SF,IREN,JEF,PJT,LPLA,EVR,MC,MKTX,ETOR,HOOD,XP,LCLN,PIPR,TW,LAZ,PWP,HLI,GLXY,GSIW,FUTU,FIGR,BMNR,CRCL"
115,Utilities - Regulated Electric,Utilities,40,39,29,47,"EIX,D,PCG,CEPU,NWE,FTS,EVRG,EMA,ETR,PNW,FE,IDA,AEP,POR,ED,CNP,AEE,OGE,LNT,ES,NEE,EXC,SO,DUK,DTE,TXNM,XEL,NGG,EDN,MGEE,SOMN,CMS,WEC,PPL,PPLC,PEG"
116,Electronic Gaming & Multimedia,Communication Services,39,37,55,28,"EA,TTWO,NTES,GRVY,RBLX"
117,Beverages - Brewers,Consumer Defensive,39,63,38,40,"BUD,FMX,TAP,STZ,SAM"
118,REIT - Residential,Real Estate,38,32,47,41,"JAN,ESS,ELS,CPT,EQR,INVH,UDR,AMH,IRT,AVB,SUI,MAA,UMH,MRP,CSR,NXRT"
119,Telecom Services,Communication Services,38,54,25,33,"ATEX,IRDM,GSAT,TIGO,LILAP,IDT,ECHO,VOD,SKM,ATNI,AMX,VZ,VEON,CHT,PHI,LBRDP,RCI,BCE,T,KT,CMCSA,TMUS,TIMB,TDS,LBRDA,LBRDK,CHTR,GLIBA,AD,GLIBK,CABO"
120,Software - Application,Technology,38,70,67,42,"RTB,FSLY,DDOG,RNG,OOMA,FROG,SNOW,RDVT,DAVE,NAVN,PTRN,MITK,YOU,PDFS,KARO,ADEA,PLTS,NATL,GRND,DJCO,AGYS,PLUS,MANH,ALRM,DBD,INTA,ZM,PAYX,ADP,TTAN,DT,PAYC,PCTY,BILL,ESTC,BRZE,CVLT,CDNS,LYFT,QTWO,U,IDCC,SSNC,CHYM,TEAM,WDAY,DOCU,ROP,LIF,OTEX,NOW,DCBO,SPSC,ALKT,UPBD,WK,DSGX,STRC,STRF,GWRE,BSY,APPF,DFIN,ADSK,SAP,PCOR,BLKB,CRM,SHOP,FICO,BSP,FIG,VIA,NCNO,UBER,ADBE,DUOL,PTC,QNT,NICE,OCTV,MNDY,HUBS,PAR,IBTA,KVYO,BL,TYL,STRD,STRK,PEGA,INTU,ALIT,MSTR"
121,Financial conglomerates,Finance,37,62,40,38,"OXLCL,OXLCZ,BMNP,OXLCM,OXLCG"
122,Information Technology Services,Technology,37,69,49,30,"MGRT,CHRN,PENG,SAIH,CIFR,SHAZ,WYFI,INOD,SAIC,APLD,INGM,IBEX,CDW,CSQR,JKHY,GIB,CACI,EXLS,G,EFOR,CTSH,IBM,GDS,BR,FIS,FORTY,IT,ACN,CNXC,EPAM,LDOS,PSN,GLOB"
123,Real Estate - Development,Real Estate,36,23,36,44,"CCS,VTMX,FOR,AXR,HHH,OZ"
124,Gold,Basic Materials,35,30,8,4,"HYMC,CGAU,AUGO,SSRM,B,SA,AU,EGO,FNV,PAAS,NEM,OGC,RGLD,WPM,HMY,KGC,IDR,DRD,AEM,AAUC,OR,GFI,AGI,CMCL,CTGO"
125,Tobacco,Consumer Defensive,35,38,33,41,"PM,BTI,MO,UVV,TPB,RYM"
126,Utilities - Regulated Gas,Utilities,35,55,25,36,"NJR,CPK,SWX,BKH,CTRI,BIPC,NWN,UGI,ATO,RGCO,MDU,NI,SPH,OGS,SR"
127,REIT - Mortgage,Real Estate,35,57,38,35,"NREF,ADAMN,ADAML,NLY,ADAMZ,AGNCM,AGNCN,AGNCO,AGNCP,AGNCL,ADAMM,AGNCZ,ARR,ACR,STWD"
128,Consulting Services,Industrials,34,88,53,18,"EFTY,HURN,CRAI,ICFI,FCN,VRSK,EFX,BAH"
129,Internet software/Services,Technology services,34,36,0,0,"GOOGN,GOOGM"
130,Real Estate Services,Real Estate,33,45,57,28,"SEG,RMR,JLL,MLP,MMI,BPYPP,ARL,BPYPO,TCI,IRS,MAYS,FRPH,CBRE,BEKE,FSV,NEN,EUDA,CIGI,CSGP"
131,Coking Coal,Basic Materials,33,36,6,5,"HCC,AMR"
132,Finance/Rental/Leasing,Finance,33,59,42,39,"GJT,BANFP,DDT,NEWTG,GJR,GJS,PYT,ATLCZ,KTH,BPOPM,GJP,GJO,KTN"
133,Farm Products,Consumer Defensive,31,58,30,29,"ADM,CALM,BG,ALCO,CHSCN,CHSCL,CHSCM,TSN,CHSCO,CHSCP,DMC"
134,Confectioners,Consumer Defensive,31,46,25,48,"MDLZ,TR,HSY"
135,n/a,n/a,31,66,43,32,"NSLRL,TRNZ,BNJ,TRNI,MGRD"
136,Recreational Vehicles,Consumer Cyclical,30,52,39,26,"MCFT,BC,PII,DOO,HOG,MBUU,LCII,WGO,THO,PATK"
137,Real estate development,Finance,30,82,50,36,"BEPI,BEPH"
138,Investment trusts,Miscellaneous,30,48,32,34,"GAINI,ECCU,SAY,GECCG,NMFCZ"
139,General government,Government,30,56,32,26,"TVC,TVE"
140,Regional banks,Finance,30,25,28,0,FCNCN
141,Real estate investment trusts,Finance,28,46,32,30,"GOODO,PMTU,ADAMH,AOMN,RWTN,MITN,CIMN,MFAO,TWOD"
142,Real Estate - Diversified,Real Estate,28,32,10,8,"JOE,STRS"
143,Building Products & Equipment,Industrials,27,18,35,34,"JCI,OC,SPXC,APOG,MAS,FBIN,GFF,TT,CSL,WMS,NX,CARR,AAON,AWI,TREX,LPX,MAIR,ROCK,PPIH,LII,LMB,BLDR"
144,Financial Data & Stock Exchanges,Financial Services,27,68,49,27,"MKTW,CBOE,NDAQ,TRU,FDS,MCO,MSCI,MORN,CME,VALU,ICE,SPGI,COIN"
145,Gambling,Consumer Cyclical,26,18,22,28,"RSI,CHDN,DKNG,FLUT"
146,Airports & Air Services,Industrials,26,25,30,8,"CAAP,OMAB,PAC,ASR"
147,Home Improvement Retail,Consumer Cyclical,26,20,56,12,"HVT,FND,HD,LOW"
148,Other Precious Metals & Mining,Basic Materials,25,26,8,3,"BVN,TFPM,MUX,ELE,PPTA"
149,Utilities - Renewable,Utilities,24,21,11,34,"ENLT,BEP,ORA,CWEN,BEPC,ELLO,MWH,FRVO"
150,Building Materials,Basic Materials,23,20,29,20,"RMIX,JHX,TTAM,USLM,KNF,EXP,AMRZ,VMC,MLM,TGLS,CRH,SMID"
151,Thermal Coal,Energy,23,50,14,21,"NC,ARLP,CNR,NRP,BTU"
152,Lumber & Wood Production,Basic Materials,22,33,30,24,"SSD,WFG,BCC,UFPI"
153,Homebuilding,Consumer durables,19,33,16,20,HOVNP
154,Mortgage Finance,Financial Services,18,23,24,18,"IOR,VEL,ONIT,WD,BETR,PFSI"
155,Electric utilities,Utilities,16,49,23,19,ELC
156,Utilities - Independent Power Producers,Utilities,11,29,7,11,"KEN,TLN,VST,NRG,CEG,OKLO"
157,Uranium,Energy,4,46,4,2,"CCJ,LEU"
158,Miscellaneous commercial services,Commercial services,2,85,7,9,FISV
