Rank,Sector,RS,1 M_RS,3M_RS,6M_RS,Ticker
1,Health technology,97,92,98,96,SI
2,Healthcare,69,54,67,58,"ERAS,FBRX,AGL,SYRE,ALMS,LQDA,ANRO,ORKA,MBX,DMRA,DFTX,RLYB,NVCT,TXG,ETON,SLGL,RLAY,RVMD,DNTH,MCTA,PACS,FTH,NBTX,TNGX,BIOA,BDSX,ARWR,APGE,CRNX,TRAX,MANE,KOD,TVTX,BTSG,CDNA,GH,KNSA,BTSGU,FTRE,TWST,PLSE,PRAX,ELVN,PVLA,URGN,FBIOP,QURE,EWTX,MNPR,CUE,OSCR,COGT,GLUE,DVA,LBRX,IMVT,AXGN,CORT,AMRX,ROIV,NHC,VCYT,GHRS,NEO,CGEM,AMN,PTGX,TRVI,XNCR,KRYS,ELMD,ANAB,DYN,ESTA,HNGE,ZBIO,KYMR,AVTX,CNC,NRIX,ILMN,SEPN,JAZZ,RAPP,GKOS,TGTX,ADPT,HUM,TYRA,ALKS,STRO,NKTR,AXSM,BRKR,TCMD,PGNY,BRKRP,LGND,CGON,BCAX,AMLX,PNTG,RCUS,INDV,VTRS,XENE,BLLN,CON,CYTK,LIVN,MD,TEVA,CVS,MRNA,THC,APLM,JBIO,GPCR,INCY,LNTH,RPRX,MIRM,GRDN,BLTE,ANIK,HAE,INBX,LLY,SMTI,RIGL,IART,NGNE,BBIO,CLDX,BLFS,NBIX,NTRA,DNLI,ARQT,SION,SNDA,MRK,COAG,PHVS,ICUI,IQV,JNJ,BIIB,HALO,HCSG,ELAN,IMNM,ASTH,UNH,VTVT,PDEX,EXEL,TECX,ABBV,CRL,ACHC,DGX,MDGL,ICLR,AVBP,PARK,HSTM,SIBN,VCEL,ABVX,ATRC,SOLV,SRRK,CHE,CAH,WST,SNDX,IDYA,ASND,MEDP,NVCR,NVST,TECH,BMY,IRMD,AMGN,NUTX,ENOV,RVTY,HQY,STOK,BAX,UTHR,NRC,UFPT,HSIC,AUPH,PTCT,ARGX,BBNX,KIDS,MMED,PCRX,ITGR,NVS,WAT,AGIO,SLP,LH,RYTM,TAK,OMDA,BIO,DRUG,ACAD,SHC,UTMD,MOH,GSK,ELV,BDX,MLTX,A,ADUS,TMO,WRBY,TBPH,BMRN,VRDN,MCK,CELC,SRZN,PEN,PCVX,ODTX,GMED,LMAT,VRTX,TFX,AKTS,DXCM,HRMY,MLYS,ZBH,OMCL,EHC,ZYME,GRAL,MMSI,ONC,EW,INVA,ALGN,RGEN,STVN,IMCR,MAZE,GILD,TNDM,REGN,MTD,KMTS,COO,CNMD,FLGT,COLL,ANIP,ENSG,FMS,STAA,ALMR,BLCO,IRON,CI,ATR,VOR,INMD,PRVA,GMAB,SUPN,ALHC,VERA,VKTX,USPH,CBLL,CSTL,NVO,STE,PTHS,TARS,PBLS,YARW,AZN,COR,ABT,SNN,VEEV,SYK,LFMDP,SPTX,HROW,ASMB,RDNT,PFE,QGEN,MDT,DHR,PRPO,GEHC,SDGR,SGRY,HCA,UHS,NAMS,AVLN,AZTA,PHG,BEAM,IDXX,RARE,SNY,MDLN,QDEL,KARD,LKFT,PAHC,AMPH,RMD,ALC,SGP,IRTC,BNTX,SCTX,IONS,ALNY,CRSP,WAY,PBH,OPCH,SRPT,HTFL,ZLAB,WGS,INSM,CTEV,AORT,LEGN,PODD,HIMS,ISRG,INSP,TMDX,MPLT,TEM,CAI,KLRA,AAPG,ZTS,DOCS,PRCT,BSX,SPRB,QNCX"
3,Energy,66,67,38,69,"DK,PARR,NGL,PBF,NESR,DINO,INSW,VLO,OII,PBT,MPC,WKC,FRO,EC,CVE,LPG,EFXT,TEN,PSX,BWLP,WTTR,YPF,CMBT,FTI,EQNR,FTK,FET,SUNC,NBR,TRGP,APA,OVV,SU,DHT,SOBO,WBI,PR,SUN,SM,PAGP,TNK,PAA,E,STNG,KGS,EE,CNQ,IMO,PBA,LB,WDS,VIST,DKL,TRP,TRMD,EOG,PBR,TS,CHRD,XOM,NVGS,AROC,TTE,FANG,HP,MUR,KNTK,WES,CVI,DTM,FLNG,OXY,TDW,EPD,TBN,COP,ENB,CVX,APC,SMC,NOV,BP,AM,DVN,SHEL,OKE,ET,REPX,INVX,NE,NGS,LNG,KMI,VAL,HESM,SLB,WMB,MPLX,TPL,GLNG,CQP,SDRL,BKR,TGS,WHD,VTOL,VNOM,RRC,NC,GLP,ARLP,SBR,CAPL,IMPPP,USAC,PNRG,PDS,DMLP,AR,WHK,RNGR,HAL,WFRD,CNX,MTDR,MGY,EROK,FLOC,EQT,NCSM,NFG,HMH,BKV,EXE,CRC,CNR,NRP,GPOR,BTU,SEI,LBRT,CCJ,NOG,VTS,LEU"
4,Financial Services,61,62,62,59,"MAAS,HUT,SEZL,ENVA,ECPG,ATLC,CARE,RACC,MSBI,MRX,BOTJ,UFCS,AAMI,BFH,CIB,BWFG,CMTV,GCBC,FNRN,FSEA,PGC,AMTB,UVE,AMAL,IX,SAFT,HFBL,VIRT,EZPW,MBIN,SHBI,CHMG,VCTR,SNEX,TRV,CBNA,ALRS,RBCAA,PLGO,AMG,FNWD,SMBK,PS,ALL,HG,HBT,NP,TRST,STT,OBK,PFIS,MUFG,CFBK,SRCE,SMFG,SKWD,THG,FMAO,FCAP,VBNK,CBC,RRBI,FISI,BPOP,IFS,ACNB,UVSP,BAP,TMP,WASH,PBFS,PLBC,PKBK,HSBC,RY,PEBO,CTBI,BMO,CCNE,BBAR,CAC,DGICB,STBA,WULF,BNY,FNLC,THFF,FBP,OSBC,FVCB,WSFS,OPY,TFSL,TD,ATLO,EGBN,CBK,VOYA,AVBC,OBT,WRLD,FSBC,GSBC,AIZ,BY,FRAF,CNO,MCY,SMBC,KF,FMBH,PRK,CM,GL,CIVB,DCOM,WTBA,NBTB,ESQ,PFG,AROW,ASIC,CPF,BBVA,SLF,KINS,SLDE,CZFS,BSRR,WSBF,LCNB,PDLB,UBS,FBIZ,WSBC,FCBC,MYFW,BNS,PEBK,MET,FRST,CATY,UMBF,AGM,FXNC,SPNT,BEN,FCF,MFC,BOW,MPB,BUSE,SBFG,OFG,FFBC,GABC,EBMT,NTB,CZWI,TWN,EBC,FCCO,RBB,NIC,BMA,ING,PCB,FDSB,CFG,CFR,SYBT,QCRH,CBNK,TCBK,ACT,FULT,WT,TSBK,MBWM,BPRN,MTB,NTRS,FCFS,NWFL,RNR,HWC,BFST,ITIC,UBSI,SFST,KB,AVBH,PRU,FUNC,PMTS,CNOB,CBAN,HWBK,CB,ORRF,LARK,NKSH,BCAL,CCBG,FITB,BHB,FBLA,HBCP,USB,PRI,MCBS,BLX,NWBI,INBK,TWFG,FRBA,CPBI,PNC,HTB,HBNC,FDBC,LSBK,MRBK,IBKR,MKTW,SIGI,FAF,USCB,RGA,SHG,BAC,CNA,MS,WBS,CEE,HMN,MVBF,ECBK,NODK,ZION,GLRE,TFIN,HQL,SEIC,AFL,IOR,HFWA,BOKF,AUB,CNS,WABC,HNVR,COSO,HQH,NBBK,NECB,CZNC,CHCO,ONB,CFFI,EQBK,SFNC,BCS,FGNXP,HRTG,BHRB,GOLD,LOB,EG,BWB,SRBK,RNST,TCBX,FUSB,GSHD,L,PLMR,CLST,GS,DBRG,STK,CVBF,PFS,IBCP,BCH,BSTZ,RDN,EWBC,EFSC,TROW,ISTR,SFBS,HCI,ASB,INDB,LIFE,CBOE,FBNC,CINF,FHI,RF,EIG,IVZ,RLI,JMSB,JXN,ORI,IGIC,BVFL,C,UNTY,CBSH,FMNB,BSAC,ACGL,BME,COFS,MCHB,WAFD,NRIM,NMIH,RM,CAF,PFBC,MIAX,JPM,FNB,BHF,HOMB,ABCB,WTFC,MCB,HTH,TRMK,HAFC,BSVN,PBHC,AON,BOH,BMRC,V,NWG,FIBK,CACC,VABK,COLB,HASI,WHG,CWBC,FOA,BTO,HIG,TRIN,PEO,MTG,AFBI,FCNCA,MGYR,OPBK,PNFP,EFSI,AFG,ESNT,FHN,AMP,HAPN,HYNE,FRME,SPFI,KEY,WRB,BFC,FBK,OVLY,EVT,GGAL,UCB,SCHW,EMF,PROV,BWIN,GAIN,NBN,TOWN,AJG,FGBIP,BGR,IBOC,LNC,SSB,MRSH,PB,FRBT,TFC,SBCF,AX,AXS,IOND,CBU,BANR,WF,CBFV,UNM,CUBI,FSBW,UBCP,OZK,RJF,CASH,MXF,EMO,MNSB,FFIN,UTF,RIOT,FHB,BKU,BCML,BST,BMEZ,RMBI,OCFC,DGICA,BBT,GGZ,RLTY,ADX,ASGI,OMF,CRBG,EQH,AIG,MA,TCBS,WTM,CCD,RYAN,GDV,NBHC,NCV,TCBI,DB,TRU,NXG,RVT,SRV,BANC,ETG,SF,RMI,MBINL,OVBC,AFRM,THQ,TBLD,AUBN,HTD,ATLCP,MKL,SBSI,BCAT,SII,VRTS,CSWC,ETO,FDS,ISBA,CNOBP,AII,STEW,WTW,GAM,NEWTP,TY,FFA,NDAQ,SPXX,PGR,EOT,ECCC,JCAP,GBCI,MEGI,TBBK,ACV,NNI,JEF,NPB,LGI,OXLCO,CSQ,MSBIP,FDUS,MSCI,TIPT,CET,CII,MNSBP,ALLY,LKFN,SATA,MBINM,AIO,AGO,FSUN,HBAN,BCV,CCID,EICA,SCD,OCCIN,JCE,BMN,OXLCN,RVI,IBN,QQQX,BUI,PUK,COF,NIE,MMD,SYF,BUSEP,PRAA,MBNKO,STC,AXP,SFBC,BWBBP,EIIA,OCCIM,BTT,PDPA,FG,SPME,WAFDP,WSBCO,ETB,CCNEP,PYPL,WFC,SLMBP,ONBPP,HIPO,ONBPO,MCO,SOR,VLYPO,FRMEP,WTFCN,SPMA,MBINN,HIFS,VLYPN,BRO,VLYPP,GLU,PFX,FNF,KNSL,BLK,BPYPM,EFSCP,FRHC,BANF,WAL,BANX,UMBFO,PDX,HPI,DFP,GUG,HBANL,PJT,HPF,SDHY,FFC,RNP,LCLN,BBN,OZKAP,TCBIO,SLM,APAM,ETX,LDP,ASA,IGI,LPLA,NBB,VALU,FLC,GBLI,PSF,FULTP,PTA,UTG,CME,TYG,MORN,EOI,TW,FCNCP,NPFD,BNT,FPF,IIF,ICE,ACGLN,JLS,HBANZ,NTRSO,ACGLO,ARCC,VEL,HTGC,SPGI,SIGIP,FCNCO,AB,HBANM,APO,MAIN,UNB,ETOR,MC,HBANP,BN,CRVL,ONIT,BAM,EVR,GLAD,BX,ERIE,ARES,HOOD,EOS,GBFH,ZIONP,XP,PDI,PSUS,BXSL,MPV,KLAR,XZO,MCI,PIPR,KKR,XFLT,TSLX,TPG,LMND,ROOT,CG,AMSF,SAR,IREN,PFSI,LAZ,WD,TRUP,GSIW,HLI,HDB,HERZ,HLNE,KMPR,TREE,MKTX,DXYZ,CCB,STEP,AIFU,SOFI,BOT,BETR,COIN,FIGR,FUTU,UPST,GLXY,CRCL,BMNR,VCX"
5,Real Estate,57,59,62,61,"CBL,PEB,XHR,OUT,RHP,HST,PK,MAC,FVR,APLE,PSTL,DOC,JAN,WELL,LXP,VTR,LAMR,AHR,HIW,NHP,SPG,CDP,HR,CTO,CUZ,PINE,SKT,NHPAP,FRT,VNO,NHPBP,BNL,KRG,CURB,IVT,OHI,RMR,NREF,CTRE,AAT,SEG,IRM,EPR,PECO,TRNO,KIM,GTY,SBRA,LINE,MDV,IIPR,FR,CCS,LTC,EGP,NNN,PLD,NTST,CHCT,UHT,BRX,PSA,AKR,BXP,SLG,OLP,EQIX,UE,ESS,VTMX,ELS,MLP,KRC,FOR,REG,WPC,ALX,DEA,MMI,CPT,SAFE,O,ADC,UDR,EQR,XRN,LANDO,CUBE,BFS,JLL,EXR,ADAML,IRS,INVH,ADAMN,LANDP,FCPT,DLR,NHI,NLY,EPRT,AMH,AVB,SMA,BPYPP,STAG,JOE,GOODN,SUI,REXR,IRT,BRT,BPYPO,ADAMZ,BXDC,MAA,UMH,AGNCM,AGNCL,AGNCP,AGNCN,AGNCO,ADAMM,WHLRD,AGNCZ,ARE,GLPI,MAYS,REGCP,RYN,WY,EUDA,FRPH,REGCO,BEKE,AXR,CBRE,TCI,AMT,ARR,HHH,ACR,SDHC,VICI,MRP,CSR,FSV,SBAC,NXRT,STWD,NEN,CCI,BXMT,STRS,OZ,CIGI,CSGP,OPI"
6,Technology,56,46,57,56,"MGRT,SNDK,AXTI,MU,WDC,CHRN,STX,ALOT,MXL,LITE,DELL,RTB,VSAT,DOCN,SAIH,BAND,INTC,TSEM,VPG,AEHR,ICHR,SIMO,DDOG,HPE,RNG,FSLY,PENG,ASX,SILC,UMC,TER,FTNT,VICR,VIAV,AIP,AMD,AAOI,AMBQ,UCTT,EXTR,OOMA,CIEN,MRVL,PANW,DAVE,NTAP,IMOS,OKTA,LASR,KLIC,AMAT,NAVN,ALAB,RDVT,SNOW,YOU,NVEC,FROG,PTRN,FLEX,SKYT,CRWD,DGII,MITK,CCSI,ACMR,VSH,MKSI,STM,BHE,LRCX,CSCO,RAL,ARW,SITM,TWLO,SNX,LSCC,NSIT,NTCT,FEIM,SCSC,PLXS,SMTC,ASML,MPTI,ARM,AVT,COHU,ALNT,FIVN,KN,RELL,ATEN,LFUS,SLAB,CIFR,FORM,KEYS,AAPL,CNXN,ACIW,AGYS,SYNA,KARO,VECO,FFIV,BELFB,RELY,NET,TTMI,UMAC,RAMP,CGNX,HPQ,TXN,PLTS,TENB,PDFS,NATL,CTS,GLW,ST,ONTO,DBX,COHR,PAY,CPAY,FLYW,CRDO,INGM,GCT,GRMN,DJCO,KLAC,NYAX,QLYS,TDC,ESE,SONO,ZETA,GRND,ROG,BELFA,MANH,CEVA,AKAM,OSPN,MTSI,ADI,NTNX,BRUN,PLUS,ITRN,ALGM,WEX,PRGS,GEN,ADEA,IOT,SAIC,ON,BOX,TSM,CLS,BKTI,VRNS,MLAB,OUST,S,ACLS,IBEX,XYZ,ADP,DIOD,ALRM,PAYX,MPWR,Q,CLMB,SHAZ,PCTY,NOVTU,SANM,JBL,RBRK,MDB,ZBRA,APH,DBD,BILL,WYFI,PAYC,SWMR,APPN,VRSN,INOD,FTV,ANET,AMKR,BRZE,GTLB,POWI,FICO,ZM,KSPI,TDY,SEDG,NOVT,NXPI,AVGO,TTAN,CVLT,LOGI,QRVO,INTA,EVTC,DT,EEFT,TSAT,LYTS,CDW,CLBT,DOCU,SONY,MBGL,SAIL,MSI,GFS,WDAY,DAKT,CDNS,ESTC,UPBD,SSNC,AMBA,U,CSQR,CRUS,DCBO,ROP,QCOM,CORZ,QTWO,EXLS,JKHY,MQ,TEAM,GDDY,PI,APLD,LYFT,ENPH,ITRI,NVDA,GWRE,NXT,SHOP,FSLR,P,TEL,MCHP,ACFN,CHYM,TOST,LIF,DFIN,OTEX,G,SWKS,ENTG,DSGX,MCHPP,NVMI,NOW,STRF,BSY,CAMT,WK,FOUR,ADSK,APPF,CACI,AOSL,ALKT,CLFD,ADBE,BMI,GIB,NTGR,DUOL,STRC,RDWR,PLAB,FIG,FN,NICE,SPSC,SMCIP,AVNW,UBER,CRM,BLKB,IBM,VIA,NCNO,SAP,RMBS,PGY,CTSH,VNT,WOLF,IPGP,IIIV,MNDY,IBTA,MSFT,CHKP,IDCC,BDC,BR,FIS,OSIS,ALMU,IT,BSP,PTC,KVYO,TYL,OCTV,HUBS,TRMB,ZS,PLTR,PCOR,QNT,ACN,ALIT,FORTY,UI,PAR,BL,STRD,QBTS,DOX,SKHY,CNXC,SNPS,STRK,GDS,SMCI,EPAM,ASTS,ARQQ,CALX,OLED,EFOR,LDOS,IONQ,GLOB,PEGA,INTU,PSN,WIX,ORCL,CBRS,CRWV,BLSH,MSTR"
7,Industrials,54,43,49,51,"DFNS,SIF,BUUU,NCEW,FCEL,CDNL,XMTR,BE,EDRY,PKOH,MAN,SMX,PHOE,KELYB,SHIP,GEO,ECO,TWIN,PAMT,KFRC,CVLG,ATI,CRS,MATX,FA,CXW,NVRI,DCO,ARCB,UNF,ATRO,KELYA,TKR,GRC,RHLD,AIR,JBHT,VVX,EFTY,FSTR,CMPR,NMM,PRG,PBI,ACA,ALGT,PKE,DAL,FIX,RHI,MEC,ARMK,HXL,DAC,PRLB,CMDB,AGX,HLIO,KNX,TNET,STRL,BLBD,POWL,MSM,CBZ,SBLK,R,CAT,GNK,WAB,UHAL,CSX,RXO,SNDR,CASS,TFII,GSL,HWM,FDX,LXFR,TRN,ESEA,ASC,GWW,MYRG,EXPD,PL,UAL,CNI,ODFL,ZIM,NSP,WWD,XPO,ESLT,GHM,LUV,KFY,NVT,CLH,SWK,RTX,MRCY,CIX,UNP,DSGR,AIRT,GE,ENS,IEX,HURN,PCAR,CMI,AIT,MG,NPO,ROK,PESI,HEI,BRC,PLPC,DLX,SXI,MRTN,WTS,CHRW,WCC,GEV,HUBG,GPN,WERN,ULS,AZZ,DE,MIDD,SNA,SKYW,MMM,HURC,CP,GD,NDSN,EBF,AER,LSTR,CMRE,CTAS,GHC,ARXS,RBC,LMT,CPA,RYZ,AME,URI,TISI,EML,MLI,ABM,NSC,GIC,JCI,ITW,CR,BCO,LGN,RCMT,PWR,CAAP,MTZ,BBSI,TEX,DRS,ISSC,ZWS,CW,CRAI,PH,TRNS,PAM,DY,MATW,SAIA,KMT,EMBJ,TPC,TTC,RRX,DXPE,ECG,DCI,HON,ZTO,VRT,OTTR,AYI,AEIS,RBA,FAST,LTM,KEX,ESP,OC,FTAI,SEB,CECO,VSEC,TATT,GBX,FELE,CMC,GVA,ICFI,WM,IESC,TNC,VMI,GNRC,UPS,SARO,JBTM,VLTO,IIIN,LECO,GFF,LIME,MAS,EMR,ALLE,AGCO,APOG,GATX,FLS,HONA,FTAIM,WSC,TAYD,MSA,CCEC,FBIN,IR,ITT,HRI,ALK,CXT,ASTE,POWWP,REZI,CWST,WCN,VRSK,LOAR,GTES,VSECU,RSG,TXT,TT,OSK,AIRTP,OMAB,TTEK,NPK,J,ENR,AXON,RJET,MGRC,FSS,SUNB,FER,DOV,GGG,WOR,AWI,WMS,FCN,RTO,HAYW,RYAAY,TITN,KAI,MAIR,CSW,NX,ATKR,TDG,FDXF,LHX,CARR,HUBB,CAR,EXPO,EPAC,DPC,APG,LNN,MWA,MDA,ETN,TRC,XYL,BBUC,RELX,AAON,CAE,FLR,EFX,GFL,RGR,GXO,ROAD,SPXC,FPS,CSL,BA,AOS,TREX,KE,CDLR,FERG,AADX,NSSC,NOC,EME,PAC,TRI,KBR,LPX,CDRE,OFLX,ATS,ONT,RKLB,ASR,OTIS,ROCK,AERO,HY,BXC,ALG,HII,MMS,AMTM,LII,BAH,BKSY,BWXT,DLB,CPRT,PPIH,CNM,ESAB,WLDN,WSO,BETA,POOL,ACM,BWMN,STN,VOYG,SPCX,EVI,PNR,SYM,SITE,LMB,AMRC,INIO,EQPT,BLDR,KRMN,KTOS,AMSC,AVAV,HAWK,PRIM,FLY,XE,YSS,WLFC,MFP,PSIX"
8,Consumer Cyclical,54,59,60,52,"LVLU,VSXY,LIND,NDLS,ELA,BJRI,MYE,FLXS,MOV,ANDG,LTH,CAKE,CTRN,GTX,SAH,CBRL,RSI,KRT,VIK,VAC,EAT,RCKY,LOCO,CALY,PRSU,LAD,CROX,SN,OPLN,ROST,BZH,MUSA,CASY,M,BBY,PAG,VGNT,BWA,ESCA,ETSY,EXPE,JAKK,KMX,MGA,GEF,RUSHA,DIN,LEA,LQDT,PHIN,YETI,THRM,GIII,HBB,CYD,HZO,BSET,KSS,MLKN,SON,TILE,RUSHB,MGM,BURL,GM,AIN,PENN,STRT,GCO,KTB,EBAY,WEYS,JILL,SHOO,MAR,WSM,IHG,CVEO,TXRH,FTDR,F,BDL,H,BOBS,MCRI,TNL,ANF,HRB,CCK,LEGH,TPR,MHO,VVV,CZR,GLBE,OSW,PLOW,REYN,MLR,CRI,PRKS,LGIH,PKG,HVT,MTN,RRR,LEVI,BALL,DORM,FIVE,COOK,GOLF,BH,LZB,AN,BROS,SBH,ABNB,ABG,SW,W,BWMX,RCL,TJX,INTG,SBUX,MCFT,HGV,HAS,RIVN,HOV,TRS,MOD,PVH,CART,SIG,COLM,ALSN,AMCR,HLT,RL,HMC,TOL,DRI,PHM,BC,BYD,SMP,GPC,PII,AAP,RGS,JOUT,CVCO,URBN,DAN,ALV,HOG,XPEL,AEO,ALH,RH,QSR,SKY,WWW,SCI,CARG,DOO,JD,GRBK,RVLV,LOVE,BKNG,IP,MTH,DDS,CHH,RACE,DECK,AS,NCLH,YUM,BIRK,HTHT,VC,KBH,MHK,CCL,JACK,ATMU,SLGN,HNI,GNTX,NATH,ADNT,YUMC,RICK,TM,CPS,DHI,CPHC,VIPS,AVY,LCII,SE,ORLY,ATAT,ETD,DASH,HD,DKS,GPI,OXM,AMZN,MBUU,ULTA,ONON,ASO,DPZ,WH,MMYT,MELI,CMG,MAT,FOXF,ZUMZ,GME,MCD,NVR,FND,BFAM,VFC,WGO,WYNN,EYE,LOW,CSV,FUN,KEQU,LVS,GIL,CHDN,IBP,BBWI,GAP,SGI,CVNA,CAVA,AZO,BOOT,BKE,DKNG,PATK,APTV,WINA,THO,LKQ,DFH,PDD,SHOE,BABA,LEN,TSLA,CHWY,TCOM,BGSI,PZZA,BBW,NKE,CPRI,KRUS,HSAI,LULU,PLNT,FLUT,TSCO,ROL,CPNG,WING,SHAK,WHR"
9,Consumer Defensive,53,63,57,54,"AGCC,JDZG,CHEF,LINC,MAMA,DAO,COCO,ACU,PSMT,SENEA,SENEB,MNST,DAR,TGT,SPB,HELE,LAUR,EPC,ANDE,UNFI,IPAR,COKE,UTI,TBBB,MICC,CENT,APEI,PRE,PFGC,SJM,BUD,LWAY,ADM,DLTR,USFD,KO,CENTA,PM,JBSS,VLGEA,OTLY,IMKTA,CCEP,FMX,MO,KHC,BTI,KOF,SFD,KVUE,DG,CVSA,WMK,CL,SYY,CALM,EDU,STRA,KDP,HRL,LW,PRMB,CHD,MDLZ,NGVC,PRDO,KMB,BJ,NATR,UL,TSN,USNA,WILC,BG,FC,TR,UVV,COST,DEO,WMT,ALCO,CHSCN,HSY,CHSCL,CHSCM,LRN,CHSCO,PG,ELF,FRPT,PEP,CHSCP,PXED,POST,CAG,TAP,EL,SFM,GIS,CLX,YSWY,CPB,KR,LOPE,FIZZ,TPB,OFRM,MKC,INGR,JJSF,STZ,SAM,MGPI,PPC,DMC,DIT,MZTI,OLLI,CELH,RYM,COE"
10,Communication Services,52,58,50,51,"QMMM,ATEX,BBGI,STRZ,SPHR,IRDM,TIGO,GSAT,LILAP,NBIS,GRPN,MCS,MSGS,WLY,IMAX,MSGE,ROKU,SIRI,EVER,WLYB,ZD,MANU,IDT,CNK,ADV,JOYY,PSO,MGNI,SCHL,LYV,VOD,GOOGL,ECHO,GOOG,NYT,WBD,BATRK,LLYVK,OPRA,MTCH,BATRA,LLYVA,QNST,FWONK,FWONA,CRTO,AMX,VZ,ATNI,EA,SKM,TTWO,NWSA,OMC,RDDT,NWS,PPLI,ATHM,NTES,WPP,TKO,SPOT,CHT,GRVY,NXST,VEON,PINS,WMG,RCI,PHI,FOXA,BZ,T,FOX,YELP,BCE,LBRDP,VSNT,DIS,TMUS,KT,BIDU,CMCSA,APP,META,TIMB,TDS,LFTO,NFLX,BILI,LBRDA,LBRDK,CHTR,AD,GLIBA,GLIBK,RBLX,GIBO,ZG,Z,TTD,CABO"
11,Basic Materials,49,43,33,38,"INHD,NWPX,HYMC,CLMT,FRD,ODC,NUE,STLD,KOP,PRM,MT,AYA,MTRN,RMIX,GPRE,CGAU,CSTM,ASH,SCL,KALU,CMP,BHP,HBM,CF,RS,SCCO,CTVA,TX,CBT,ELVR,MEOH,TECK,AUGO,CLW,REX,DD,AXTA,FCX,BVN,SKE,ESI,SSRM,RIO,NGVT,NEU,UAN,ERO,SXT,JHX,IFF,CENX,MTX,SMG,EGO,SQM,CMT,ACNT,KWR,MTUS,IOSP,LIN,B,HCC,NTR,SSD,APD,SA,ECL,IPI,WDFC,SHW,AG,PPG,FNV,LYB,DOW,AVNT,WS,AU,TTAM,WLKP,OGC,KNF,WFG,BCPC,RPM,PAAS,VMC,NEM,ASIX,EXP,EMN,BCC,TFPM,WPM,SIM,CC,RGLD,SOLS,MLM,HMY,OLN,FUL,AMRZ,KGC,AA,MUX,USLM,ELE,UFPI,ALB,CRH,IDR,TGLS,DRD,HWKN,AEM,SLVM,GFI,OR,MOS,CE,SMID,AGI,AMR,WLK,AAUC,PKX,CMCL,MSB,PPTA,CTGO,MP,IPX"
12,ETF,44,45,44,45,"BWET,MUU,DLLL,INTW,SPCG,SSPC,SNK,SPCQ,PALU,OKTG,PANG,OSCX,ORAC,PILL,AMDL,LINT,MRVU,SNOU,AMDG,AMUU,LABU,SKDD,CSCL,UNHU,SMST,CRWL,WDCX,SOXL,LRCU,LLYX,AAPB,MVLL,ELIL,AAOZ,AAPX,SBIT,AAPU,PBRG,UGA,ASMG,UCO,DRAM,UCYB,PYPU,BBC,UNHG,SKHZ,STXX,CHPS,CURE,USO,BIB,LFSC,FTXL,SBIO,TXNU,DPST,SOXX,ORCS,AIS,DBE,STXL,XA,PSI,BNO,XOMX,DIG,DBO,ERX,IOSX,RTXG,EMEQ,VLUE,SOXQ,GUSH,XPH,EWY,HSBH,TNA,THYP,AIVC,TEKX,FLKR,URTY,CRAK,GOOX,TPOR,HECO,IHE,TSXU,XBI,TERG,SMH,DECO,CHPX,GGLL,XHS,BNMC,FBT,VFLO,NFXS,RXL,ETHD,IGPT,TXXH,MSTC,BBP,FCLD,CTEF,WCBR,DVXE,RNIN,ARKG,FTXH,SAA,XBIX,SFLO,MKOR,OKLS,XLVX,PSCT,HACK,TEXU,SHOC,FLTW,XSD,PJP,KNCT,QQQA,PSIL,KSTR,SMRI,CIBR,GNOM,NETG,COLO,BOAT,LRNX,USL,PSCH,DIVB,EWT,SMHX,NXTG,CANC,IBRN,RSPT,PTH,CSD,XKRE,CALF,XLFX,UWM,TMED,IHF,SPAM,SOXY,TCAI,BITI,XTL,IEO,GSIB,EPU,BUG,CAFG,ORCZ,MYLD,COIX,DXJ,FYT,NIXT,JETS,INVN,TTXU,IBBQ,IHAK,ZETX,THNQ,IDNA,PBE,CLSE,TSLZ,RWJ,FYX,GSG,SQLV,SEIV,PZLV,EQRR,IDHQ,FLOW,XSVM,DRLL,LRNZ,BHYP,MIDU,FESM,FYC,UMDD,QVAL,AFOS,NRSH,ISMD,ROM,PXJ,RDIV,SMZ,DVXV,PIT,BSVO,IBB,WLDR,SVAL,XOP,TSLQ,IFLO,PXE,NOWX,AIA,RZV,VFMF,LSAF,FELV,PBOG,FTHF,URSP,QTEC,SCDS,VFVA,HELX,TINY,ASCE,PSWD,XUDV,SRHQ,SLX,UDOW,RSPG,FXN,PWV,QABA,GMOI,COWS,TSLS,PINK,EWO,IYE,GRPZ,XLE,CPAI,AFSC,SEA,QQQS,USCI,EPSV,PBEU,AAPE,OPPJ,GREK,IXC,DBJP,FENY,MSEP,SMLV,XMVM,ARTY,SGRW,VDE,ROSC,AIFD,FTXR,LMTL,COPY,EVLU,PPH,USE,VTWV,FTXN,PIPE,HIBL,BRIF,IWN,EPIN,AVSC,KBWY,VEGN,IWX,YCS,SDOG,MINV,RZG,HTEC,EINC,TECL,USD,TCV,JPSV,ENFR,LSVD,KBWP,AFSM,XTN,IUS,GTEK,AVLV,QQQJ,OILK,GEVX,ETHO,AVUV,FRDM,SCHD,HAPS,SMCF,GNMX,TVAL,CARZ,FTA,DSMC,SYLD,IWD,GXPE,ROKT,QSML,GVUS,VONV,DVXK,EMDM,FHLC,ABCS,MEXX,DVLU,OPTZ,ECML,COPP,VPX,TRFK,PBOT,TSCV,IAK,FAB,COPA,HEWJ,ITAN,DFMC,FXH,IPOS,VHT,SDCI,RPV,SETH,PJFV,DFSV,DFLV,ACEP,RSSY,EPOL,WBIY,DFUV,KBWB,IAT,ULVM,PATN,TBXU,XAIX,SIXS,USVM,REZ,PVAL,BBH,GSC,ACSV,KRE,FBCV,GEME,RAFE,OILT,FLCV,PDBC,PLTL,QTUM,RUSC,RSPH,JRE,XLV,CVMC,AVIE,BULD,IYH,CHAT,SURE,REVS,IJS,FFLV,EES,SPVM,ICOP,QQQG,KEMX,IVSS,RWR,ROE,PEY,MRNX,PSC,DBC,USRT,VIOO,DFAT,BEDZ,COPX,FITE,IWS,VIOV,UMI,IMCV,MSSS,IWC,HWSM,IXN,IJR,WDNA,TMVE,MBOX,JIVE,YUNG,QVMS,SLYV,EWS,BBRE,SPDV,TSMU,MVV,KNO,SLYG,DSTL,PZIV,HRTS,LVHI,PRXV,TRUH,FDIQ,VIOG,SPSM,FRI,IJT,CLOU,BBSC,MEDX,XJR,HGER,WBIF,FLJH,KIE,UDI,BUYO,JVAL,NURE,KOLD,TMV,LYLD,MLPX,DES,RWK,HDV,DVXF,ACVU,GSSC,PRF,LATR,EBIT,SKYU,BSMC,REIT,EWJV,ISCV,CLCV,DESK,CHGX,SPTE,FNDX,BPH,GMOV,DEW,IDGT,FFSM,WBIL,TMSL,EURL,FTXO,EWP,SUPL,FNDB,FAS,ASEA,DIVD,DIVY,RSPE,STXE,PWER,LSAT,PSCF,WCEO,BKSE,RDVY,SMMD,MGV,RWL,IVAL,GENW,STXV,ONEO,KBE,NBCE,FSCC,DDM,DEEP,ACSI,VMAX,QFRD,WXET,IYT,URE,VTV,BOUT,GINX,TSMX,ONEY,WTAI,PEJ,HONG,BKDV,EPMV,FIVA,FDL,IYZ,JDOC,WCLD,OMFS,PSCC,LPRE,SMDX,EFAS,GSKH,DHS,TPYP,PSR,IMCB,UXI,FNDF,GVLE,AFMC,UIVM,VOE,HERD,VTWO,IWM,RESM,FDM,LVDS,FTIF,EUFN,TEQI,JSML,UMMA,PXF,MEDI,SHEH,SHPP,RDOG,DGRS,ESN,SPXL,PPTY,LITL,XLK,FYLD,DIVG,XSLV,WTV,CERY,FDV,BLCV,GVAL,XLPX,KNGZ,EIRL,AMZA,EPSB,DFIV,RSSL,PRVS,JMEE,DRES,WTLS,JPY,EIPX,QEW,AIVL,GRPM,PRFZ,ESSC,COWZ,SHE,RFV,PXI,BUSA,UPRO,VRAI,FNDA,XNTK,NUMV,TRUF,DJD,TSSD,FDLS,SPHB,DUSA,THD,ORR,BAIV,SYZ,AVGV,JPSE,JDVL,VLU,QDIV,DFAR,EBI,FNK,FTEC,IYW,OAEM,DCMT,GCAD,CDL,CDC,SCHH,SPYD,VGT,VYMI,DFVE,JQUA,FLQS,WBIG,VBR,BBMC,EZJ,DBEF,FEOE,EMXC,FLV,PBPH,IMCG,TBG,FDD,EQLT,FMED,FXO,CZA,IVLU,DDIV,CVRT,DEUS,DGRO,PSCD,VLLU,FTDS,OPPE,USAI,ROUS,NBET,SMDV,DVY,MCDS,CSTK,RAMZ,RFLR,NYSX,FSML,ILCV,DUSL,VFQY,SVIX,UFOX,JPME,NTSD,JAVA,GARY,SNPD,BINV,NANR,DFAS,RULE,CPXR,JHID,IXG,TSMG,IGM,NACP,EFO,BUL,JMOM,RSST,FAI,ESML,BBCA,BRNY,GARP,FRWD,IBOT,DBEU,DVYA,RITA,CLIM,CNAV,AGEM,USMD,EMES,SEIS,JHDV,EWC,DFNL,SMOX,LNGX,SCHV,NULV,EWI,IQSZ,IXJ,DGRE,MNZL,BFOR,LGCF,BESF,MFUS,BASV,EPEM,EMCS,MFUT,ISCB,AVMV,RFDA,WELD,SKYY,LST,RHRX,BMED,ONEV,FGD,FMTM,IMFL,EZM,BIBL,SPMO,FEX,ROPE,OASC,DURA,XOEX,TRFM,SCHA,FIDI,FDRR,FMDE,ICF,JPUS,PICK,FFEM,MGMT,PTIN,SPDG,NBCM,FVAL,TPSC,FPAG,HAP,UGE,FLCA,GLL,GOP,DTCR,STRN,SGLC,JPRE,EPMB,SSPY,VSMV,DSTX,DBAW,VDI,BVAL,COMT,AVSU,XIDV,SMLF,ACSG,PEXL,QARP,QDF,HEFA,DBEZ,NUDV,UBR,GDIV,ESGG,XES,SEIE,IDOG,BCHI,EMOT,GGM,IGE,RSP,MIDE,RWO,AVIV,UPV,EFV,ABOT,JADE,DIEM,TFNS,EKG,TMLP,EQIN,MSSM,VYM,FTCE,DIVN,SAWS,SCHY,ESLV,TALV,DXUV,QQQE,BGDV,AUSF,QLC,SIXA,TECB,QVMT,METD,REET,MCVT,BGIG,CSRE,MCHS,IWR,FDTX,XHOA,FCG,REMC,GVLU,SGRT,TXUE,XJH,TEC,DOL,UYM,SDVY,EWK,EQWL,ECON,DVAL,CSB,IQDY,SPUU,CGDV,XMAG,FGSM,AV,AVGE,DUNK,SFGV,VSDA,STXK,TSRS,CNXT,SVXY,TDI,EMSF,FFUT,SNSR,SPXD,XSMO,XTAP,SSO,UPGD,GRIN,LOPP,AZTD,GTPE,INFO,MIGO,SMIG,IVSI,NVIR,IQSM,MAVF,OAKM,CVY,HFXI,AVXC,FNX,SMOT,XHE,VUSV,VB,ASD,FEGE,CPER,NETL,BUYB,MOOD,CGVV,GXPT,FDVV,VPL,VEFA,FCFY,HAWX,FSMD,GCOW,HLAL,EVUS,IVOV,KBA,OIH,PSCE,CVIE,JHSC,BLCR,XCEM,PKW,AMLP,CDEI,RFDI,OMFL,SEEM,HEZU,AVUS,SIXH,AAUA,EMPB,MSIX,DTD,QVMM,OVS,RSPF,SCOW,WEAT,NOBL,SOYB,ALAI,TTT,DGT,SPGP,NOEQ,FPRO,FRGN,FEAC,TMFX,PEMX,GLAM,RJDI,DLN,IYK,RWEM,DFEN,DGLO,IJJ,ITA,PIE,VUS,FEMR,SDY,IQDF,BEDY,AIVI,TEXX,MDYV,TDVG,BYRE,PSCI,TIIV,RODM,ITWO,GNR,VTWG,TOUS,LVHD,IUSV,MFVL,SCJ,ALRG,HIDV,IWO,IVE,GURU,BLDG,BRIE,PY,MPWC,DWAW,NXTI,BBLU,BLUX,DFAC,USNG,TBT,EDOW,XOEF,VOOV,MDLV,LEXI,CMCI,FXL,INDS,MEMX,ESG,FBX,DEHP,WDIV,AVLC,IEZ,SPYV,MATE,CMDT,MFSV,AGNG,PAYR,GDOC,DCOR,PAMC,DIV,ESIM,DFGR,BAMD,LCLG,DSPY,YOKE,QDEF,IJH,IQSU,DARP,NLSI,SHRY,TIER,TXS,FELC,GQQQ,GFLW,LOUP,IVOO,PWB,RSPM,UXJL,EUSA,KDVD,EQAL,JHMM,DTH,IGRO,ELCV,MMSC,EMXF,XLIX,SPMD,GSEW,TILT,EMM,UYG,HDEF,FXZ,RCGE,MLPA,FLQM,OALC,DXIV,TOT,SIZE,MDY,IVOG,OZEM,BRCE,ICOW,DISV,MVPL,SPYQ,AIQ,QTAP,JDVI,NUSC,QFHD,EMLP,TTEQ,QQEW,TINS,SCHM,IDV,FREL,AGIX,UXAP,REGL,DEXC,USSE,ADBU,RDVI,ISCG,SPHD,IHDG,JEMA,DWAS,MDYG,TSES,PFM,IPKW,LCOW,ACOM,TMDV,IDEQ,AFLG,VNQ,SHUS,REMG,MTUM,IDVZ,BRZU,IYR,EWN,VIDI,IJK,XLI,XMLV,AIMS,OUSM,DAT,KLMT,LITX,RINT,SPHQ,LGRO,DFAW,MADE,FVD,SAMT,FEMV,AVMC,BAMV,VXF,ITDI,VIG,PTMC,IBAT,AHLT,QNXT,IMF,IOO,LBAY,NULG,UDIV,GTOP,DON,DBB,XSHQ,CORO,QUAL,COM,GLOW,SIXL,PIEL,SFTX,KLMN,VO,FLN,LSEQ,JHML,ROAM,MJSC,OSCV,SCHF,ILF,FOWF,COMB,PRMR,ADVE,EDGE,CSNR,GXUS,CBSE,GUSA,GEOA,PSFM,EWU,PIEQ,BLES,SUSA,ARVR,CVLC,MVFG,EXEQ,JPXN,FINT,SMMV,ASIA,VSLU,DIVI,EMOP,QLTY,VFMV,GUNR,VEA,XRT,MAKX,OUSA,SNAV,ZSC,DVND,TRUT,EFFI,LCAP,NBSM,FLGB,DVXP,EEMA,BFXU,FNCL,INCE,PCLN,DFVX,AAVM,EYLD,AVRE,SCC,SPXV,DYNF,MDST,XLF,SPIT,DIA,PEPS,CCNR,KOKU,IYF,JUST,SELV,GSJY,EUO,BKGI,SURI,SEIM,DUBS,QUS,USXF,DUKQ,CLSM,GLOF,ABFL,EPS,INTF,CFA,DFEV,RGLO,DAK,CFO,SSUS,APUE,FAD,RFFC,HSCZ,DWX,DBEM,TPHD,SPDW,GLBL,VFH,FTCS,REFA,SPUS,BREW,MAGA,XLRE,ZECP,TACN,JSTC,CGCV,YANG,VOXP,SQLT,DVRE,BBAX,FKU,FLCC,UPSD,DIVP,DFAI,TFGZ,VAMO,DFIC,IALT,ASGM,BMVP,XMHQ,QLV,CSM,VEGI,JUDO,GSIE,RECS,QINT,RLY,TAOZ,GSPY,EWJ,DFAU,BKIE,LGDX,EWW,HQGO,FQAL,FEUS,TEMX,HSMV,FTXG,USEW,DVVY,PAVE,MDPL,GXLC,DFSU,RSPR,ERET,FLJP,EPAI,DIVS,WSML,TEXN,MKTN,HDUS,MFSI,FENI,ENOR,FID,SPCT,JPAN,CSIO,XDIV,TUG,INRO,SEIQ,TFPN,VALQ,GUSE,ZSB,AAXJ,JIRE,HEEM,RKSG,FV,RIFR,AGQI,TDV,FEP,TOPC,FCTE,KROP,RAUS,NTSE,VIS,SFTY,GSID,LCDS,QTOC,QEFA,WCMG,XTOC,IYM,HUTG,STOX,CAMX,USMC,DEMZ,AVSD,AVDE,RGEF,EMKT,ITDJ,DBMF,GEVG,NELS,XLB,ESUM,STNC,QLD,IYG,TGLR,EEMX,ESGU,QVML,EQTY,PQNT,DPRE,NBJP,BAMG,PSTR,RSEE,GQRE,ITDH,KYC,ITDG,CGGO,PSFO,FEUZ,GEM,AQLT,TDIV,SPGM,IDUB,FIDU,XLP,WCMI,XTJA,DDDD,GSWO,JHEM,CGIC,FLMX,FTGC,IQRA,QQMG,MODL,DVXB,PSMR,RSBY,XYZG,BINT,ENDW,HDMV,TGLB,RFEM,LQAI,RAYJ,USNZ,ISVL,VEU,DFUS,JSMD,DUHP,QLVE,FLSP,WNDR,SPWO,ITOT,UXJA,CGMM,SEMI,QWLD,CGXU,IWV,SPTM,VTI,FDLO,SCHB,TSPA,TLTD,GSEU,FVC,BDIV,XUSP,IPAC,HEDJ,PSCW,PTEU,AIEQ,LEGR,FLAX,LRGF,SMIZ,TOLL,SMOM,CWI,EQL,VTHR,DEM,AAAA,KCCA,DDWM,IQLT,EWL,AVDV,PAPI,SCHK,THNR,GXPS,ECOW,LRND,DIVZ,TSME,PSL,TPLC,INFL,SPYM,GOLS,ITDF,EIPI,SECT,IYY,VBK,WEEI,MEM,ASLV,VOTE,DFJ,CGGE,SPYX,NBIE,JPIN,SNPE,PFI,ACWX,IVV,AVNM,GARA,BRZX,TRUN,RSPN,ESGV,ENHI,UXOC,URTH,VOO,ARGT,EFIV,DIVL,FLRG,FWD,SCHX,SPRE,EFFE,JHMD,ILCB,HAPI,LFEQ,EDGU,NYNY,SDEM,BTR,ACWI,FXD,STXF,MSFC,BKLC,DIHP,EAOA,VONE,PCPP,FLQL,PBUS,NRES,RBLD,VT,QTJA,CVAR,DEEF,AAUS,IDEV,IWB,KMLM,WDAI,TOK,TURF,IYJ,FLCE,EASY,TOV,AVNV,MOO,VSGX,WIMA,SPXN,PSAI,FDEV,VNSE,GSUS,DVQQ,VXUS,WSGE,LCTU,MDAA,FLSW,BKMC,XLVI,CGDG,FEDM,VV,USPX,SPYA,QLVD,ILOW,MGNR,PID,TBFG,ESLG,CGUS,IEV,JUSA,EMGF,IFRA,VUSE,TINT,LRGC,EFA,MOAT,ESGD,CPTL,SPXE,THRO,BBUS,AVMA,LGLV,VFMO,FHEQ,BKEM,JOYT,FNY,VGK,PQUS,SFY,BBEU,DWM,EEM,SCDV,IDVO,TSPX,FSEV,EPP,GDMA,QQQM,SAGP,TRUO,DIVE,QQQ,BBJP,EET,FCPI,HAUS,ITDE,EFAV,ENHU,EUDG,SAWG,XVV,USSG,XT,PSFD,SUSL,ABEQ,PTL,DDXX,VOLT,FFLC,GEW,XSOE,MAYZ,GSLC,VIGI,AKAF,TPFC,GPT,FEZ,RPG,KOID,TOLZ,MVAL,FLLA,DOGG,DWLD,BBIN,XSW,RISN,GINN,MGC,EASG,QEMM,KEAT,GLIX,AVEM,IEFA,KXI,FXP,ESGE,TAX,VDC,SPLV,FLEE,AVOS,NPFE,DFAX,ICVT,FLEU,NATO,AGOX,OEFA,ZINC,MVFD,IVES,APIE,CGNG,IXUS,SROI,AVSE,TNXT,FSTA,TLCI,PBL,FNDE,JOET,ESMV,FTAG,FICS,INEQ,NBDS,COMD,XNAV,DRAI,NANC,HUSV,EZU,XCNY,SDVD,FDT,PWRZ,DTAN,EXI,ODDZ,LDRX,RSPS,JHAI,OAKI,CVSM,DTRE,GSEE,VEXC,IEUR,PSCU,DIM,PRAE,FRIZ,DFSI,THLV,SPEU,CEFA,SKHN,IQSI,QQLV,ACVF,TDSC,DVIN,FPWR,CMDY,IWL,TCAF,ABLS,STXD,EFNL,OEF,FLBR,IFLR,TPIF,SPXT,WOMN,IDYN,FMTL,ZIG,CRBN,YLDE,EFAX,CONI,PPA,TSNF,MRSK,BCI,CVGD,DVOL,PSFF,PSMD,PSMO,DFIS,DOCK,PSCQ,PJFM,QMID,VDIG,EMMF,RWLC,PFDE,NTSI,GCC,BLUC,PHDG,TEMR,EGUS,PSCX,ITDD,TQQQ,DINT,TRTY,MXI,WLDU,PXH,PST,IDLV,DFAE,SNPG,REAI,DMXF,MMID,EDGH,NUDM,SOVF,ADIV,KVLE,ASMF,RSPA,HFEQ,DSI,FTLS,FLJJ,VERS,CNEQ,AOA,TMFC,QGRW,RFG,FTGS,TACU,AQEC,NTRL,MCOW,CHRI,XLUX,NBCR,AVDS,DGRW,FJP,BWTG,QTOP,CATH,FEBZ,GMOD,MSLC,BAY,XLEI,CWB,IVVM,CPRO,FARX,FSGS,ARWG,CEFS,PABD,BREE,BBEM,BAFE,EMCR,GMOM,QUIZ,NOVZ,TBF,FDMO,ROCY,DYTA,NDAA,FDIF,FXR,DRVR,IEMG,PSCM,HOLA,MFEM,HGRO,IUSG,CPRY,NORW,GAA,JUNZ,EWZ,LOHA,USMV,NXTE,MFIG,HF,TRND,AVTM,BRAZ,MFDX,DVGR,FFND,WWJD,ONEQ,ENZL,NICO,PHEQ,IPO,BBHL,PSFJ,GKAT,DRGN,QQHG,IVW,FSEG,IDMO,SPYG,TAJX,MPRO,JANZ,XCHG,EWA,NTSX,WTIB,QPX,ROBO,ILDR,BALI,FBCG,ACWV,FCVT,QDPL,VOOG,WRND,KSPY,IQDG,FLAU,BAMO,CTIF,GII,ABIG,ADME,WTMF,NULC,FXU,ACLC,EDGI,SPLS,KNG,OAKG,EMET,SFLR,EMC,BEEX,CRIB,TEK,ITDC,TAGS,LCTD,SARK,STXG,DVYE,DNL,CPRA,DFTT,EUAD,SEPZ,TRUR,QAI,PSCJ,MNVT,CARK,DFEM,CBON,THEQ,BRKU,PPI,THIR,ONOF,FTC,SEPI,MDIV,FDEM,XTJL,IGF,TOAO,PSMJ,IWMI,EEMV,ACVT,XMMO,FNDC,UUP,EGLE,PVEX,SMCO,AOTG,EAGL,VAW,AAEQ,RND,THOR,UCOP,YXI,HEGD,GGME,AIPO,LCF,QGRD,ELM,MOTO,FSCS,SFYF,NFRX,FTKI,HIDE,GLRY,FMAT,SDG,QQWZ,AGMI,RSMV,KRBN,IAI,RSMC,OAIM,FPX,AMOM,SPDF,HEQT,DECZ,INDE,EXUS,AGIQ,HTUS,EFAD,DIVO,PFIX,DUKX,SRET,TOPT,BRES,WLTG,ISMF,BILT,CGBL,MNSX,MQQQ,RSSB,ZAUG,BELT,OVLH,AOCT,MARZ,ASHS,TLTE,TJAN,PTLC,USCA,TOS,EWUS,QSIX,RAA,JHDG,KCE,RAAX,AVUQ,RWIN,USCL,NSI,WAMA,FFGX,LOWV,EAOR,NZAC,BLGR,IINC,ISRA,BAI,SCZ,LENS,QALT,PRTO,CPSA,BEEZ,CGIE,PRAY,MSTB,GTR,SCHG,HDG,VEGA,OCTZ,SCAP,GQI,RSBT,MVPA,JXX,CTWO,AAPR,ITDB,BAMA,EFAA,TMFE,FXG,XLSR,LCR,FPXI,TDVI,SQS,IDVY,APRZ,PDN,MBSX,UFO,ZAPR,AOR,GRNY,BABC,PRCS,AUGZ,CPST,ZSEP,ASHR,YSAG,DVSP,GGTL,QLTI,FBOT,SMLL,FTWO,ZDEK,CPSD,DUTY,DDLS,IVVB,EWD,CPSP,GAL,PRNT,MHIP,JPEF,AMA,BCTK,ZOCT,CPNS,NFRA,CPSL,BDYN,ZNOV,MLPI,BOBP,EIS,SSMG,COPJ,VEM,GROZ,JAJL,TMAT,FDIV,MIVL,QQQP,HWO,CPSN,CPSO,NDOW,VDG,BILD,CPSF,ZMAR,CHAU,FAN,CPSJ,ZJAN,TWOX,SPBC,GK,CPRJ,ZFEB,XAR,TPLX,XEUR,XDSQ,GMF,GPIX,KONG,JDIV,ASMU,ZJUL,AJUL,ATTR,TAPR,CPSY,BALT,EDIV,BDVL,ZAP,CPSR,CUT,PDBA,IMTM,CPNM,GAMR,PRXG,BCGS,JPEM,INDZ,FEM,GFGF,LGH,USDU,UEVM,INTL,XVO,LALT,COWG,GVIP,EFRA,CPNQ,DLS,TBX,FTQI,SPYC,ACIO,CEW,MRGR,XLII,LOTI,PALC,MKAM,BASG,SCHE,LIT,ISPY,FYEE,FLDZ,PRXI,BCUS,RHTX,AIRR,DDX,PABU,STYL,CRTC,ATFV,XRLX,ANEW,BCD,FPAA,DBA,TILL,PSET,AQLG,TJUL,CPSM,RMRC,WTRE,XCOR,PBJ,QMOM,CAPE,BOXX,SPD,EWH,ECH,JGRW,FFDI,TRUM,EDGX,DTEC,INKM,DRUP,BKCG,QVOY,JXI,MMAY,EVX,BKCI,RTH,ZMAY,BENJ,SPEM,NBOS,ROCQ,OVL,EDC,DFSE,TOAK,WRTH,RAAY,RSPU,VWO,ELFY,MNVR,BRSM,NSIV,PJUS,INCM,ISCF,CMBO,SPUT,MFEB,ZHDG,EPHE,WAR,POWA,DRIV,RAAR,BGRO,TSIC,WGMI,JGLO,NUIF,USFE,TIME,FFOX,AIUP,RSPD,ARP,FMCE,MAUG,MGK,ALTL,IYLD,GQGU,USMF,ZJUN,EHLS,MHY,PEVC,PTNQ,YSAU,EELV,GMMA,JIG,EWQ,EFG,HEDG,VOT,FEMD,MFMO,TOCT,DUSG,THMZ,ILCG,SDMF,MDEV,ISWN,LEMB,ROBT,CDPI,HFND,AJAN,MANI,FMET,FCEF,TRUI,AFK,FPA,CPSU,JELH,EAOM,TEKY,FLAG,OMAH,ADPV,GGRW,FDTS,PRN,VUG,JELM,HELO,HALX,IRTR,NVOC,RCLY,IPAV,FINY,JIDE,ZTAX,GIEQ,RUNN,QQXL,EAFG,TMFG,FMF,TPAY,AOM,KWIN,WR,ALLW,APOC,FGM,DFE,ARB,FFLG,TBFC,KJD,TDSB,SSCP,NUEM,AMID,VICE,HBTA,CCOR,FXA,EAOK,HEFT,OVF,IBUY,SIMS,GRID,KAT,AMEI,MFUL,PDP,PBP,RCLR,IYRI,EWM,IEUS,GRNJ,FEMG,VEMY,QQXT,ITEQ,NEWZ,FLAO,CWS,CBOX,CNYA,FMCX,HOMZ,WTIP,SUPP,FRTY,JFLI,NUDG,RNEM,RVER,POW,CLCG,GBUG,XBOX,EVYM,PEZ,NIHI,IOPP,MEMA,AAAP,RMOP,CPNJ,AINT,BALQ,FOXY,WINN,USAF,AVRY,MNA,VDV,SHDG,IVSX,DWMF,RVNU,CHPY,CCFE,FDRV,TUR,CLOO,IDU,EUDV,FCTR,JULZ,TUGN,VBX,PGRI,DDV,NVOH,YCLO,IQQQ,RISR,XLFI,XLU,TPUT,HEMI,CGHM,BDGS,AOK,ROMO,CPHY,HTAX,THTA,AGRW,ABLD,MDCR,QOWZ,SMIN,MJUN,MPLY,SLVP,GGOV,CAOS,QQH,ZSL,FDCF,TXUG,VBCA,BGFI,LADM,TMFS,MEMS,UUPP,GCSH,PYZ,SGVA,GSGO,FAAA,PBSC,MMAR,CBLS,KOMP,HLTH,FDAT,CGOV,FCLO,FREI,NUGO,XEML,FTHB,RINF,TFFI,HWIV,DLUX,PSQA,VBCB,BLUI,CLOD,ALIL,BMSI,CBIL,HNDL,JANH,IROC,MFLX,XIWC,FUSD,XPND,APRH,EMBX,AGRH,MAPP,FMHI,FGSI,FSTB,INDQ,GXPC,HULL,BCSM,FDFF,STLR,GAEM,PSQO,MTRA,JA,HIMU,TYLD,CFIT,FUSI,XLG,GISC,GPIQ,FLTR,CSMD,MMK,NEMD,YLDW,AGZD,BCDF,OCTH,FUTY,PFRL,GMOC,NHYM,QFLR,DVUT,IQM,SWAN,DEFR,ICLO,JANJ,CLOA,TRSY,RMME,EMNT,VBIL,MINT,HEQQ,PJFG,AAA,RAAA,SGVT,TFLO,AAAC,VPU,MLN,TUSB,NCLO,FSZ,SPTU,SEMG,VBCC,USFR,FTRI,PRIZ,APRJ,EDGQ,ASEC,CSHI,PVI,VGUS,SCUB,CGUI,JMMF,NQLT,CLOI,EDEN,DAX,PHO,CUST,EMTY,IQMM,XMPT,CLOX,TLDR,SGOV,VUSI,PAAA,MMKT,JMID,TBLL,RBIL,WDE,GBIL,IBMO,PWZ,HYMB,VRIG,OPER,PZT,NSCI,BIL,FLRN,OCTJ,CVSB,WEEK,DWUS,FAAR,MBSF,CLIP,BILS,SHV,EDOG,SOFR,IBMP,NBGX,FLOT,BSGR,BAMU,GEQ,ACLO,DUSB,KCSH,GUMI,IBDR,FTBI,MYCF,KHPI,GSY,BILZ,JAAA,TRPA,AAAD,GSST,OCIO,CHYG,FLUD,XHLF,SBIL,INTM,JMST,BSTS,AVES,BSCQ,PCPI,SWP,ARCM,BSMR,DWWN,EMFI,EMHY,IBTG,ICPI,GMMF,SCUS,RECI,PULS,TBUX,TBIL,IBHM,RMNY,EEMO,WCME,NITE,ETEC,RNTY,HIS,BSMQ,PCLO,PUSH,PMMF,RAVI,MYMF,XEMD,XBIL,FMUB,LQID,NUSB,FUMB,SHYD,PINC,EVSB,HYZD,BSGT,SLWS,AMUN,BCGD,FELG,FLDR,FTSM,UYLD,CLOC,SCHC,HYEM,MYHC,FDN,BSMS,TUSI,CIEI,JPST,CIVG,CALI,FLDB,THYM,GCAL,CGW,VCRM,MYCG,BKUI,USLN,DFAL,RMHY,BOXA,RMCA,CGIB,CCEF,TAXS,MEAR,HYHG,ICSH,LOEV,VUSB,GRW,BLDX,CSSD,AUSM,ZMUN,PLTZ,GMNY,KMID,IBMQ,MMMA,FLMI,VBCD,BSCR,SNTH,LODI,AFGR,BSTU,AMMO,MYMG,BUXX,MYMI,IBDS,FCAL,GMUB,SHYM,OBIL,RWX,TAXF,CSHP,SPYH,OEI,IBTH,XONE,VNLA,IEDI,BSTV,CGSM,VBCE,CSPF,ULST,MYHB,BMOP,DGS,PRAB,EVMT,JABS,LDUR,CBOO,QBIG,VBCF,FLIA,WSDB,ABI,TMSF,YEAR,RW,MINO,JEMB,EUIG,VSDM,AVGB,TAFL,SMB,BKLG,TAFM,SMMU,FLCG,EVSM,MMIN,GWX,FIXP,BREM,SJLD,TXXI,MYHA,GOVM,VABS,SSXU,MYMJ,TAXX,CPAG,VTEL,BCLO,NUMI,CGGR,PZA,HYGH,DANA,CORN,BKMS,IBMU,MYHD,LTAX,CGMU,EVIM,RTAI,CGV,SUB,FSMB,EDGF,DSCO,FECM,SDIV,MNBD,HELS,CANQ,AESR,GTOS,DFCA,QGRO,JULH,MUNA,FMUN,MUNY,FMNY,LMUB,NYF,USTB,GBHI,FLMB,TSCM,MMSD,SPIN,STAX,LMBS,EMDV,BGCG,SJCP,MYCH,VSS,STBF,MYMH,TAFI,SJB,BRSV,SDSI,EWG,TAXM,CLOB,TGRT,AVMU,PCEF,DCRE,DFNM,FIW,FTSD,DABS,TAXI,CRDT,TAXE,PRSD,QBER,INMU,HYD,USDX,VTEB,BSMT,SCMC,VCHY,JPLD,SHM,VSDB,MFSM,MOTI,IBMR,ILS,JHMU,LEND,UJB,PWRD,BIDD,SPSB,HMOP,VTEC,IBIC,SCSB,DUKZ,TAXT,QXQ,STOT,EVPF,TMNS,JBBB,RCLO,PCMM,SPUC,VTIP,PMIO,VCLN,IBDT,HTAB,MUB,QTR,SCLZ,BSCS,SHY,WMSB,NMB,BBSB,ZTWO,ICAP,SPTS,FMB,NYM,HECA,CMF,VTES,JLCO,MUNI,CARY,SPYI,FLRT,INCO,RJVI,METV,SEIX,VGSH,BD,JFLX,MUND,IWMW,CLOZ,PCS,IBTI,EMBD,JMUB,USSH,SMCP,FFTY,TRUU,HBDC,BRIB,TMNL,ONEH,SCHO,JPIE,FDHY,MUNX,SLQD,SCMB,EMB,JPRF,SDCP,JEPI,SHRD,SDFI,CGHY,PSDM,MUST,PMTL,UPW,NBSD,LDRC,LQDH,FPEI,SCIO,CGSD,IGHG,TFI,BSMW,XLRI,HAIL,SLDR,CATF,CAM,XTWO,VSHY,EVSD,BSJY,VTEI,BSSX,NMBL,BSMU,SEUS,BSJS,MMIT,DMX,IBMS,PFLD,JULJ,NXUS,ODTE,WTMY,FLTB,JSCP,NUMG,GHTA,BROL,FSYD,NEAR,VPFF,UTWO,MYHE,SECU,QQA,JMHI,LDRT,FXB,HOLD,CBOY,RSBA,SYFI,TPZ,IBHH,VBCG,KNRG,XITK,PREF,BUCK,KEMQ,IBMV,IGBH,FRNW,MYMK,SLNZ,CPII,MUNB,CAAA,VBCH,RPAR,VCSH,SCHJ,IGSB,MYCI,IBID,JTNY,JUCY,MFSG,SCNM,LSCP,BSJR,NUSA,HYSD,ACGR,BBBS,KHYB,LVLN,BSCT,JAPN,BSV,AVSF,MMCA,FEMB,MMTM,BSMV,DYLD,IBMT,LDSF,TMB,SBND,MINN,FHYS,HYGM,ISTB,JHAC,OSEA,XPAV,IBDU,SUSB,AGZ,XLBI,NFLT,BSR,JCAL,QTPI,QSIG,SXQG,LSTB,EQQQ,IBTJ,RJMI,JTEK,FCBD,TFLR,VBCI,FCSH,AMHI,VGMS,HRSK,YNOT,ELD,BFIX,JMSI,SAMM,EMHC,VRP,XAGG,BNDS,WQTM,EVMO,SHAG,MBND,MULT,EUHY,FIMU,EMLC,AGGA,ZTRE,JHLN,UPAR,HYDW,DEED,SIHY,BHYB,ITM,HFGO,TPFI,PSH,FTHI,IBHG,XTR,PWS,IAGG,OVM,IBHJ,GVI,MUSE,BLST,JPHY,MBSD,DFSD,NPFI,IBCB,FLHY,GEMD,WCPB,BRLN,JPMB,POWR,GTOH,BSCA,MAMB,VMBS,IBHI,MUNC,KDRN,SIFI,USFI,CMBS,HFMF,JMTG,BNDD,JCHI,CEMB,UTRE,YYYM,XBB,APMU,HYBB,EBIZ,FSEC,MSMR,RIZE,XLSI,PRFD,VGHY,WTMU,MHIG,FSIG,SPMB,IIGD,IFGL,LDRH,FLXR,XTRE,HFSI,PQDI,BRHY,WOOD,PGRO,BINC,BESO,FLGR,IZRL,TROT,PGHY,BSJQ,XLEX,EVLN,BSMY,JSI,CCSB,NBFC,ASCI,KLAG,MSSE,TIPA,EMCB,VTP,HARD,CAFX,WEEL,HYBL,IBTR,LVIG,CAML,IQHI,KAMO,ZHOG,GNMA,BAMY,DFGX,RIGS,FTSL,JPIB,BKLN,SPIB,UCON,IBMW,VBCJ,MID,TILC,BSJU,YLD,SRLN,IBTK,QHY,FALN,VWOB,BSCU,SSFI,HYXF,HYG,NJNK,IBHK,BSJT,IBDV,GLIN,NHYB,FOPC,NUHY,MBB,BKMI,BSMZ,BFLX,TSEC,EVHY,TLG,BNDX,IBIM,MYCK,KCAI,MYCJ,BIGY,PYLD,HYFI,IBHL,PIFI,ANGL,AWAY,PKB,AINP,GBND,BUSM,HYLB,JHMB,TABD,JNK,BAGX,IBIE,PFIG,GTOQ,IEI,MSTI,MTGP,LRGE,PBTP,VOX,BCPL,XB,ZCBA,MBBA,PMBS,THYF,SKOR,STIP,BGRN,IFLN,VMSB,OWNS,BNDW,MFSB,TEMD,LDRI,FHIL,FTRB,ISHG,RFCI,IBTL,BYLD,CTAP,IMTB,EUSB,FPXE,GRNB,USHY,CCPX,JBND,IUSB,VTG,BSJX,ZTOP,HAUZ,VCOB,BSCV,JCPI,SHYG,DRSK,SPTI,NISM,SCHR,GOVT,IBD,MUSI,BTOT,BCFN,AHYB,VPLS,GGUS,JHHY,GABF,HCMT,AGGS,SPAB,HCRB,VGIT,FIGB,BND,BAMB,TCHI,BBIB,CGCB,SCYB,BSJW,CRUX,AGG,BNDI,MYCL,JHPI,QTJL,JIII,BAB,EAGG,SMBS,JCPB,OACP,GHYB,SCHZ,UBND,IBMX,BGUS,HYGV,JHCR,IBDW,IBTM,XFIV,NUAG,TCPB,PRIV,CGMS,NUBD,CRXP,GTO,FTBD,DYFI,TSPY,FLBL,VBND,BEMB,BKAG,GENZ,DFCF,UITB,LONZ,EVTR,SPHY,IPAY,GBF,FLCB,BBHY,MILN,FCOM,VUSG,BKHY,NCPB,IBIF,VGVT,VCRB,BRTR,HBRD,GCOR,APCB,IBDX,FXC,XRMI,SCCR,IBHF,TAGG,BNDP,PUI,FBND,PAB,JMBS,IMOM,GIGL,AVIG,DYNB,CPLB,DFGP,DMBS,BOND,GTOC,BBAG,BDBT,BSCW,STPZ,SJNK,SPTB,MAGG,FLGV,TRBF,UFIV,BNDC,HTRB,PTRB,SMTH,EBND,FXE,FISR,AQWA,PHYL,MGOV,HYTR,HISF,FPE,TCAL,TPLS,PCY,ZCBB,AKRE,DIAL,HYDB,PCI,MLDR,HYUP,SHYL,BSJV,TDTT,ABXB,MYCM,OVT,HYS,JHCP,IWLG,PLGI,IBTO,BITA,SPSK,NTAL,DBND,BIV,GPRF,RSIT,SYSB,GHYG,WTPI,QBUL,VNQI,SCHP,BBBI,FPAS,UCRD,IBTQ,CORB,IBTP,XLBX,CGCP,QCLN,IHY,UNIY,DGCB,BKFI,BCEM,HYLS,RTRE,FIXT,XSVN,TGRW,PTBD,IGIB,FIXD,CSEN,IBIH,VCIT,VETZ,ZCBC,IEF,VONG,IDEF,FINA,SCEC,CNQQ,GOEX,LQDB,IBDZ,INVG,FDIS,MYCN,THRV,BSCY,AFIX,IWF,RNMN,IBDY,AIBU,USVN,DUKH,QDVO,FTCB,SECR,TIPX,NBTR,RDFI,HYBX,MISL,AGGY,APLU,VCR,BSCX,CORP,USIG,SPAQ,SCHI,HYBI,NVDD,CCRP,MCH,ZCBE,MILK,FIAX,ARMY,OBND,IPB,USIN,EEE,AAUB,AMAA,WIP,PFFV,SCEP,EART,GIGB,ZCBF,CPLS,PFFR,IGEB,FCOR,LCO,PCEB,ZCBG,IYC,TOTR,IBIG,XFLX,SUSC,DFSB,IBII,KORP,TKNZ,MTBA,IBCA,QIG,XHB,AMGR,BBCB,IWY,IMTG,VTC,FLCO,TIPB,BGIA,SIO,WDEF,CBOL,GOGL,MIG,TIP,WABF,FXED,UDN,SPBO,BSCZ,FPFD,SILJ,THY,IGCB,SIL,FMAG,LRGG,WTBN,SASS,BHDG,OVB,ACTS,FIIG,ISTM,IG,MBBB,IBGC,JLQD,TRUC,PTF,UTEN,FEIG,JOJO,BCIL,LOGO,AOTS,TISC,TDTF,SIOO,FLXN,XLUI,QLTA,NFTY,FFIU,LGOV,ZTEN,IWFG,BWZ,ICLN,TDAQ,VCEB,IWP,BTCK,EYEG,HYGW,XSPI,TOTL,RXI,FIYY,PIO,IBIL,IBIJ,MAGS,LQDI,IBIK,GIND,LCTO,FFF,MYCO,JHCB,AGGH,GTIP,FLXI,FDG,ABLG,STXT,OBOR,IGOV,WEED,CQQQ,GDE,BNDY,FNGG,HYTI,PIZ,LQDM,XCLR,SPIP,DFIP,CCSO,SSS,GOVI,THMR,LQD,TMH,SLVY,XTEN,IGGY,QQQH,JEPQ,MSTQ,IBGM,NDIA,PICB,FXF,JPFP,AMZO,EWX,GXIG,CLIX,ACHX,IBND,TMFM,VGRO,BBB,TIPZ,MOTG,SBAR,UTSL,TBLU,IFV,IVVW,XLC,TPFG,PBD,BRKL,PCHI,EMIF,COAL,ITB,IETC,KQQQ,LFAW,OWN,LLDR,EEMS,SDP,KWH,ONLN,BLTD,PFF,SGDJ,FLIN,IXP,LIAM,TLH,XDAT,RNRG,FFOG,REM,DGIN,FEMS,QQDN,IND,SKHA,BETZ,SPCK,IBGA,QFF,CBOJ,WEBX,INDA,JGRO,IBGB,LDEM,PFXF,EPI,PFFD,BCHP,USX,PCL,SPTL,AUMI,TCHP,ILTB,XPAY,RING,SLVR,AADR,KPRO,KURE,CDIG,SGDM,TFJL,GTND,BWX,INDH,BLV,VGLT,TSYX,SCHQ,TIPC,LIAU,ARKX,DUST,UTWY,UST,SIVR,SMOG,PCFI,CMAG,CBXO,FORH,ESPO,PNQI,TLTI,FGDL,IAUM,LFDR,SPYT,XOVR,UPGR,LQ,SLV,GLDM,LFBE,GDX,XLY,IGLB,NVC,HIGH,SPRX,PFFA,LQDW,SGOL,IBGL,IBGK,LIAE,XC,PCLC,VNIE,AAAU,BBBL,IAU,OUNZ,QQUP,GLD,WDGF,PTNT,FDND,IGV,FMKT,TLT,QQQI,BBLB,HEAL,QQQT,KWT,VCLT,BPAY,LFAO,WX,TAN,GALX,CEF,RSPC,SPLB,UTHY,YALL,FXI,CNRG,CBOA,TUA,FLSA,LKOR,PHYS,MUSQ,FXY,CXSE,CGGG,VNAM,HFGM,SH,XDQQ,NSIG,LFAI,EPRF,QUSA,ISHP,DRKY,XCCC,GDXJ,XXX,BFJL,AVEE,AIHY,LQTI,ERTH,PSK,CLUB,PSLV,LIBD,DALI,UTES,XV,AVGC,EZA,FITZ,RISE,CCOM,LGDS,CBXY,LDDR,PSQ,PRVT,ION,BKF,TLTW,UN,XME,GMEC,LSGR,PFOE,SETM,XTWY,UAE,APHU,PAWZ,DADS,FCUS,BNGE,FESC,IRVH,HYDR,BGGG,OGIG,TRUD,BRF,TOGA,XLKI,SFYI,TIPD,ESBG,XLCI,IHI,MUZ,XW,QNDX,HUMN,AMEM,SNTQ,EZMO,HVAC,ADDS,GLTR,GXPD,DOG,TDAX,FFLS,METL,ODDS,WEBS,CTA,SRVR,FSPC,TDCL,TSEL,ORO,SEF,GXC,DBP,EMEM,QVOL,VOOX,FDRS,PJIO,BWQG,CIR,KSA,LTTI,MBCE,REK,ACGO,CDX,LTPZ,PEX,ARKQ,GOU,MCHI,WUGI,PBW,NERD,UX,AVGU,EMSC,FLCH,IVOL,EFZ,BFOC,KARS,TLTP,FDIG,EDV,MYY,QCLR,KCOP,BUZZ,CNBS,EMXX,IQQ,EUM,SHLD,RFIX,LITZ,EGGQ,TYD,NVOX,GOAU,SVOL,INDY,ZROZ,CTEX,RGTC,GOVZ,NVIT,BOTZ,JDST,WDTE,FCA,HERO,GLCR,PSP,IVEP,XQQI,ARKW,GASZ,AVGG,PCLG,TMGN,QAT,BLOK,UBT,XLYI,VNM,RDTY,IWMY,BITQ,DUOG,QTAC,NVDS,TLTX,CHNL,GPZ,CBTO,TKNQ,TMYY,BCKT,XLYX,IDRV,RTOO,CBXL,AVGX,MAGC,RCTR,KBUF,RONB,ARKK,LBO,RSSX,BITC,XCOM,CTEC,SOCL,CXRN,BUYZ,NFX,JOBC,IVRS,XXV,LTL,PLTM,FBDC,VBNB,QQQY,WEBL,SDS,IAUI,NODE,XIGV,TPRY,AIBD,BFJA,PCSG,CBTY,RIVC,BZQ,PBDC,NUKZ,UFOD,CBOT,CABZ,SMCC,ETHB,FINX,VALG,YCL,BZZ,EMQQ,ACES,LIMI,GDMN,MAGX,CHIQ,SAPH,CARX,KYLD,HYP,QQQU,EZRO,BOTT,INDL,DVXC,GPTY,LNOK,KGLD,OND,FDNI,AIX,ACKY,PGJ,XVUG,SBB,XOVL,QID,BMNZ,SZK,STBQ,SMN,DVXY,RANK,TERC,DXD,XPP,USG,PALL,TECY,IMVP,UCC,CGRO,DRMY,EPV,SMRX,BIOY,AVL,BGEG,MGKX,ARKF,STCE,MNRS,KGRN,GGLS,SKF,CBXJ,MWHS,IBLC,MARS,FEPI,RDTL,EGGS,KWEB,AIPI,BEG,IGLD,SRS,UGL,NYYY,RVNL,QLDY,TNUK,KPHO,CBTL,TMF,SIJ,LIFT,CAS,NVDL,PCR,DAPP,SPXS,WEPN,CBXA,ECNS,TWSC,WSPC,TKNS,GXDW,GDT,VRTL,SPXU,SMRF,GRNI,CEPI,AUAU,WDAF,NVDB,REMX,QCMD,WMTI,TCAN,WISE,JOUL,ANEL,EWV,NVDU,DVDN,JEDI,RACK,FDRX,XEY,ONDC,STLU,WDRN,MJ,LUMA,FIGG,NVDG,NGHT,BTRN,AMZZ,BPRO,EGGY,AETH,SDOW,DIPR,CBRZ,GOLY,NUGT,EUV,RKNG,BKCH,NASA,MUYY,KEEX,CBTA,FAZ,SQQQ,UGLD,TWM,KRYP,YINN,CAMC,KEYX,EVMU,URAN,CBTJ,WANT,MSBT,GLDB,CQTM,YGLD,UBOT,URNM,PUL,LASC,SMHC,DRNZ,VIXY,AMZU,JNUG,NVII,DRV,KSLV,HBTC,BCOR,XBNB,MEMY,RDDC,BOEU,QCMU,RXD,ORBX,CRWC,URA,NLR,BLCK,IBX,SUIS,CRUC,UNX,CHNU,HBMX,HYPG,UUUC,NAIL,MINY,BITS,WDIG,URNJ,SPCI,OBTC,CRY,XAGI,TEST,SPCL,DEFI,EDZ,DUG,WARP,QBF,UPSC,NUKX,NVPS,TYYY,HODL,XLKX,BRRR,BITB,IBIT,BTC,FBTC,ARKB,EZBC,BTCO,BTCW,WATS,GBTC,XSPC,IREZ,ISSB,CWEB,BAVA,BITW,GDLC,BTCU,GAVA,EZPZ,NCIQ,DRIP,TZA,CWY,SRTY,XBCI,TARK,GEVC,XTAI,BPI,FOTO,LFGY,TTXD,MHX,AGQ,APPC,ETH,ETHV,BETH,FETH,SSG,QETH,SOFC,LAZR,DRMP,ETHE,OWNB,MSFL,AMDC,KDEF,UPAL,STSM,BTCI,BEX,FBL,UVXY,MSFX,MSFU,BITY,NEHI,SCO,METU,BETE,ROBN,KBDU,GXRP,HIBS,DKNX,HOOG,HOOX,WDCC,RIOX,TECS,ASMZ,EETH,XSEM,ASTT,BABX,BTGD,APLZ,DISK,UPLT,VSTL,TSYY,BTF,COHX,BULG,WULX,BOIL,NFLU,NFXL,APPX,MSST,UVIX,TACK,PLTU,AMDD,COYY,URAA,MRAL,XDEF,MTYY,SKUU,HYNX,ETHU,SLON,SOLT,HIMZ,BEZ,XRPT,XXRP,IONX,PONX,SNDQ,TXXS,NBIZ,EYES,SOXS"
13,Utilities,42,45,36,48,"ENLT,EIX,BIP,HTO,NJR,CDZIP,AWR,D,PCG,CWT,NWE,EVRG,FTS,SWX,ES,CPK,ETR,EMA,ARTNA,UTL,ED,NWN,BKH,PNW,IDA,AEP,CNP,MSEX,POR,FE,BEP,LNT,AVA,OGE,RGCO,DUK,AEE,WTRG,SO,NEE,BIPC,EXC,AWK,ATO,XEL,YORW,DTE,CMS,EDN,SRE,UGI,SOMN,MDU,NI,TXNM,WEC,KEN,OGS,NGG,MGEE,ELC,PPL,PEG,SR,SPH,PPLC,CTRI,ORA,CWCO,CWEN,TLN,ELLO,VST,BEPC,CEG,NRG,MWH,FRVO,OKLO"
14,Finance,35,55,41,38,"KMPB,OXLCL,GOODO,NEWTG,OXLCZ,PYT,GJS,BANFP,ATLCZ,GJR,OXLCM,DDT,GJT,PMTU,BEPI,BMNP,MITN,AOMN,BPOPM,MFAO,ADAMH,CIMN,OXLCG,FCNCN,TWOD,BEPH,KTH,RWTN,GJP,GJO,KTN"
15,Miscellaneous,33,52,38,36,"ECCU,NMFCZ,SAY,GECCG,GAINI"
16,n/a,31,63,43,34,"NSLRL,TRNZ,BNJ"
17,Consumer durables,28,50,19,27,HOVNP
18,Government,27,58,28,27,"TVC,TVE"
19,Technology services,19,32,0,0,"GOOGN,GOOGM"
20,Commercial services,2,93,11,9,FISV
