Rank,Ticker,Price,DVol,Sector,Industry,RS Percentile,1M_RS Percentile,3M_RS Percentile,6M_RS Percentile,AvgVol,AvgVol10,52WKH,52WKL,MCAP,%_From_52WKH
3,TERN,37.77,1245698.0,Healthcare,Biotechnology,98.0,16.0,98.0,98.0,3426216.0,2320920.0,48.26,1.86,4108140288.0,21.74
15,RAPT,57.69,3548433.0,Healthcare,Biotechnology,98.0,98.0,98.0,98.0,1582175.0,4142380.0,57.86,5.66,1670735872.0,0.29
16,LITE,551.99,6668642.0,Technology,Communication Equipment,98.0,97.0,98.0,98.0,4752006.0,5988580.0,558.38,45.65,39412084736.0,1.14
17,CELC,106.75,626959.0,Healthcare,Biotechnology,98.0,23.0,94.0,97.0,860667.0,996060.0,120.31,7.58,4939457024.0,11.27
20,PRAX,319.57,398100.0,Healthcare,Biotechnology,98.0,81.0,98.0,98.0,770672.0,578850.0,326.91,26.7,8864518144.0,2.25
28,BE,143.03,20077581.0,Industrials,Electrical Equipment & Parts,98.0,97.0,42.0,98.0,13348537.0,12028090.0,176.49,15.15,33828132864.0,18.96
30,COGT,37.08,1695109.0,Healthcare,Biotechnology,98.0,57.0,98.0,98.0,3188432.0,1754700.0,43.73,3.72,5691986944.0,15.21
34,WDC,282.58,9645864.0,Technology,Computer Hardware,98.0,97.0,97.0,98.0,9140573.0,13110220.0,296.5,28.83,96613900288.0,4.69
45,LASR,51.12,1476298.0,Technology,Semiconductors,98.0,97.0,96.0,97.0,890278.0,1552280.0,51.34,6.2,2799498752.0,0.43
50,MU,394.69,36957411.0,Technology,Semiconductors,98.0,90.0,97.0,98.0,31770618.0,41434540.0,455.5,61.54,444227256320.0,13.35
51,PACS,38.68,729302.0,Healthcare,Medical Care Facilities,98.0,16.0,98.0,98.0,1706380.0,946210.0,43.08,7.5,6002266112.0,10.21
53,SATS,111.61,3736250.0,Communication Services,Telecom Services,98.0,29.0,96.0,98.0,5676422.0,6941380.0,132.25,14.9,32129875968.0,15.61
56,APLD,34.95,44242491.0,Technology,Information Technology Services,98.0,92.0,59.0,97.0,31559840.0,35253930.0,42.27,3.31,9771525120.0,17.32
60,ARWR,64.52,23676640.0,Healthcare,Biotechnology,98.0,24.0,96.0,98.0,2727185.0,2255100.0,76.76,9.57,9033489408.0,15.95
62,STX,429.32,3213878.0,Technology,Computer Hardware,98.0,97.0,96.0,98.0,4312009.0,7275790.0,459.41,63.19,93623132160.0,6.55
67,MAZE,45.03,663169.0,Healthcare,Biotechnology,98.0,85.0,95.0,98.0,455536.0,605740.0,49.25,6.71,2166818560.0,8.57
69,INTW,72.41,1106554.0,ETF,ETF,98.0,96.0,95.0,98.0,872329.0,1702920.0,90.32,13.56,,19.83
71,GPCR,74.92,1101113.0,Healthcare,Biotechnology,98.0,87.0,98.0,98.0,1644085.0,954540.0,94.9,13.22,5292286976.0,21.05
76,VICR,159.87,662504.0,Technology,Electronic Components,98.0,89.0,97.0,98.0,486778.0,548100.0,177.0,38.92,7181242368.0,9.68
80,SKYT,30.35,2379769.0,Technology,Semiconductors,98.0,78.0,98.0,97.0,2496655.0,4371550.0,36.27,5.67,1475789696.0,16.32
82,MBX,37.67,289782.0,Healthcare,Biotechnology,98.0,90.0,97.0,98.0,787259.0,820080.0,44.89,4.81,1691469696.0,16.08
88,ASTS,101.79,15753129.0,Technology,Communication Equipment,98.0,92.0,94.0,96.0,14854196.0,15024000.0,129.89,18.22,37397778432.0,21.63
93,TTMI,98.58,2611782.0,Technology,Electronic Components,98.0,97.0,94.0,96.0,2617686.0,4713620.0,111.0,15.77,10186343424.0,11.19
96,VSAT,41.7,2797695.0,Technology,Communication Equipment,97.0,83.0,69.0,92.0,1902752.0,1937750.0,49.68,7.36,5640507392.0,16.06
98,TYRA,31.0,503647.0,Healthcare,Biotechnology,97.0,60.0,98.0,98.0,584055.0,646990.0,32.44,6.42,1654534912.0,4.44
99,ACMR,62.48,1704161.0,Technology,Semiconductor Equipment & Materials,97.0,97.0,98.0,97.0,1389849.0,1650080.0,64.79,16.82,4053480704.0,3.57
100,ATRO,76.58,590485.0,Industrials,Aerospace & Defense,97.0,97.0,96.0,97.0,713670.0,611480.0,81.89,18.28,2728477952.0,6.48
101,TER,300.11,4698437.0,Technology,Semiconductor Equipment & Materials,97.0,97.0,96.0,97.0,3274336.0,4647900.0,301.38,65.77,47739555840.0,0.42
102,TSEM,139.04,2282396.0,Technology,Semiconductors,97.0,88.0,96.0,97.0,1821270.0,2338290.0,142.68,28.64,15634732032.0,2.55
107,CIEN,271.32,3369289.0,Technology,Communication Equipment,97.0,67.0,93.0,98.0,3031436.0,2744140.0,285.97,49.21,38271287296.0,5.12
110,AAUC,31.19,566622.0,Basic Materials,Gold,97.0,96.0,98.0,97.0,922422.0,1796700.0,32.08,8.67,3886397184.0,2.77
114,CENX,52.4,2527370.0,Basic Materials,Aluminum,97.0,94.0,98.0,97.0,2261316.0,2362180.0,52.78,13.05,4891119104.0,0.72
118,SOXL,61.75,107430326.0,ETF,ETF,97.0,92.0,91.0,97.0,89198077.0,81298970.0,71.98,7.23,,14.21
119,AUGO,65.99,702021.0,Basic Materials,Gold,97.0,96.0,98.0,97.0,771614.0,1474240.0,76.8,22.24,5512441856.0,14.08
129,FORM,90.29,2219797.0,Technology,Semiconductor Equipment & Materials,97.0,98.0,96.0,98.0,1137226.0,1880270.0,92.58,22.58,6999018496.0,2.47
133,HUT,53.06,6099473.0,Financial Services,Capital Markets,97.0,13.0,75.0,97.0,6695595.0,6745470.0,66.07,10.04,5732423680.0,19.69
135,STOK,32.4,780931.0,Healthcare,Biotechnology,97.0,13.0,94.0,97.0,857603.0,533100.0,38.69,5.35,1850595840.0,16.26
145,MKSI,242.96,1487425.0,Technology,Scientific & Technical Instruments,97.0,97.0,97.0,97.0,1143972.0,2130400.0,246.35,54.84,16319495168.0,1.38
148,VSCO,62.44,853542.0,Consumer Cyclical,Apparel Retail,97.0,58.0,97.0,98.0,2401604.0,2007870.0,66.89,13.76,5011991552.0,6.65
151,GOLD,55.32,1352434.0,Financial Services,Capital Markets,97.0,98.0,98.0,97.0,649365.0,1145590.0,57.66,19.39,1363327488.0,4.06
155,GRAL,100.07,723442.0,Healthcare,Diagnostics & Research,97.0,20.0,82.0,98.0,936183.0,832550.0,118.84,20.44,3900951040.0,15.79
157,COHR,227.68,6140697.0,Technology,Scientific & Technical Instruments,97.0,92.0,97.0,95.0,4821454.0,6409740.0,241.5,45.58,42685865984.0,5.72
159,SKE,31.43,950154.0,Basic Materials,Other Industrial Metals & Mining,97.0,95.0,98.0,95.0,938534.0,1612720.0,35.69,8.53,3805963520.0,11.94
164,TPC,83.48,514524.0,Industrials,Engineering & Construction,97.0,91.0,86.0,90.0,530340.0,751980.0,84.65,18.34,4403006464.0,1.38
167,LRCX,231.01,13702921.0,Technology,Semiconductor Equipment & Materials,97.0,88.0,93.0,97.0,12079768.0,14089020.0,251.87,56.32,290155462656.0,8.28
168,LQDA,43.04,1497987.0,Healthcare,Biotechnology,97.0,97.0,96.0,96.0,1816401.0,1810180.0,46.67,11.26,3744285440.0,7.78
172,RVMD,97.49,2027258.0,Healthcare,Biotechnology,97.0,17.0,97.0,97.0,3453252.0,3325540.0,124.49,29.17,18846748672.0,21.69
173,LITX,66.43,714316.0,ETF,ETF,97.0,,,,907162.0,907162.0,67.74,27.7,,1.93
174,GGLL,101.75,2474563.0,ETF,ETF,97.0,28.0,84.0,97.0,2054296.0,2109400.0,119.12,23.6,,14.58
175,ALB,163.37,2117205.0,Basic Materials,Specialty Chemicals,97.0,52.0,97.0,97.0,3565626.0,3568370.0,195.69,49.43,19228246016.0,16.52
177,SLVR,64.84,720566.0,ETF,ETF,97.0,81.0,97.0,95.0,586795.0,1303140.0,85.9,19.66,,24.52
178,SLVP,40.41,761422.0,ETF,ETF,97.0,85.0,96.0,96.0,957739.0,1994710.0,50.15,12.4,,19.42
182,LABU,166.47,510472.0,ETF,ETF,97.0,17.0,94.0,97.0,698977.0,606180.0,198.18,32.55,,16.0
183,BVN,36.95,1243051.0,Basic Materials,Other Precious Metals & Mining,97.0,93.0,97.0,95.0,1729688.0,2103190.0,41.29,12.27,9384814592.0,10.51
186,SILJ,32.77,9958544.0,ETF,ETF,97.0,82.0,96.0,95.0,10925519.0,19742730.0,41.1,10.01,,20.27
191,AU,103.95,2391081.0,Basic Materials,Gold,96.0,86.0,96.0,94.0,2917724.0,4236800.0,115.81,28.45,52483137536.0,10.24
201,INTC,50.59,111442568.0,Technology,Semiconductors,96.0,92.0,91.0,97.0,101755265.0,147294580.0,54.6,17.67,252706078720.0,7.34
202,DNTH,50.75,716664.0,Healthcare,Biotechnology,96.0,97.0,95.0,97.0,806888.0,968710.0,57.5,13.37,2193571840.0,11.74
209,FTAI,272.61,1117991.0,Industrials,Rental & Leasing Services,96.0,87.0,97.0,95.0,1371586.0,1707170.0,310.0,81.45,27962404864.0,12.06
214,KRMN,95.36,1484969.0,Industrials,Aerospace & Defense,96.0,64.0,84.0,95.0,1860695.0,1486970.0,118.38,25.02,12618267648.0,19.45
220,SIL,97.39,3661099.0,ETF,ETF,96.0,84.0,96.0,94.0,3732442.0,7436420.0,119.24,33.11,,18.32
232,SPHR,93.21,402624.0,Communication Services,Entertainment,96.0,56.0,89.0,96.0,775985.0,607070.0,101.89,23.89,3355505408.0,8.52
238,GSAT,57.65,516878.0,Communication Services,Telecom Services,96.0,17.0,75.0,96.0,826186.0,630620.0,74.88,17.24,7312235008.0,23.01
239,GFI,53.51,3393865.0,Basic Materials,Gold,96.0,91.0,94.0,94.0,3386073.0,5021040.0,61.64,17.64,48157798400.0,13.19
240,INDV,34.36,1502971.0,Healthcare,Drug Manufacturers - Specialty & Generic,96.0,18.0,63.0,91.0,2340813.0,1650160.0,38.0,7.62,4295839744.0,9.58
243,ERO,30.61,2916467.0,Basic Materials,Copper,96.0,72.0,95.0,96.0,1589737.0,3072360.0,39.8,9.3,3188159232.0,23.09
244,NXT,121.37,1884139.0,Technology,Solar,96.0,97.0,66.0,96.0,2055201.0,2809410.0,131.59,36.06,18252187648.0,7.77
245,GLW,122.16,11014244.0,Technology,Electronic Components,96.0,97.0,94.0,95.0,7099631.0,12477510.0,122.56,37.31,104735145984.0,0.33
247,B,45.16,13196247.0,Basic Materials,Gold,96.0,18.0,93.0,95.0,16403447.0,22156090.0,54.69,16.92,76386156544.0,17.43
248,GCT,40.25,348665.0,Technology,Software - Infrastructure,96.0,17.0,95.0,94.0,637191.0,593980.0,44.71,11.17,1516059136.0,9.98
251,IONS,86.5,1835774.0,Healthcare,Biotechnology,96.0,64.0,80.0,96.0,2456913.0,2100320.0,86.74,23.95,14010785792.0,0.28
253,AMKR,49.36,4180003.0,Technology,Semiconductor Equipment & Materials,96.0,15.0,92.0,96.0,3672649.0,3542580.0,55.17,14.03,12201467904.0,10.53
257,MT,61.3,2073776.0,Basic Materials,Steel,96.0,96.0,97.0,95.0,1457806.0,1977760.0,61.36,23.2,46978637824.0,0.1
263,SCCO,200.04,1789205.0,Basic Materials,Copper,96.0,96.0,95.0,96.0,1741920.0,3379780.0,218.81,72.86,163852763136.0,8.58
265,KLIC,70.92,1729852.0,Technology,Semiconductor Equipment & Materials,96.0,97.0,97.0,96.0,693747.0,875380.0,70.96,26.63,3713583872.0,0.06
266,AAOI,44.3,5381226.0,Technology,Communication Equipment,96.0,90.0,94.0,95.0,5370677.0,6722250.0,49.11,9.71,3024798976.0,9.79
272,PAAS,55.21,9371137.0,Basic Materials,Gold,96.0,62.0,96.0,94.0,7694608.0,13234980.0,69.99,20.55,23301214208.0,21.12
276,TSMX,63.4,981911.0,ETF,ETF,96.0,91.0,88.0,94.0,537554.0,708370.0,65.03,12.15,,2.51
278,AXGN,34.93,816145.0,Healthcare,Medical Devices,96.0,72.0,95.0,97.0,934218.0,1146500.0,36.0,9.22,1752410752.0,2.97
281,UCTT,48.29,617839.0,Technology,Semiconductor Equipment & Materials,96.0,98.0,97.0,96.0,747911.0,1062940.0,48.66,16.66,2191742464.0,0.76
285,KYMR,79.59,589906.0,Healthcare,Biotechnology,95.0,63.0,91.0,95.0,981180.0,794840.0,103.0,19.45,6367121920.0,22.73
287,UGL,70.63,4307937.0,ETF,ETF,95.0,93.0,95.0,95.0,5621131.0,15910260.0,90.4,26.59,,21.87
292,AA,59.16,5768392.0,Basic Materials,Aluminum,95.0,16.0,97.0,95.0,7132191.0,8836070.0,66.95,21.53,15320311808.0,11.64
293,BTU,36.92,3089730.0,Energy,Thermal Coal,95.0,89.0,89.0,96.0,2808614.0,2897860.0,39.95,9.61,4489472000.0,7.58
307,NEM,115.32,9063156.0,Basic Materials,Gold,95.0,74.0,94.0,93.0,9674229.0,12905120.0,134.88,41.23,126673215488.0,14.5
313,GDXJ,128.56,5023415.0,ETF,ETF,95.0,75.0,94.0,94.0,5990098.0,9198590.0,152.24,47.29,,15.55
314,AEIS,273.26,487850.0,Industrials,Electrical Equipment & Parts,95.0,94.0,85.0,95.0,556680.0,1231980.0,277.15,75.01,10314332160.0,1.4
319,EXAS,103.18,4696327.0,Healthcare,Diagnostics & Research,95.0,54.0,95.0,97.0,5279863.0,2174910.0,103.42,38.81,19595624448.0,0.23
321,KGC,32.09,11059876.0,Basic Materials,Gold,95.0,68.0,91.0,93.0,9846375.0,16149390.0,39.11,10.32,39230783488.0,17.95
327,ALGT,114.79,1481327.0,Industrials,Airlines,95.0,95.0,96.0,97.0,414700.0,615300.0,117.25,39.8,2102215424.0,2.1
329,SETM,34.4,326620.0,ETF,ETF,95.0,68.0,94.0,93.0,391734.0,806690.0,40.55,11.48,,15.17
330,COPX,84.68,4763369.0,ETF,ETF,95.0,85.0,94.0,95.0,4130452.0,10606820.0,99.99,30.77,,15.31
332,EGO,39.02,1641283.0,Basic Materials,Gold,95.0,59.0,95.0,93.0,1966609.0,3611860.0,51.16,13.29,7878535168.0,23.73
334,KMT,40.32,2008204.0,Industrials,Tools & Accessories,95.0,97.0,96.0,96.0,983988.0,1552630.0,40.9,17.3,3073737472.0,1.42
342,SIMO,128.06,450157.0,Technology,Semiconductors,95.0,71.0,90.0,94.0,548073.0,857030.0,133.78,37.21,4351948800.0,4.28
350,TEVA,34.69,6381358.0,Healthcare,Drug Manufacturers - Specialty & Generic,95.0,75.0,94.0,96.0,10822373.0,14494070.0,37.35,12.47,40487874560.0,7.12
352,PARR,43.3,630693.0,Energy,Oil & Gas Refining & Marketing,95.0,93.0,79.0,92.0,1211654.0,1002550.0,48.4,11.86,2200275968.0,10.54
354,TIGO,66.95,1700046.0,Communication Services,Telecom Services,95.0,97.0,95.0,91.0,996701.0,979770.0,67.26,25.5,11186339840.0,0.46
356,MIRM,100.47,560799.0,Healthcare,Biotechnology,95.0,94.0,94.0,93.0,768244.0,797360.0,105.74,36.88,6016139776.0,4.98
357,DAN,31.69,863786.0,Consumer Cyclical,Auto Parts,95.0,94.0,95.0,94.0,1821049.0,1434360.0,31.81,10.11,3702576128.0,0.38
359,COPJ,44.87,214515.0,ETF,ETF,95.0,74.0,90.0,94.0,195272.0,574670.0,53.95,16.22,,16.83
361,VERA,43.5,978601.0,Healthcare,Biotechnology,95.0,11.0,97.0,96.0,1456460.0,959840.0,56.05,18.53,3087929600.0,22.39
362,SQM,71.48,1046938.0,Basic Materials,Specialty Chemicals,95.0,18.0,95.0,95.0,1661350.0,1797290.0,86.13,29.36,20417392640.0,17.01
363,WFRD,105.51,1362333.0,Energy,Oil & Gas Equipment & Services,95.0,94.0,95.0,95.0,1017468.0,1400350.0,106.41,36.73,7568236032.0,0.85
365,GH,101.85,1795965.0,Healthcare,Diagnostics & Research,95.0,14.0,62.0,96.0,2142678.0,2130260.0,120.74,34.88,13227709440.0,15.65
366,MOD,215.72,1871992.0,Consumer Cyclical,Auto Parts,95.0,98.0,94.0,92.0,1413186.0,2049160.0,220.41,64.79,11357348864.0,2.13
370,RING,83.1,320760.0,ETF,ETF,95.0,72.0,93.0,93.0,557493.0,935470.0,98.0,31.95,,15.2
374,LUV,54.26,10729401.0,Industrials,Airlines,95.0,96.0,97.0,94.0,9709478.0,12499750.0,54.7,23.82,28496685056.0,0.8
375,MTSI,235.87,2090339.0,Technology,Semiconductors,95.0,97.0,96.0,95.0,1288400.0,1500730.0,240.85,84.0,17692817408.0,2.07
383,GDX,97.39,19627607.0,ETF,ETF,94.0,75.0,93.0,93.0,26362254.0,43916030.0,113.5,38.58,,14.19
387,REMX,86.63,1169401.0,ETF,ETF,94.0,56.0,92.0,93.0,1343854.0,2509230.0,102.4,32.36,,15.4
394,ICHR,32.15,915825.0,Technology,Semiconductor Equipment & Materials,94.0,97.0,98.0,95.0,783603.0,860740.0,35.56,13.12,1105453056.0,9.59
395,EWY,124.71,11954965.0,ETF,ETF,94.0,90.0,90.0,93.0,8290826.0,13360980.0,126.64,48.49,,1.52
397,FIVE,202.61,1285983.0,Consumer Cyclical,Specialty Retail,94.0,51.0,90.0,91.0,1245947.0,950620.0,207.11,52.38,11175376896.0,2.17
399,CHRW,200.59,2445424.0,Industrials,Integrated Freight & Logistics,94.0,93.0,91.0,93.0,1739849.0,2870050.0,203.34,84.68,23697135616.0,1.35
400,PLAB,37.24,1046253.0,Technology,Semiconductor Equipment & Materials,94.0,74.0,96.0,95.0,1387196.0,1077560.0,39.8,16.46,2199567360.0,6.43
404,CGON,50.36,744832.0,Healthcare,Biotechnology,94.0,92.0,91.0,96.0,1078670.0,938120.0,57.88,14.8,4160959232.0,12.99
408,ASML,1413.01,1889884.0,Technology,Semiconductor Equipment & Materials,94.0,89.0,92.0,95.0,1706544.0,2547980.0,1493.48,578.51,548456562688.0,5.39
409,CLS,307.53,3567377.0,Technology,Electronic Components,94.0,47.0,12.0,91.0,3041570.0,4470990.0,363.4,58.05,35476013056.0,15.37
410,CAT,726.2,3339167.0,Industrials,Farm & Heavy Construction Machinery,94.0,94.0,89.0,94.0,2613027.0,3499770.0,727.39,267.3,340209401856.0,0.16
417,WWD,388.5,908577.0,Industrials,Aerospace & Defense,94.0,93.0,95.0,91.0,623172.0,905690.0,392.66,146.82,23308752896.0,1.06
419,COPP,40.1,289073.0,ETF,ETF,94.0,79.0,93.0,94.0,280665.0,889180.0,47.46,15.38,,15.51
420,PPLT,191.3,545771.0,ETF,ETF,94.0,13.0,92.0,91.0,1099788.0,1868200.0,261.62,82.79,,26.88
423,ATI,133.57,2040220.0,Industrials,Metal Fabrication,94.0,83.0,93.0,94.0,1525462.0,2500970.0,137.0,39.23,18410237952.0,2.5
424,RNA,72.9,2052598.0,Healthcare,Biotechnology,94.0,49.0,56.0,91.0,2326931.0,2019300.0,73.06,21.51,11261509632.0,0.22
429,LTM,64.84,1169087.0,Industrials,Airlines,94.0,87.0,95.0,90.0,955650.0,1583760.0,70.42,26.36,18616082432.0,7.92
432,ESTA,68.79,273975.0,Healthcare,Medical Devices,94.0,24.0,76.0,95.0,488995.0,522520.0,78.24,26.56,1998890752.0,12.08
444,CCJ,113.63,3993180.0,Energy,Uranium,94.0,81.0,83.0,90.0,4279872.0,5902390.0,135.24,35.0,49616764928.0,15.98
445,PRIM,160.54,815880.0,Industrials,Engineering & Construction,94.0,95.0,86.0,89.0,958054.0,636210.0,161.07,49.1,8674353152.0,0.33
446,XME,122.5,3535134.0,ETF,ETF,94.0,76.0,92.0,91.0,2783193.0,4190120.0,135.68,45.89,,9.71
450,FTI,59.06,3842105.0,Energy,Oil & Gas Equipment & Services,94.0,93.0,93.0,93.0,3082616.0,3631110.0,59.48,22.12,24274634752.0,0.71
452,ICOP,51.76,264647.0,ETF,ETF,94.0,83.0,93.0,93.0,274618.0,794020.0,60.08,21.1,,13.85
457,FN,503.99,1031675.0,Technology,Electronic Components,94.0,75.0,53.0,90.0,654550.0,955980.0,531.22,148.55,18056554496.0,5.13
467,ALGM,41.57,3465422.0,Technology,Semiconductors,94.0,97.0,95.0,86.0,2276873.0,3945090.0,41.78,16.38,7702541312.0,0.5
469,AMAT,322.51,8216823.0,Technology,Semiconductor Equipment & Materials,94.0,83.0,92.0,94.0,7691839.0,8597500.0,344.6,123.74,255983124480.0,6.41
470,TPR,152.1,2442816.0,Consumer Cyclical,Luxury Goods,94.0,90.0,93.0,88.0,2820965.0,2730870.0,153.13,58.39,31127230464.0,0.67
475,ENS,172.22,1017753.0,Industrials,Electrical Equipment & Parts,93.0,86.0,92.0,94.0,495436.0,670910.0,194.77,76.57,6356491264.0,11.58
476,AMTM,37.53,3638563.0,Industrials,Specialty Business Services,93.0,93.0,97.0,89.0,2299939.0,1996790.0,38.1,16.01,9146513408.0,1.5
477,CIB,78.36,281897.0,Financial Services,Banks - Regional,93.0,89.0,91.0,93.0,363811.0,514290.0,86.31,35.44,20427708416.0,9.21
480,DOCN,62.92,2703450.0,Technology,Software - Infrastructure,93.0,91.0,93.0,94.0,2269877.0,4174870.0,64.09,25.45,5756685312.0,1.83
482,DPST,143.51,462425.0,ETF,ETF,93.0,97.0,97.0,94.0,528709.0,525580.0,145.53,46.0,,1.39
495,SEDG,35.92,3001520.0,Technology,Solar,93.0,91.0,12.0,90.0,3196480.0,2823000.0,48.6,11.0,2148017664.0,26.09
501,SLAB,206.5,1712889.0,Technology,Semiconductors,93.0,98.0,96.0,93.0,462942.0,1387320.0,208.84,82.82,6805399040.0,1.12
505,SBIT,59.37,5168759.0,ETF,ETF,93.0,98.0,97.0,96.0,2792649.0,3531150.0,76.55,23.6,,22.44
515,SMTC,86.5,1294498.0,Technology,Semiconductors,93.0,88.0,89.0,93.0,1652570.0,1683760.0,90.09,24.05,8004715008.0,3.98
516,W,92.6,3715948.0,Consumer Cyclical,Internet Retail,93.0,8.0,15.0,80.0,3045032.0,3365670.0,119.98,20.41,12069306368.0,22.82
521,GEV,779.35,2670242.0,Industrials,Specialty Industrial Machinery,93.0,91.0,93.0,75.0,3349629.0,3910940.0,795.5,252.25,211453591552.0,2.03
525,LMND,74.26,1828581.0,Financial Services,Insurance - Property & Casualty,93.0,13.0,17.0,91.0,2497793.0,2803230.0,99.9,24.31,5549526016.0,25.67
531,CMC,82.99,491382.0,Basic Materials,Steel,93.0,87.0,94.0,91.0,1134534.0,1223130.0,84.12,37.92,9215868928.0,1.34
533,XPO,203.61,4334753.0,Industrials,Trucking,93.0,98.0,95.0,93.0,1539511.0,2490550.0,204.13,85.06,23900610560.0,0.25
534,PTGX,84.49,801766.0,Healthcare,Biotechnology,93.0,59.0,66.0,93.0,905506.0,822890.0,96.54,33.7,5281948160.0,12.48
535,ONTO,208.5,828254.0,Technology,Semiconductor Equipment & Materials,93.0,87.0,96.0,96.0,824240.0,870660.0,227.07,85.88,10352636928.0,8.18
539,RGLD,265.77,1309328.0,Basic Materials,Gold,93.0,81.0,96.0,92.0,969080.0,1097980.0,306.25,142.95,22430472192.0,13.22
541,HP,35.97,1697052.0,Energy,Oil & Gas Drilling,93.0,92.0,92.0,96.0,1677972.0,2254230.0,36.73,14.65,3576850944.0,2.07
550,DK,35.53,1428328.0,Energy,Oil & Gas Refining & Marketing,93.0,94.0,15.0,93.0,1469744.0,1427500.0,43.5,11.03,2137214976.0,18.32
555,KLAC,1442.95,1552944.0,Technology,Semiconductor Equipment & Materials,93.0,72.0,82.0,92.0,1082434.0,1537410.0,1693.35,551.33,189592567808.0,14.79
557,MRNA,41.01,8325123.0,Healthcare,Biotechnology,93.0,88.0,97.0,91.0,11634252.0,12447140.0,55.2,22.28,16023985152.0,25.71
562,COCO,58.96,693836.0,Consumer Defensive,Beverages - Non-Alcoholic,93.0,80.0,94.0,94.0,729691.0,742240.0,59.05,25.79,3357669120.0,0.15
567,HII,397.77,671495.0,Industrials,Aerospace & Defense,92.0,85.0,90.0,90.0,536737.0,630140.0,436.14,159.41,15609102336.0,8.8
568,WPM,135.98,1713963.0,Basic Materials,Gold,92.0,83.0,94.0,86.0,2136177.0,3695200.0,160.36,66.01,61819129856.0,15.2
571,SEI,51.58,3033164.0,Energy,Oil & Gas Equipment & Services,92.0,51.0,20.0,93.0,3065608.0,2974650.0,59.8,14.27,3702491392.0,13.75
575,BAP,353.3,702283.0,Financial Services,Banks - Regional,92.0,93.0,92.0,89.0,381355.0,662940.0,380.2,165.51,28040120320.0,7.08
576,MPWR,1229.82,1534371.0,Technology,Semiconductors,92.0,96.0,86.0,91.0,680888.0,767130.0,1250.0,438.86,58916982784.0,1.61
578,ARCB,111.96,306613.0,Industrials,Trucking,92.0,97.0,96.0,91.0,394001.0,515910.0,112.92,55.19,2520334080.0,0.85
579,FCX,60.67,20079601.0,Basic Materials,Copper,92.0,81.0,95.0,90.0,18895713.0,29449140.0,69.44,27.66,87117905920.0,12.63
580,HCC,89.05,974825.0,Basic Materials,Coking Coal,92.0,21.0,92.0,90.0,820852.0,1078010.0,105.34,38.0,4681372672.0,15.46
582,BTSG,39.68,1151917.0,Healthcare,Health Information Services,92.0,45.0,85.0,95.0,1852518.0,1610510.0,41.26,15.48,7156379648.0,3.83
584,DG,146.65,1416706.0,Consumer Defensive,Discount Stores,92.0,57.0,95.0,81.0,3681008.0,2803530.0,154.75,70.01,32280430592.0,5.23
592,GOOGL,322.86,55625329.0,Communication Services,Internet Content & Information,92.0,41.0,76.0,93.0,36950268.0,40014360.0,349.0,140.53,3905637318656.0,7.49
598,CEF,49.02,1386948.0,ETF,ETF,92.0,52.0,91.0,91.0,1843508.0,4402730.0,61.38,25.82,9494144000.0,20.14
605,FDX,369.23,1808742.0,Industrials,Integrated Freight & Logistics,92.0,93.0,94.0,93.0,1822057.0,2246720.0,370.86,194.3,87121838080.0,0.44
607,GOOG,323.1,33668788.0,Communication Services,Internet Content & Information,92.0,40.0,76.0,92.0,23719393.0,25469540.0,350.15,142.66,3908540825600.0,7.73
608,LIT,71.09,778681.0,ETF,ETF,92.0,60.0,81.0,93.0,394557.0,636790.0,75.86,31.44,,6.29
609,AXSM,182.55,651623.0,Healthcare,Biotechnology,92.0,75.0,92.0,94.0,655165.0,583860.0,191.5,86.99,9202827264.0,4.67
611,MTZ,259.16,999093.0,Industrials,Engineering & Construction,92.0,82.0,90.0,88.0,826200.0,802720.0,260.25,99.7,20449785856.0,0.42
616,WCC,315.27,777926.0,Industrials,Industrial Distribution,92.0,93.0,86.0,91.0,504306.0,507150.0,318.75,125.21,15341893632.0,1.09
617,USD,55.66,1527524.0,ETF,ETF,92.0,29.0,20.0,80.0,860559.0,912760.0,64.89,12.56,,14.22
620,SRRK,47.62,1160489.0,Healthcare,Biotechnology,92.0,77.0,97.0,91.0,1423478.0,873220.0,49.82,22.71,4857594880.0,4.42
622,GM,84.24,6413880.0,Consumer Cyclical,Auto Manufacturers,92.0,60.0,86.0,92.0,9036427.0,10079180.0,87.62,41.6,78584233984.0,3.86
626,XMTR,66.03,1099705.0,Industrials,Industrial Distribution,92.0,20.0,58.0,91.0,715018.0,835410.0,69.26,18.59,3383882752.0,4.66
628,CMI,577.73,2332111.0,Industrials,Specialty Industrial Machinery,92.0,76.0,91.0,90.0,929280.0,1149030.0,617.98,260.02,79805456384.0,6.51
640,UFO,43.97,384484.0,ETF,ETF,92.0,67.0,86.0,89.0,372072.0,733490.0,48.66,18.4,,9.64
649,OR,40.03,1243992.0,Basic Materials,Gold,92.0,65.0,89.0,84.0,1358916.0,1705910.0,47.75,17.55,7525074944.0,16.17
651,BBIO,68.05,4564693.0,Healthcare,Biotechnology,92.0,13.0,66.0,90.0,2392293.0,2752430.0,81.33,28.32,13040217088.0,16.33
652,AEM,196.6,2565302.0,Basic Materials,Gold,92.0,78.0,86.0,89.0,2650803.0,3806420.0,225.0,92.11,98702360576.0,12.62
653,RRX,211.8,3015420.0,Industrials,Specialty Industrial Machinery,92.0,97.0,96.0,90.0,870447.0,1403560.0,213.19,90.56,14061332480.0,0.65
656,HROW,47.32,488140.0,Healthcare,Drug Manufacturers - Specialty & Generic,92.0,14.0,92.0,88.0,628454.0,609550.0,54.85,20.85,1752612224.0,13.73
662,GDS,46.48,3460816.0,Technology,Information Technology Services,91.0,93.0,92.0,79.0,1964937.0,2974000.0,52.5,16.93,9313551360.0,11.47
666,TWST,49.24,1959547.0,Healthcare,Diagnostics & Research,91.0,97.0,96.0,95.0,1496065.0,1616710.0,54.26,23.3,3018988288.0,9.25
672,TAN,57.74,967122.0,ETF,ETF,91.0,88.0,75.0,92.0,1112381.0,1889710.0,59.4,25.53,,2.79
673,OSK,171.71,1064357.0,Industrials,Farm & Heavy Construction Machinery,91.0,94.0,93.0,81.0,732422.0,1145490.0,172.93,76.82,10989494272.0,0.71
678,LSCC,86.41,1651173.0,Technology,Semiconductors,91.0,64.0,93.0,88.0,1844380.0,1925400.0,89.92,34.69,11829146624.0,3.9
682,TSM,348.85,15829736.0,Technology,Semiconductors,91.0,81.0,83.0,89.0,12708213.0,12877520.0,351.33,134.25,1809312251904.0,0.71
684,ATMU,61.46,652339.0,Consumer Cyclical,Auto Parts,91.0,90.0,91.0,92.0,670647.0,611750.0,62.62,30.94,5049060864.0,1.85
698,ULTA,690.37,430979.0,Consumer Cyclical,Specialty Retail,91.0,69.0,91.0,86.0,669737.0,588390.0,695.34,309.01,30955061248.0,0.71
702,PICK,59.28,480216.0,ETF,ETF,91.0,80.0,91.0,90.0,829755.0,1821620.0,63.8,29.96,,7.08
703,BC,87.88,619792.0,Consumer Cyclical,Recreational Vehicles,91.0,63.0,91.0,91.0,885870.0,1105900.0,89.61,41.0,5741270528.0,1.93
712,PBW,34.24,664241.0,ETF,ETF,91.0,61.0,54.0,89.0,899437.0,920410.0,36.58,13.19,,6.4
717,GSK,60.23,7290188.0,Healthcare,Drug Manufacturers - General,91.0,92.0,90.0,92.0,4520678.0,6637150.0,60.37,32.38,120860057600.0,0.23
718,STLD,202.39,1254938.0,Basic Materials,Steel,91.0,93.0,91.0,93.0,1293263.0,1657940.0,202.84,103.17,29792737280.0,0.22
719,COHU,30.85,800330.0,Technology,Semiconductor Equipment & Materials,91.0,89.0,89.0,92.0,625339.0,772590.0,31.0,12.57,1440467200.0,0.48
722,HAL,34.98,9335629.0,Energy,Oil & Gas Equipment & Services,91.0,89.0,90.0,93.0,12455532.0,14468440.0,35.55,18.72,29824020480.0,1.6
723,AGI,40.17,3219802.0,Basic Materials,Gold,91.0,22.0,90.0,91.0,3192801.0,6065350.0,45.18,21.96,16864739328.0,11.09
725,CRS,365.11,1290716.0,Industrials,Metal Fabrication,91.0,76.0,79.0,88.0,914655.0,1249290.0,370.42,138.61,18189350912.0,1.43
733,BIDU,145.93,2980032.0,Communication Services,Internet Content & Information,91.0,28.0,83.0,93.0,3287145.0,2477340.0,165.3,74.71,50872012800.0,11.72
734,DAR,48.2,1697231.0,Consumer Defensive,Packaged Foods,91.0,97.0,95.0,91.0,2217168.0,2493300.0,48.93,26.0,7624569344.0,1.49
737,IPGP,109.61,521731.0,Technology,Semiconductor Equipment & Materials,91.0,98.0,87.0,89.0,337578.0,590330.0,110.0,48.59,4627725312.0,0.35
738,JBHT,227.91,995207.0,Industrials,Integrated Freight & Logistics,91.0,85.0,92.0,92.0,1162052.0,1266210.0,229.44,122.79,21701212160.0,0.67
740,TFPM,34.25,433511.0,Basic Materials,Other Precious Metals & Mining,91.0,24.0,86.0,82.0,631811.0,844290.0,40.29,16.26,7097527808.0,14.99
741,URNM,68.6,1021331.0,ETF,ETF,91.0,78.0,84.0,89.0,881734.0,1887640.0,84.95,27.6,,19.25
743,TNA,55.52,10593788.0,ETF,ETF,91.0,81.0,85.0,92.0,10941621.0,10431380.0,60.44,18.01,,8.14
746,CFG,68.12,4290585.0,Financial Services,Banks - Regional,91.0,85.0,91.0,89.0,4912334.0,5308820.0,68.36,32.6,29256599552.0,0.35
748,RIO,93.41,3717202.0,Basic Materials,Other Industrial Metals & Mining,91.0,82.0,92.0,91.0,3601134.0,5022430.0,98.6,51.67,186460618752.0,5.26
751,PALL,154.89,459797.0,ETF,ETF,91.0,20.0,84.0,89.0,634700.0,1134900.0,197.41,82.39,,21.54
755,LGN,48.87,1024563.0,Industrials,Engineering & Construction,90.0,52.0,88.0,,1217765.0,1202500.0,52.73,26.96,5272515584.0,7.32
756,VIK,76.99,3087087.0,Consumer Cyclical,Travel Services,90.0,66.0,92.0,86.0,2420144.0,2690670.0,77.13,31.79,34153555968.0,0.18
758,URTY,64.84,1762018.0,ETF,ETF,90.0,81.0,85.0,92.0,1445836.0,1719860.0,70.61,21.15,,8.17
759,MRK,121.93,11000530.0,Healthcare,Drug Manufacturers - General,90.0,86.0,94.0,91.0,14676431.0,15817090.0,122.66,73.31,304554704896.0,0.6
760,KNSA,43.09,306012.0,Healthcare,Drug Manufacturers - Specialty & Generic,90.0,54.0,69.0,83.0,490719.0,553760.0,45.5,18.12,3266039296.0,5.3
765,OII,32.19,1301627.0,Energy,Oil & Gas Equipment & Services,90.0,95.0,93.0,90.0,906781.0,1314850.0,32.34,15.46,3225682432.0,0.46
769,BIIB,201.18,3403160.0,Healthcare,Drug Manufacturers - General,90.0,77.0,91.0,92.0,1951859.0,1448760.0,202.41,110.04,29513562112.0,0.61
774,URNJ,31.52,807695.0,ETF,ETF,90.0,68.0,82.0,89.0,442491.0,1080440.0,40.81,11.52,,22.76
776,HTHT,51.93,3437230.0,Consumer Cyclical,Lodging,90.0,65.0,89.0,92.0,1589537.0,1416610.0,52.02,30.2,15977205760.0,0.17
778,ADI,320.45,6755844.0,Technology,Semiconductors,90.0,81.0,92.0,89.0,3944752.0,4216960.0,327.7,158.65,156909666304.0,2.21
780,CUK,33.69,2764376.0,Consumer Cyclical,Travel Services,90.0,71.0,93.0,80.0,2183629.0,3146840.0,33.72,13.65,44547043328.0,0.09
782,BCH,44.44,336800.0,Financial Services,Banks - Regional,90.0,85.0,87.0,91.0,317754.0,507050.0,46.77,23.66,22445993984.0,4.98
783,FLS,85.46,2786102.0,Industrials,Specialty Industrial Machinery,90.0,92.0,86.0,92.0,1290380.0,1309220.0,86.29,37.34,11176649728.0,0.96
793,APGE,62.24,1291663.0,Healthcare,Biotechnology,90.0,5.0,74.0,94.0,953614.0,1307070.0,84.56,26.2,4252251392.0,26.4
794,ENVA,161.1,243882.0,Financial Services,Credit Services,90.0,25.0,88.0,91.0,304936.0,547570.0,176.68,79.41,3983164672.0,8.82
796,DCI,109.03,434082.0,Industrials,Specialty Industrial Machinery,90.0,93.0,88.0,90.0,725411.0,859150.0,109.88,57.45,12629105664.0,0.77
799,HSBC,89.29,1941717.0,Financial Services,Banks - Diversified,90.0,84.0,88.0,88.0,1809849.0,2360410.0,90.49,45.66,306549260288.0,1.33
801,YETI,47.15,553715.0,Consumer Cyclical,Leisure,90.0,28.0,94.0,89.0,1841457.0,1158010.0,51.29,26.61,3829722368.0,8.07
809,TECK,55.01,4053242.0,Basic Materials,Other Industrial Metals & Mining,90.0,83.0,91.0,93.0,4377949.0,5782380.0,60.71,28.32,26927800320.0,9.39
812,LEA,140.95,589244.0,Consumer Cyclical,Auto Parts,90.0,90.0,90.0,89.0,617101.0,697970.0,141.21,73.85,7499399168.0,0.18
813,IMO,112.68,713090.0,Energy,Oil & Gas Integrated,90.0,96.0,89.0,84.0,630024.0,827980.0,112.73,58.76,56159813632.0,0.04
816,ORA,123.15,510164.0,Utilities,Utilities - Renewable,90.0,71.0,65.0,88.0,584372.0,614290.0,132.58,62.27,7485277696.0,7.11
820,NUE,192.84,1670578.0,Basic Materials,Steel,90.0,91.0,91.0,87.0,1638813.0,2353060.0,193.09,97.59,44133101568.0,0.13
824,ENTG,122.37,4444599.0,Technology,Semiconductor Equipment & Materials,90.0,95.0,93.0,93.0,2977563.0,3629750.0,124.0,60.75,18551291904.0,1.31
828,BILI,31.53,2067844.0,Communication Services,Internet Content & Information,90.0,91.0,69.0,86.0,2566280.0,2696570.0,36.4,14.47,12864030720.0,13.38
830,NE,39.2,1803690.0,Energy,Oil & Gas Drilling,90.0,97.0,93.0,90.0,1715970.0,2187720.0,39.37,17.4,6226791424.0,0.43
835,OIH,367.11,874545.0,ETF,ETF,90.0,93.0,90.0,91.0,539018.0,836010.0,369.04,191.21,,0.52
838,FRDM,58.98,392883.0,ETF,ETF,90.0,79.0,86.0,88.0,387644.0,835840.0,60.3,30.68,,2.19
839,RMBS,107.1,3367182.0,Technology,Semiconductors,90.0,91.0,25.0,90.0,2147498.0,4494580.0,135.75,40.12,11529329664.0,21.1
840,VRT,195.58,5896666.0,Industrials,Electrical Equipment & Parts,90.0,88.0,50.0,88.0,6182062.0,4895400.0,202.45,53.6,74777722880.0,3.39
843,SOXX,348.51,8693323.0,ETF,ETF,90.0,76.0,77.0,89.0,6443604.0,7835660.0,363.8,148.31,,4.2
846,GLDM,98.06,9369827.0,ETF,ETF,90.0,84.0,87.0,89.0,10881536.0,31270490.0,109.74,56.1,,10.64
848,IAUM,49.36,6623038.0,ETF,ETF,90.0,84.0,87.0,89.0,5920614.0,21196410.0,55.27,28.25,,10.69
850,OUNZ,47.67,1204575.0,ETF,ETF,89.0,84.0,87.0,89.0,1915537.0,5705260.0,53.35,27.32,,10.65
853,SGOL,47.18,5629314.0,ETF,ETF,89.0,84.0,87.0,89.0,7763693.0,19500460.0,52.84,27.03,,10.71
854,AAAU,48.87,2344691.0,ETF,ETF,89.0,84.0,87.0,89.0,3985752.0,12825750.0,54.71,27.99,,10.67
855,IAU,93.24,11562871.0,ETF,ETF,89.0,84.0,87.0,89.0,14255754.0,36672140.0,104.4,53.44,,10.69
856,BAR,48.78,609809.0,,,89.0,84.0,87.0,89.0,1467573.0,4746860.0,54.62,27.95,,10.69
858,GLD,455.46,12451261.0,ETF,ETF,89.0,84.0,87.0,89.0,17099796.0,39654450.0,509.7,261.25,,10.64
862,URA,52.16,5872345.0,ETF,ETF,89.0,67.0,55.0,82.0,5667213.0,9020070.0,62.28,19.5,,16.25
864,RUSHA,72.64,428564.0,Consumer Cyclical,Auto & Truck Dealerships,89.0,96.0,96.0,84.0,566501.0,516620.0,73.76,45.67,5730463232.0,1.52
866,DD,46.73,2940043.0,Basic Materials,Specialty Chemicals,89.0,78.0,82.0,92.0,5112216.0,4397780.0,48.03,22.5,19578716160.0,2.71
876,BWA,52.23,1528776.0,Consumer Cyclical,Auto Parts,89.0,82.0,80.0,86.0,2879388.0,2014820.0,52.27,24.4,11302200320.0,0.08
879,VLO,202.68,2837273.0,Energy,Oil & Gas Refining & Marketing,89.0,83.0,83.0,91.0,3261639.0,3633270.0,203.13,99.0,62962892800.0,0.22
883,ECH,45.24,1155532.0,ETF,ETF,89.0,74.0,89.0,90.0,943478.0,1260990.0,47.85,26.32,,5.45
884,SOXQ,63.34,1753258.0,ETF,ETF,89.0,73.0,73.0,88.0,868832.0,1359940.0,66.0,26.71,,4.03
885,SLB,50.7,13892387.0,Energy,Oil & Gas Equipment & Services,89.0,93.0,93.0,91.0,17429131.0,25135400.0,51.67,31.11,75813306368.0,1.88
894,SMH,401.65,13332298.0,ETF,ETF,89.0,65.0,73.0,87.0,7585467.0,8935490.0,420.6,170.11,,4.51
902,JNJ,239.99,7132142.0,Healthcare,Drug Manufacturers - General,89.0,90.0,90.0,87.0,9046652.0,8810950.0,240.94,141.5,578206760960.0,0.39
903,CFLT,30.57,41717575.0,Technology,Software - Infrastructure,89.0,53.0,92.0,94.0,14165916.0,23488920.0,37.9,15.64,10848940032.0,19.34
909,C,122.69,13569914.0,Financial Services,Banks - Diversified,89.0,52.0,85.0,85.0,13675998.0,13229300.0,124.17,55.51,219525070848.0,1.19
913,TKR,106.04,1139080.0,Industrials,Tools & Accessories,89.0,93.0,92.0,88.0,725495.0,1088610.0,106.99,56.2,7386278400.0,0.89
915,VSEC,199.99,764709.0,Industrials,Aerospace & Defense,89.0,58.0,76.0,82.0,358600.0,862530.0,225.0,91.55,5595721728.0,11.12
916,INSW,61.06,323068.0,Energy,Oil & Gas Midstream,89.0,87.0,85.0,88.0,524995.0,532430.0,61.25,27.2,3016030208.0,0.31
917,PHYS,37.31,10032774.0,ETF,ETF,89.0,82.0,87.0,88.0,7088301.0,19257100.0,42.07,21.96,17922658304.0,11.31
918,PII,69.33,446169.0,Consumer Cyclical,Recreational Vehicles,89.0,39.0,59.0,85.0,916286.0,1394140.0,75.25,30.92,3899696896.0,7.87
921,MRCY,82.2,614743.0,Industrials,Aerospace & Defense,89.0,21.0,57.0,91.0,704377.0,873000.0,103.84,39.89,4933202432.0,20.84
922,CAH,226.32,1892638.0,Healthcare,Medical Distribution,89.0,81.0,79.0,90.0,2090057.0,2064690.0,230.81,120.72,53772509184.0,1.95
925,LAUR,35.01,593844.0,Consumer Defensive,Education & Training Services,89.0,53.0,77.0,88.0,1117311.0,1071530.0,36.34,17.91,5159394304.0,3.66
926,KGS,49.91,3010360.0,Energy,Oil & Gas Equipment & Services,89.0,97.0,95.0,91.0,1621962.0,1621920.0,50.34,29.25,4276481280.0,0.85
928,APG,44.45,2467136.0,Industrials,Engineering & Construction,89.0,79.0,86.0,82.0,2434877.0,1910860.0,44.6,20.5,19163643904.0,0.34
933,PUK,32.63,750995.0,Financial Services,Insurance - Life,89.0,61.0,78.0,80.0,832945.0,1108130.0,34.03,16.45,41172537344.0,4.11
935,BG,115.86,1624032.0,Consumer Defensive,Farm Products,89.0,95.0,85.0,87.0,1539934.0,1772440.0,121.64,67.81,22402809856.0,4.75
938,WMS,175.38,952618.0,Industrials,Building Products & Equipment,89.0,92.0,90.0,84.0,637257.0,764560.0,178.41,93.92,13638336512.0,1.7
940,CYTK,62.34,1596216.0,Healthcare,Biotechnology,89.0,18.0,58.0,94.0,1914665.0,1586450.0,70.98,29.31,7621995520.0,12.17
943,LHX,349.66,791671.0,Industrials,Aerospace & Defense,89.0,87.0,85.0,81.0,1380249.0,1592250.0,369.59,193.09,65419567104.0,5.39
948,TBBB,39.06,709901.0,Consumer Defensive,Discount Stores,88.0,87.0,94.0,91.0,703018.0,968330.0,39.39,23.0,4482791424.0,0.84
951,SU,53.8,5424980.0,Energy,Oil & Gas Integrated,88.0,92.0,90.0,87.0,4749150.0,5480270.0,55.3,30.79,65072291840.0,2.71
964,GILD,152.5,8105995.0,Healthcare,Drug Manufacturers - General,88.0,94.0,87.0,87.0,7255822.0,8805120.0,153.13,93.37,189223059456.0,0.41
966,ECG,97.29,429619.0,Industrials,Engineering & Construction,88.0,82.0,55.0,86.0,618547.0,643690.0,103.08,31.38,4962429952.0,5.62
968,MNST,82.54,4289104.0,Consumer Defensive,Beverages - Non-Alcoholic,88.0,79.0,85.0,86.0,5775885.0,6783260.0,83.24,46.19,80643325952.0,0.84
969,TD,96.68,1502316.0,Financial Services,Banks - Diversified,88.0,60.0,84.0,84.0,2293498.0,2370520.0,96.73,54.87,162849783808.0,0.05
976,ING,30.06,2052484.0,Financial Services,Banks - Diversified,88.0,76.0,82.0,80.0,2013803.0,3246910.0,31.18,16.27,87995719680.0,3.59
977,HSY,231.53,2330101.0,Consumer Defensive,Confectioners,88.0,96.0,92.0,78.0,1764204.0,2269280.0,234.43,150.04,46950838272.0,1.24
979,HXL,86.0,492970.0,Industrials,Aerospace & Defense,88.0,79.0,87.0,88.0,1212268.0,1647270.0,88.0,45.28,6846105088.0,2.27
982,ON,65.2,12648914.0,Technology,Semiconductors,88.0,69.0,90.0,86.0,9036388.0,9857840.0,66.86,31.04,26665103360.0,2.48
984,GVA,130.18,490970.0,Industrials,Engineering & Construction,88.0,80.0,89.0,82.0,677275.0,536480.0,131.16,69.08,5700081664.0,0.75
985,NVT,112.64,4504027.0,Industrials,Electrical Equipment & Parts,88.0,71.0,32.0,81.0,2159032.0,2260980.0,120.85,41.7,18175539200.0,6.79
992,ARW,158.6,2490197.0,Technology,Electronics & Computer Distribution,88.0,98.0,94.0,85.0,526701.0,820640.0,160.63,86.5,8169701376.0,1.26
993,BKV,30.31,452463.0,Energy,Oil & Gas E&P,88.0,90.0,87.0,91.0,877767.0,697340.0,30.83,15.0,3100341248.0,1.69
996,PEN,341.02,1005302.0,Healthcare,Medical Devices,88.0,78.0,95.0,88.0,923157.0,1211340.0,362.41,221.26,13378102272.0,5.9
999,NSSC,43.65,543641.0,Industrials,Security & Protection Services,88.0,72.0,24.0,90.0,380401.0,549410.0,48.12,19.0,1556747776.0,9.29
1001,PTCT,74.68,1010377.0,Healthcare,Biotechnology,88.0,20.0,55.0,90.0,1607626.0,1112120.0,87.5,35.95,5995930624.0,14.65
1002,LIVN,66.56,563948.0,Healthcare,Medical Devices,88.0,60.0,91.0,86.0,610581.0,689120.0,67.92,32.48,3634543872.0,2.0
1003,DINO,58.59,1969366.0,Energy,Oil & Gas Refining & Marketing,88.0,94.0,70.0,85.0,2597598.0,2509640.0,58.76,24.66,10961049600.0,0.29
1007,TEX,62.74,2346772.0,Industrials,Farm & Heavy Construction Machinery,88.0,80.0,92.0,83.0,1480377.0,3126830.0,66.18,31.53,7118697472.0,5.2
1008,JAZZ,165.5,692716.0,Healthcare,Biotechnology,88.0,22.0,85.0,90.0,1211185.0,764070.0,182.99,95.49,10056627200.0,9.56
1010,AIRR,118.5,993881.0,ETF,ETF,88.0,87.0,84.0,85.0,712068.0,736840.0,118.8,59.23,,0.25
1014,CVNA,403.67,3305641.0,Consumer Cyclical,Auto & Truck Dealerships,88.0,11.0,90.0,64.0,4133739.0,5284490.0,486.89,148.25,87517044736.0,17.09
1018,APH,136.23,11169069.0,Technology,Electronic Components,88.0,23.0,23.0,80.0,9339221.0,16442230.0,167.04,56.45,166753075200.0,18.44
1021,SDRL,39.9,828787.0,Energy,Oil & Gas Drilling,88.0,91.0,90.0,88.0,772339.0,751750.0,40.34,17.74,2488729600.0,1.09
1024,PH,976.49,518062.0,Industrials,Specialty Industrial Machinery,88.0,77.0,88.0,85.0,671737.0,848990.0,988.86,488.45,123249172480.0,1.25
1030,STEL,39.17,1128555.0,Financial Services,Banks - Regional,88.0,95.0,90.0,87.0,381331.0,1118390.0,39.4,24.12,2005014144.0,0.58
1036,EZA,74.77,676003.0,ETF,ETF,88.0,67.0,82.0,84.0,338045.0,624050.0,81.19,39.74,,7.91
1042,FNV,232.08,870405.0,Basic Materials,Gold,87.0,74.0,87.0,86.0,799965.0,1261520.0,273.56,137.05,44915126272.0,15.16
1046,PWR,508.11,1516336.0,Industrials,Engineering & Construction,87.0,90.0,74.0,84.0,1002818.0,1105090.0,508.45,227.08,75767275520.0,0.07
1049,SAIA,415.46,757222.0,Industrials,Trucking,87.0,90.0,95.0,89.0,489506.0,578890.0,511.0,229.12,11068950528.0,18.7
1057,ILF,36.04,3499673.0,ETF,ETF,87.0,89.0,85.0,87.0,3664847.0,5926220.0,37.29,20.97,,3.35
1060,XOM,149.05,17162093.0,Energy,Oil & Gas Integrated,87.0,95.0,91.0,88.0,17798213.0,24250730.0,149.57,97.8,628568555520.0,0.35
1062,JBL,258.25,986522.0,Technology,Electronic Components,87.0,89.0,83.0,71.0,1207477.0,1001920.0,260.56,108.66,27587028992.0,0.89
1069,EXPD,165.04,1326126.0,Industrials,Integrated Freight & Logistics,87.0,69.0,84.0,87.0,1382695.0,1530510.0,167.19,100.47,22398984192.0,1.29
1071,LMT,623.58,954335.0,Industrials,Aerospace & Defense,87.0,95.0,91.0,89.0,1688655.0,2040520.0,646.59,410.11,144295034880.0,3.56
1072,DVN,43.81,9908568.0,Energy,Oil & Gas E&P,87.0,96.0,92.0,86.0,9495747.0,13581480.0,44.0,25.89,27482011648.0,0.43
1079,BFH,79.53,604546.0,Financial Services,Credit Services,87.0,28.0,87.0,87.0,861793.0,1056840.0,82.03,38.21,3626567936.0,3.05
1083,HAS,93.84,2986365.0,Consumer Cyclical,Leisure,87.0,78.0,86.0,76.0,1698429.0,1717740.0,97.41,49.0,13169225728.0,3.66
1086,AMD,208.44,53881141.0,Technology,Semiconductors,87.0,27.0,9.0,76.0,40042508.0,46110840.0,267.08,76.48,339842859008.0,21.96
1087,STNG,68.43,1241931.0,Energy,Oil & Gas Midstream,87.0,94.0,73.0,89.0,1001259.0,895420.0,68.74,30.63,3542127872.0,0.45
1088,BPOP,145.97,734015.0,Financial Services,Banks - Regional,87.0,87.0,90.0,82.0,570965.0,785130.0,146.95,78.23,9732529152.0,0.67
1094,KEYS,230.95,787664.0,Technology,Scientific & Technical Instruments,87.0,80.0,87.0,88.0,1164437.0,1136200.0,232.92,121.43,39681163264.0,0.85
1096,SGI,96.32,2955179.0,Consumer Cyclical,"Furnishings, Fixtures & Appliances",87.0,79.0,85.0,83.0,1662749.0,1598910.0,96.72,53.1,20218306560.0,0.41
1100,DXJ,163.63,734558.0,ETF,ETF,87.0,84.0,85.0,86.0,590226.0,939340.0,163.72,91.58,,0.05
1102,GS,928.75,2455357.0,Financial Services,Capital Markets,87.0,25.0,81.0,82.0,2239044.0,2534050.0,984.7,439.38,281152225280.0,5.68
1108,SYNA,89.23,1794401.0,Technology,Semiconductors,87.0,77.0,89.0,90.0,630542.0,753800.0,95.08,41.8,3484450816.0,6.15
1111,CM,96.68,611766.0,Financial Services,Banks - Diversified,87.0,71.0,80.0,85.0,1139959.0,934560.0,96.69,53.62,90133274624.0,0.01
1115,BNS,76.34,1509938.0,Financial Services,Banks - Diversified,87.0,72.0,80.0,86.0,1957893.0,1727090.0,76.56,44.09,95124602880.0,0.29
1119,NAMS,34.3,531834.0,Healthcare,Biotechnology,87.0,20.0,13.0,90.0,897770.0,578720.0,42.0,14.06,3889304320.0,18.33
1120,BKU,50.93,561657.0,Financial Services,Banks - Regional,87.0,86.0,88.0,88.0,973172.0,1187420.0,52.11,28.21,3827011072.0,2.26
1121,AVT,66.62,1826790.0,Technology,Electronics & Computer Distribution,87.0,97.0,93.0,83.0,1044975.0,2189570.0,66.89,39.22,5453711360.0,0.4
1122,PBF,35.51,2041032.0,Energy,Oil & Gas Refining & Marketing,87.0,95.0,37.0,92.0,3024383.0,2642060.0,41.48,13.62,4113744128.0,14.39
1123,DAL,75.35,13251262.0,Industrials,Airlines,87.0,69.0,89.0,88.0,7786991.0,7960210.0,75.66,34.74,49200742400.0,0.41
1124,JCI,137.65,4423772.0,Industrials,Building Products & Equipment,87.0,94.0,77.0,84.0,5589250.0,6259030.0,138.23,68.03,84250902528.0,0.42
1127,USB,60.69,9746880.0,Financial Services,Banks - Regional,87.0,83.0,90.0,87.0,9825790.0,12198710.0,60.91,35.18,94372954112.0,0.36
1130,XBI,125.51,9586844.0,ETF,ETF,87.0,28.0,78.0,90.0,10075526.0,9105020.0,132.09,66.66,,4.98
1136,VAL,62.41,1293951.0,Energy,Oil & Gas Equipment & Services,86.0,94.0,82.0,84.0,1007996.0,1208940.0,62.84,27.15,4444432384.0,0.68
1138,BKR,58.92,9344544.0,Energy,Oil & Gas Equipment & Services,86.0,93.0,88.0,86.0,8228218.0,12020650.0,59.54,33.6,58140717056.0,1.04
1144,REZI,36.38,1631010.0,Industrials,Industrial Distribution,86.0,67.0,12.0,86.0,1607901.0,1560430.0,45.29,14.18,5446629888.0,19.67
1146,INCY,108.39,2146812.0,Healthcare,Biotechnology,86.0,23.0,50.0,87.0,2033008.0,1743850.0,112.29,53.56,21279418368.0,3.47
1147,SOLS,64.79,2190494.0,Basic Materials,Specialty Chemicals,86.0,95.0,92.0,,3416160.0,2428790.0,67.74,40.43,10283952128.0,4.35
1148,GIL,71.23,1484640.0,Consumer Cyclical,Apparel Manufacturing,86.0,88.0,86.0,86.0,1474018.0,1226790.0,71.68,37.16,13189287936.0,0.63
1151,IDYA,32.17,855672.0,Healthcare,Biotechnology,86.0,8.0,66.0,88.0,906272.0,822810.0,39.28,13.45,2820228096.0,18.1
1160,HASI,36.13,684923.0,Financial Services,Asset Management,86.0,86.0,88.0,90.0,1062583.0,886940.0,36.39,21.98,4555241472.0,0.71
1163,FITB,55.08,11181539.0,Financial Services,Banks - Regional,86.0,85.0,90.0,85.0,10037247.0,23686750.0,55.36,32.25,49574670336.0,0.51
1165,IMAX,37.28,889152.0,Communication Services,Entertainment,86.0,81.0,72.0,90.0,1339857.0,868890.0,39.98,20.48,2005624320.0,6.75
1170,BHP,69.64,4108702.0,Basic Materials,Other Industrial Metals & Mining,86.0,80.0,88.0,85.0,3489934.0,5229830.0,74.98,39.73,178895585280.0,7.12
1172,CCL,33.99,27293339.0,Consumer Cyclical,Travel Services,86.0,71.0,88.0,71.0,20435268.0,22824070.0,34.03,15.07,46984957952.0,0.12
1173,MDB,344.35,1921706.0,Technology,Software - Infrastructure,86.0,5.0,24.0,90.0,1711108.0,1520170.0,444.72,140.78,28027252736.0,22.57
1176,HRI,180.31,707703.0,Industrials,Rental & Leasing Services,86.0,85.0,90.0,92.0,461365.0,585360.0,211.81,96.19,5998861824.0,14.87
1177,FER,71.23,1233009.0,Industrials,Engineering & Construction,86.0,71.0,70.0,86.0,2340765.0,1316070.0,71.39,40.46,51070582784.0,0.22
1179,KNX,60.17,3265548.0,Industrials,Trucking,86.0,80.0,92.0,89.0,3187224.0,3579540.0,61.28,36.69,9767938048.0,1.81
1185,NVS,156.42,3011707.0,Healthcare,Drug Manufacturers - General,86.0,82.0,87.0,85.0,1767860.0,2550810.0,156.62,97.72,302370848768.0,0.13
1187,RCL,348.0,1527458.0,Consumer Cyclical,Travel Services,86.0,89.0,92.0,63.0,2371413.0,2991250.0,366.5,164.01,94904107008.0,5.05
1189,MISL,48.81,193621.0,ETF,ETF,86.0,73.0,80.0,81.0,832086.0,736150.0,51.1,26.46,,4.48
1191,BWXT,197.19,1266577.0,Industrials,Aerospace & Defense,86.0,59.0,28.0,58.0,1090016.0,1045060.0,220.57,84.21,18028439552.0,10.6
1195,GMED,87.81,977893.0,Healthcare,Medical Devices,86.0,21.0,94.0,92.0,1764483.0,1177160.0,101.4,51.79,11859376128.0,13.4
1197,RTX,198.66,3411518.0,Industrials,Aerospace & Defense,86.0,75.0,77.0,81.0,5140144.0,7649390.0,206.48,112.27,266357768192.0,3.79
1200,NOC,709.11,590421.0,Industrials,Aerospace & Defense,86.0,94.0,87.0,75.0,883698.0,1092520.0,711.88,426.24,101204221952.0,0.39
1203,MCHP,76.01,19840247.0,Technology,Semiconductors,86.0,59.0,88.0,67.0,9219395.0,9972290.0,81.43,34.13,41079365632.0,6.66
1208,JXN,119.69,433201.0,Financial Services,Insurance - Life,86.0,64.0,89.0,85.0,514173.0,556620.0,123.61,64.7,8336583168.0,3.17
1209,TDW,66.35,623147.0,Energy,Oil & Gas Equipment & Services,86.0,95.0,90.0,70.0,765957.0,813120.0,67.92,31.17,3288515328.0,2.31
1214,EWW,79.87,2186294.0,ETF,ETF,86.0,88.0,83.0,83.0,1518029.0,2032300.0,79.95,47.19,,0.1
1219,PNC,242.48,2435540.0,Financial Services,Banks - Regional,86.0,86.0,91.0,83.0,2320542.0,2867490.0,243.94,145.12,98038030336.0,0.6
1221,TTC,98.2,453963.0,Industrials,Tools & Accessories,86.0,91.0,91.0,85.0,991449.0,951820.0,98.62,62.34,9614239744.0,0.43
1225,MLI,117.86,1048000.0,Industrials,Metal Fabrication,86.0,26.0,67.0,85.0,789895.0,1126820.0,139.29,66.84,13084066816.0,15.39
1229,ODFL,202.47,2863210.0,Industrials,Trucking,85.0,94.0,94.0,87.0,2273563.0,2751730.0,209.61,126.01,42552745984.0,3.41
1238,AX,101.01,382423.0,Financial Services,Banks - Regional,85.0,84.0,88.0,75.0,352236.0,508170.0,101.7,54.46,5725069824.0,0.68
1240,BOOT,203.38,781557.0,Consumer Cyclical,Apparel Retail,85.0,74.0,66.0,75.0,606475.0,971350.0,210.25,86.17,6199761408.0,3.27
1247,CRUS,142.78,981796.0,Technology,Semiconductors,85.0,92.0,84.0,88.0,550154.0,868370.0,144.75,75.83,7286118912.0,1.36
1249,UWM,53.95,1107430.0,ETF,ETF,85.0,74.0,78.0,87.0,553508.0,696600.0,56.97,24.47,,5.3
1252,WBS,73.13,5099628.0,Financial Services,Banks - Regional,85.0,87.0,89.0,84.0,2004359.0,5732340.0,73.5,39.43,11795159040.0,0.5
1256,UNFI,40.69,557087.0,Consumer Defensive,Food Distribution,85.0,94.0,70.0,91.0,945347.0,766280.0,43.29,20.78,2479315456.0,6.01
1262,WHD,58.0,1003796.0,Energy,Oil & Gas Equipment & Services,85.0,91.0,92.0,90.0,727054.0,1003910.0,61.38,33.2,3992727552.0,5.51
1264,EWZ,37.56,44086190.0,ETF,ETF,85.0,89.0,81.0,85.0,34396691.0,54188450.0,38.88,23.05,,3.4
1265,AIA,109.77,700294.0,ETF,ETF,85.0,73.0,72.0,83.0,379518.0,596290.0,113.21,59.91,,3.04
1269,AVDV,103.91,730474.0,ETF,ETF,85.0,78.0,82.0,80.0,696118.0,914170.0,104.82,60.74,,0.87
1270,GMAB,30.9,1758139.0,Healthcare,Biotechnology,85.0,12.0,59.0,86.0,1626883.0,1453310.0,35.43,17.23,19034185728.0,12.79
1276,ST,35.99,4468045.0,Technology,Scientific & Technical Instruments,85.0,67.0,76.0,77.0,1401318.0,1630560.0,36.79,17.32,5242977792.0,2.17
1280,BALL,66.47,2775980.0,Consumer Cyclical,Packaging & Containers,85.0,95.0,92.0,78.0,2704145.0,2855000.0,66.97,43.51,18089738240.0,0.75
1281,HWM,223.16,2284729.0,Industrials,Aerospace & Defense,85.0,71.0,65.0,77.0,2355565.0,3223440.0,226.87,105.04,89821904896.0,1.64
1285,LLY,1058.18,3359195.0,Healthcare,Drug Manufacturers - General,85.0,18.0,77.0,93.0,3444257.0,3938880.0,1133.95,623.78,948612694016.0,6.68
1286,TMDX,135.06,519930.0,Healthcare,Medical Devices,85.0,24.0,66.0,70.0,767270.0,770800.0,156.0,62.07,4615584256.0,13.42
1287,MUR,32.11,1827839.0,Energy,Oil & Gas E&P,85.0,76.0,85.0,88.0,2406488.0,3219450.0,35.19,18.95,4583343616.0,8.75
1288,MCK,948.68,1043388.0,Healthcare,Medical Distribution,85.0,89.0,74.0,88.0,723783.0,882570.0,971.93,583.55,117092392960.0,2.39
1290,RF,30.93,10974827.0,Financial Services,Banks - Regional,85.0,80.0,89.0,80.0,13914504.0,15673720.0,31.17,17.74,27121788928.0,0.77
1291,DLTR,123.83,3060823.0,Consumer Defensive,Discount Stores,85.0,16.0,82.0,47.0,3291760.0,3302250.0,142.4,61.8,25257338880.0,13.04
1302,SANM,149.79,1089564.0,Technology,Electronic Components,85.0,22.0,10.0,80.0,786826.0,1557580.0,185.29,63.67,8179266048.0,19.16
1303,ROK,415.02,1679192.0,Industrials,Specialty Industrial Machinery,85.0,53.0,78.0,79.0,885955.0,923440.0,438.72,215.0,46662017024.0,5.4
1304,EVR,357.73,583192.0,Financial Services,Capital Markets,85.0,19.0,82.0,75.0,362231.0,526800.0,388.71,148.63,13836322816.0,7.97
1308,SHLD,72.86,1150229.0,ETF,ETF,85.0,59.0,69.0,70.0,1434773.0,2159070.0,78.49,40.26,,7.17
1310,UDOW,64.56,4577238.0,ETF,ETF,85.0,70.0,79.0,87.0,5431775.0,5005900.0,64.81,28.45,,0.39
1320,TCBI,104.47,702489.0,Financial Services,Banks - Regional,85.0,81.0,86.0,83.0,450447.0,534050.0,108.92,59.37,4768385024.0,4.09
1325,YUMC,57.95,2187431.0,Consumer Cyclical,Restaurants,84.0,94.0,91.0,80.0,1331214.0,1657300.0,58.39,41.0,20475619328.0,0.75
1326,ASND,222.15,795762.0,Healthcare,Biotechnology,84.0,65.0,74.0,70.0,691957.0,651950.0,242.0,118.03,13572955136.0,8.2
1327,VLUE,151.88,987696.0,ETF,ETF,84.0,76.0,81.0,85.0,818918.0,1371080.0,152.1,91.8,,0.14
1334,RYTM,103.61,980773.0,Healthcare,Biotechnology,84.0,56.0,55.0,62.0,755518.0,577660.0,122.2,45.91,6914522624.0,15.21
1341,ARKX,31.69,812302.0,ETF,ETF,84.0,26.0,61.0,76.0,856545.0,1597860.0,35.53,15.07,,10.81
1344,NTRS,152.15,923958.0,Financial Services,Asset Management,84.0,74.0,83.0,77.0,1016593.0,1212680.0,157.6,81.62,28774207488.0,3.46
1346,WSFS,70.65,562792.0,Financial Services,Banks - Regional,84.0,95.0,90.0,84.0,426118.0,624160.0,71.12,42.44,3862856192.0,0.66
1347,EWP,56.46,520241.0,ETF,ETF,84.0,63.0,74.0,76.0,748442.0,867630.0,57.26,33.72,,1.4
1348,EMBJ,70.99,1022434.0,Industrials,Aerospace & Defense,84.0,55.0,69.0,77.0,877970.0,1148540.0,80.75,38.78,12859252736.0,12.09
1349,JETS,31.16,4393220.0,ETF,ETF,84.0,76.0,87.0,84.0,4009801.0,5424120.0,31.29,17.11,,0.42
1353,SIG,97.0,581990.0,Consumer Cyclical,Luxury Goods,84.0,74.0,20.0,82.0,908750.0,881280.0,110.2,45.55,3972039424.0,11.98
1360,RY,170.4,1047895.0,Financial Services,Banks - Diversified,84.0,49.0,81.0,82.0,1263149.0,1938390.0,174.61,106.1,239401222144.0,2.41
1365,AZN,193.03,2921647.0,Healthcare,Drug Manufacturers - General,84.0,52.0,81.0,84.0,216200.0,1310550.0,195.0,93.03,299251236864.0,1.01
1368,PCAR,127.35,4248859.0,Industrials,Farm & Heavy Construction Machinery,84.0,83.0,88.0,84.0,3306475.0,3891650.0,131.88,84.65,66909687808.0,3.43
1369,NLR,142.77,725766.0,ETF,ETF,84.0,58.0,37.0,74.0,672311.0,984460.0,168.12,64.26,,15.08
1372,WMT,131.18,25023839.0,Consumer Defensive,Discount Stores,84.0,90.0,90.0,81.0,29655175.0,23948980.0,131.7,79.81,1045878538240.0,0.39
1375,TNL,73.45,427296.0,Consumer Cyclical,Travel Services,84.0,36.0,80.0,79.0,566683.0,600290.0,76.21,37.77,4774795264.0,3.62
1380,TXN,221.44,9378613.0,Technology,Semiconductors,84.0,92.0,92.0,74.0,7845383.0,12140190.0,228.83,139.95,201205481472.0,3.23
1381,EL,99.47,7978737.0,Consumer Defensive,Household & Personal Products,84.0,17.0,67.0,56.0,3658901.0,4935260.0,121.64,48.37,35845033984.0,18.23
1384,MTB,238.01,1069178.0,Financial Services,Banks - Regional,84.0,88.0,90.0,83.0,1061750.0,1442750.0,238.54,150.75,37193654272.0,0.22
1385,WTFC,161.35,552562.0,Financial Services,Banks - Regional,84.0,83.0,87.0,84.0,494878.0,639570.0,162.96,89.1,10806402048.0,0.99
1389,BMO,141.73,704417.0,Financial Services,Banks - Diversified,84.0,76.0,79.0,80.0,724763.0,1053700.0,142.73,85.4,101871681536.0,0.7
1391,AHR,48.77,1615519.0,Real Estate,REIT - Healthcare Facilities,84.0,60.0,53.0,77.0,2624068.0,5504610.0,51.02,26.48,9084123136.0,4.41
1392,DB,37.22,2418546.0,Financial Services,Banks - Regional,84.0,20.0,48.0,43.0,2622931.0,3570050.0,40.43,18.89,71111753728.0,7.94
1393,TFC,55.81,7388360.0,Financial Services,Banks - Regional,84.0,83.0,89.0,83.0,8749739.0,11860570.0,56.2,33.56,71394738176.0,0.69
1404,MGA,54.02,1349668.0,Consumer Cyclical,Auto Parts,84.0,19.0,65.0,81.0,1503062.0,1752090.0,57.55,30.39,15281160192.0,6.13
1408,HWC,74.41,728091.0,Financial Services,Banks - Regional,84.0,85.0,89.0,82.0,815495.0,1021490.0,75.43,43.9,6221652480.0,1.35
1410,EAT,168.93,1044368.0,Consumer Cyclical,Restaurants,84.0,78.0,96.0,47.0,1405685.0,1682200.0,187.12,100.3,7505764864.0,9.72
1412,BK,124.32,3902604.0,Financial Services,Banks - Diversified,84.0,61.0,78.0,76.0,3540898.0,3290160.0,125.89,70.46,86694445056.0,1.25
1415,SWK,89.39,2357914.0,Industrials,Tools & Accessories,83.0,88.0,89.0,83.0,1701321.0,2433420.0,90.8,53.91,13845166080.0,1.55
1418,AROC,32.05,2347258.0,Energy,Oil & Gas Equipment & Services,83.0,95.0,89.0,88.0,1566455.0,1636120.0,32.42,20.12,5620597248.0,1.14
1419,AUB,41.78,826387.0,Financial Services,Banks - Regional,83.0,88.0,89.0,85.0,1205077.0,1270250.0,42.18,22.85,5954408448.0,0.95
1425,PSX,157.8,1923445.0,Energy,Oil & Gas Refining & Marketing,83.0,88.0,80.0,84.0,2426365.0,2489520.0,159.15,91.01,63770808320.0,0.85
1426,CNX,40.27,1329759.0,Energy,Oil & Gas E&P,83.0,81.0,83.0,87.0,2097029.0,2934440.0,42.13,27.68,5812645888.0,4.41
1429,SUPN,51.65,787604.0,Healthcare,Drug Manufacturers - Specialty & Generic,83.0,50.0,68.0,79.0,707303.0,741790.0,57.65,29.16,2961577728.0,10.41
1430,FLEX,63.98,5423409.0,Technology,Electronic Components,83.0,65.0,23.0,82.0,5060754.0,4426650.0,72.22,25.11,23925737472.0,11.41
1439,ROAD,127.05,865631.0,Industrials,Engineering & Construction,83.0,89.0,71.0,76.0,502208.0,509310.0,138.9,64.79,7181708288.0,8.53
1442,FIBK,38.82,1185728.0,Financial Services,Banks - Regional,83.0,69.0,85.0,85.0,1439327.0,1231100.0,39.16,22.95,3994213632.0,0.87
1444,MEOH,47.23,511093.0,Basic Materials,Chemicals,83.0,73.0,90.0,89.0,506163.0,699500.0,51.94,25.46,3652745472.0,9.07
1450,NUVL,103.59,503041.0,Healthcare,Biotechnology,83.0,21.0,75.0,88.0,612877.0,513470.0,113.02,55.53,7531687936.0,8.34
1458,AMGN,384.32,3803629.0,Healthcare,Drug Manufacturers - General,83.0,86.0,84.0,86.0,2925831.0,3227880.0,385.12,261.43,207148482560.0,0.21
1463,EMXC,81.82,2584780.0,ETF,ETF,83.0,78.0,76.0,81.0,1982188.0,3269010.0,82.16,49.6,,0.41
1465,RRR,65.45,589279.0,Consumer Cyclical,Resorts & Casinos,83.0,74.0,84.0,69.0,855540.0,615720.0,65.62,35.09,6736133120.0,0.26
1470,ALSN,115.63,619817.0,Consumer Cyclical,Auto Parts,83.0,90.0,94.0,84.0,909283.0,778970.0,117.07,76.01,9668600832.0,1.23
1472,DFIV,54.52,1200744.0,ETF,ETF,83.0,79.0,82.0,78.0,1353939.0,2113930.0,54.7,34.28,,0.33
1474,GE,321.0,4825812.0,Industrials,Aerospace & Defense,83.0,27.0,58.0,72.0,5116211.0,6655950.0,332.79,159.36,338595250176.0,3.54
1477,BTI,62.8,4281607.0,Consumer Defensive,Tobacco,83.0,91.0,80.0,60.0,3775204.0,5350540.0,63.02,37.31,136239095808.0,0.35
1482,GNR,70.27,669077.0,ETF,ETF,83.0,84.0,85.0,81.0,291447.0,530770.0,72.58,45.18,,3.18
1484,BMY,61.99,14128418.0,Healthcare,Drug Manufacturers - General,83.0,81.0,91.0,86.0,14579673.0,13646690.0,63.33,42.52,126196334592.0,2.12
1490,ZION,65.29,2251200.0,Financial Services,Banks - Regional,83.0,79.0,88.0,81.0,1634355.0,2160690.0,66.17,39.32,9640263680.0,1.33
1491,ITA,233.93,806663.0,ETF,ETF,83.0,61.0,73.0,73.0,770104.0,986870.0,244.76,129.14,,4.42
1495,IVLU,41.89,1811040.0,ETF,ETF,83.0,79.0,80.0,78.0,1123304.0,1897020.0,41.92,26.41,,0.07
1496,ABCB,85.94,468833.0,Financial Services,Banks - Regional,83.0,85.0,82.0,83.0,480709.0,640300.0,86.34,48.27,5871003648.0,0.46
1497,CELH,50.57,4207566.0,Consumer Defensive,Beverages - Non-Alcoholic,83.0,25.0,10.0,32.0,5548983.0,3536950.0,66.74,21.1,13036201984.0,24.23
1499,GUNR,51.59,353443.0,ETF,ETF,83.0,83.0,84.0,80.0,600255.0,851390.0,53.64,33.42,,3.82
1502,AGCO,132.57,1258254.0,Industrials,Farm & Heavy Construction Machinery,83.0,95.0,87.0,73.0,735909.0,844940.0,132.88,73.79,9892846592.0,0.23
1503,CNQ,39.1,4997793.0,Energy,Oil & Gas E&P,83.0,96.0,86.0,82.0,8628057.0,9391300.0,39.11,24.65,81505935360.0,0.03
1510,BUD,75.81,4726147.0,Consumer Defensive,Beverages - Brewers,82.0,93.0,85.0,78.0,1961968.0,2185690.0,76.28,50.12,147326025728.0,0.62
1511,CRNX,45.28,1983538.0,Healthcare,Biotechnology,82.0,8.0,60.0,92.0,1331932.0,917890.0,57.99,24.1,4641736192.0,21.92
1512,CSCO,84.82,21885957.0,Technology,Communication Equipment,82.0,87.0,82.0,76.0,22102477.0,24589850.0,84.96,52.11,335131836416.0,0.16
1517,HCA,501.69,782640.0,Healthcare,Medical Care Facilities,82.0,74.0,60.0,85.0,1233791.0,1336690.0,527.55,295.0,117392203776.0,4.9
1519,KBWB,90.6,3140282.0,ETF,ETF,82.0,63.0,81.0,80.0,2372401.0,2742200.0,90.92,51.13,,0.35
1524,ASO,59.13,1230778.0,Consumer Cyclical,Specialty Retail,82.0,64.0,88.0,72.0,1678273.0,1386500.0,60.32,33.34,3942865408.0,1.97
1526,REGN,785.51,670808.0,Healthcare,Biotechnology,82.0,20.0,85.0,88.0,967786.0,876140.0,821.11,476.49,83043966976.0,4.34
1528,CWEN,38.64,921801.0,Utilities,Utilities - Renewable,82.0,93.0,72.0,81.0,1054032.0,930140.0,38.71,25.55,7873815040.0,0.18
1533,IYZ,37.93,894483.0,ETF,ETF,82.0,86.0,81.0,80.0,1388847.0,1432430.0,37.95,23.95,,0.05
1534,UAL,115.91,8490288.0,Industrials,Airlines,82.0,28.0,84.0,84.0,5261804.0,5699860.0,119.21,52.0,37524471808.0,2.77
1552,ADM,66.33,2113493.0,Consumer Defensive,Farm Products,82.0,87.0,82.0,67.0,3353747.0,4473850.0,69.75,40.98,31876190208.0,4.9
1560,NTR,68.61,2229261.0,Basic Materials,Agricultural Inputs,82.0,90.0,89.0,78.0,2729459.0,3015410.0,73.06,45.78,33415788544.0,6.09
1561,SEE,41.82,2997035.0,Consumer Cyclical,Packaging & Containers,82.0,48.0,77.0,88.0,3673804.0,2787830.0,44.27,22.78,6158879744.0,5.53
1564,IDV,42.93,1533134.0,ETF,ETF,82.0,79.0,79.0,74.0,1010362.0,1478210.0,43.33,27.6,,0.92
1575,ZWS,52.78,1464376.0,Industrials,Pollution & Treatment Controls,82.0,88.0,68.0,73.0,910914.0,1333330.0,52.84,27.74,8832776192.0,0.11
1579,EWBC,122.5,1140740.0,Financial Services,Banks - Regional,82.0,69.0,85.0,80.0,843904.0,1280760.0,123.22,68.27,16854236160.0,0.58
1583,TS,46.91,917276.0,Energy,Oil & Gas Equipment & Services,82.0,92.0,81.0,84.0,1178688.0,1446990.0,46.95,30.06,23681732608.0,0.09
1589,EXPE,236.85,2950266.0,Consumer Cyclical,Travel Services,82.0,6.0,71.0,80.0,2156465.0,2710440.0,303.8,130.01,29302036480.0,22.04
1590,ITT,206.87,942470.0,Industrials,Specialty Industrial Machinery,82.0,90.0,68.0,80.0,915408.0,1023280.0,207.86,105.64,17799098368.0,0.48
1593,ROST,190.74,1985986.0,Consumer Cyclical,Apparel Retail,82.0,56.0,82.0,84.0,2694067.0,2577720.0,194.92,122.36,62033661952.0,2.14
1601,GXO,58.91,1180062.0,Industrials,Integrated Freight & Logistics,81.0,76.0,74.0,69.0,1094119.0,1497610.0,59.28,30.46,6744800256.0,0.62
1603,HTH,39.83,438208.0,Financial Services,Financial Conglomerates,81.0,90.0,84.0,84.0,367686.0,546810.0,40.39,27.35,2442715648.0,1.39
1604,EPOL,37.92,276965.0,ETF,ETF,81.0,62.0,76.0,64.0,391790.0,652760.0,38.99,24.18,,2.74
1605,WERN,34.76,2906362.0,Industrials,Trucking,81.0,77.0,90.0,83.0,1055508.0,1482900.0,38.45,23.02,2079701632.0,9.6
1606,RTO,32.16,2986272.0,Industrials,Specialty Business Services,81.0,62.0,81.0,82.0,1042057.0,1770630.0,33.46,19.6,16276492288.0,3.89
1609,FERG,262.76,1278853.0,Industrials,Industrial Distribution,81.0,92.0,58.0,71.0,1435652.0,1377250.0,263.32,146.0,52757274624.0,0.21
1615,COLB,32.07,2663434.0,Financial Services,Banks - Regional,81.0,84.0,85.0,86.0,2700549.0,3555250.0,32.23,19.61,9592809472.0,0.5
1618,BABA,162.51,8011962.0,Consumer Cyclical,Internet Retail,81.0,83.0,25.0,85.0,12502057.0,10339390.0,192.67,95.73,387964895232.0,15.65
1625,AME,231.91,880966.0,Industrials,Specialty Industrial Machinery,81.0,82.0,81.0,81.0,1432426.0,1764760.0,234.56,145.02,53560532992.0,1.13
1630,FFBC,30.9,922744.0,Financial Services,Banks - Regional,81.0,94.0,90.0,84.0,864586.0,1354030.0,30.99,21.1,3229137920.0,0.29
1633,MS,179.96,7748034.0,Financial Services,Capital Markets,81.0,22.0,67.0,81.0,6134026.0,7222430.0,192.68,94.33,286012112896.0,6.6
1641,UBSI,45.52,1151333.0,Financial Services,Banks - Regional,81.0,90.0,88.0,82.0,830700.0,972780.0,45.92,30.51,6344816640.0,0.87
1642,FNDF,49.95,1498824.0,ETF,ETF,81.0,79.0,77.0,76.0,1846767.0,2270800.0,50.17,31.92,,0.44
1647,EDU,62.72,843572.0,Consumer Defensive,Education & Training Services,81.0,83.0,74.0,86.0,954077.0,1707930.0,64.97,40.66,10456184832.0,3.46
1648,EMR,157.38,2875915.0,Industrials,Specialty Industrial Machinery,81.0,83.0,83.0,73.0,2847729.0,4386170.0,160.13,90.06,88495104000.0,1.72
1649,TXT,95.44,1431206.0,Industrials,Aerospace & Defense,81.0,77.0,83.0,78.0,1633959.0,2677710.0,96.98,57.7,17007913984.0,1.59
1650,HALO,81.23,2244575.0,Healthcare,Biotechnology,81.0,78.0,83.0,83.0,2253281.0,2187130.0,81.36,47.5,9552404480.0,0.16
1655,STT,132.35,1127282.0,Financial Services,Asset Management,81.0,33.0,76.0,75.0,2024788.0,2006060.0,137.05,72.81,36967006208.0,3.43
1666,IBB,174.98,2481682.0,ETF,ETF,81.0,26.0,70.0,85.0,2057914.0,1940050.0,179.64,107.43,,2.59
1670,SPXL,225.8,2677357.0,ETF,ETF,81.0,27.0,51.0,78.0,3184329.0,3109160.0,234.09,87.08,,3.54
1671,BEPC,41.95,625354.0,Utilities,Utilities - Renewable,81.0,78.0,23.0,77.0,1051209.0,1197330.0,45.1,23.73,7540385280.0,6.98
1673,TRGP,211.44,754874.0,Energy,Oil & Gas Midstream,81.0,93.0,90.0,81.0,1409306.0,1370010.0,211.87,144.14,45500166144.0,0.2
1678,VECO,30.69,588042.0,Technology,Semiconductor Equipment & Materials,81.0,14.0,55.0,85.0,659416.0,700340.0,35.77,16.92,1850517632.0,14.2
1680,SBCF,35.09,990703.0,Financial Services,Banks - Regional,81.0,79.0,78.0,82.0,722863.0,901630.0,35.55,21.36,3436288000.0,1.29
1683,CPER,36.24,839053.0,ETF,ETF,81.0,51.0,81.0,84.0,1204050.0,3227980.0,40.44,25.65,,10.39
1691,DOW,31.78,7568201.0,Basic Materials,Chemicals,81.0,96.0,93.0,90.0,12618527.0,17179290.0,40.09,20.4,22803232768.0,20.73
1692,UPRO,118.48,5902328.0,ETF,ETF,81.0,27.0,50.0,77.0,5243596.0,4835720.0,122.85,45.88,,3.56
