symbol,rsrating,time
TGEN,572.19,2025-07-24
RGTI,559.81,2025-07-24
SBET,495.73,2025-07-24
SY,473.07,2025-07-24
SBDS,470.61,2025-07-24
TMC,436.17,2025-07-24
RKLX,434.71,2025-07-24
SEZL,419.64,2025-07-24
TSSI,412.38,2025-07-24
TDUP,402.36,2025-07-24
ZEPP,359.17,2025-07-24
RKLB,341.64,2025-07-24
UMAC,333.96,2025-07-24
VVPR,305.1,2025-07-24
VIGL,295.56,2025-07-24
ROBN,278.02,2025-07-24
SMR,268.91,2025-07-24
TAOX,266.6,2025-07-24
TZUP,265.2,2025-07-24
SDM,259.51,2025-07-24
SGMT,249.31,2025-07-24
VHC,242.3,2025-07-24
TNGX,234.11,2025-07-24
VRNA,229.83,2025-07-24
SOGP,228.59,2025-07-24
RGTX,216.81,2025-07-24
YSG,209.31,2025-07-24
SRFM,205.54,2025-07-24
SBSW,196.7,2025-07-24
SORA,191.9,2025-07-24
WLDN,191.48,2025-07-24
VNET,190.48,2025-07-24
XGN,187.42,2025-07-24
XYF,187.32,2025-07-24
TTMI,186.99,2025-07-24
SNES,184.48,2025-07-24
TSAT,180.14,2025-07-24
SGHC,179.64,2025-07-24
SPCY,177.88,2025-07-24
TPC,174.5,2025-07-24
SEDG,174.22,2025-07-24
TVRD,173.74,2025-07-24
TPR,173.73,2025-07-24
TNXP,173.33,2025-07-24
SOFI,172.52,2025-07-24
UPSX,171.28,2025-07-24
SEI,171.07,2025-07-24
SYM,170.79,2025-07-24
XYZG,170.63,2025-07-24
TARK,170.13,2025-07-24
WKEY,169.85,2025-07-24
STRT,169.5,2025-07-24
TRVI,168.45,2025-07-24
VRTL,168.44,2025-07-24
VVOS,168.0,2025-07-24
YB,167.84,2025-07-24
SANA,167.81,2025-07-24
SNWV,167.69,2025-07-24
XXRP,167.59,2025-07-24
UPST,166.27,2025-07-24
ZENA,166.19,2025-07-24
TLN,163.74,2025-07-24
SOFX,163.25,2025-07-24
SSSS,162.55,2025-07-24
XCUR,162.18,2025-07-24
UUUU,160.99,2025-07-24
URAA,160.74,2025-07-24
SCPH,160.23,2025-07-24
SUPX,159.81,2025-07-24
RRGB,158.06,2025-07-24
SMU,157.51,2025-07-24
WAVE,155.99,2025-07-24
SNOU,155.59,2025-07-24
VERV,155.43,2025-07-24
SRRK,155.4,2025-07-24
SPCB,155.14,2025-07-24
RIOX,154.05,2025-07-24
STG,153.81,2025-07-24
SRAD,153.78,2025-07-24
RGTU,152.35,2025-07-24
TIGR,150.5,2025-07-24
STRM,150.09,2025-07-24
SSRM,149.98,2025-07-24
SKE,149.38,2025-07-24
STRL,148.68,2025-07-24
TME,148.49,2025-07-24
UI,147.91,2025-07-24
YINN,147.05,2025-07-24
VST,145.48,2025-07-24
W,145.42,2025-07-24
TIL,144.84,2025-07-24
TWLO,143.65,2025-07-24
ROOT,143.05,2025-07-24
SLSR,142.81,2025-07-24
VENU,142.75,2025-07-24
USD,142.14,2025-07-24
TPB,142.1,2025-07-24
U,141.67,2025-07-24
WF,141.65,2025-07-24
SOUN,141.57,2025-07-24
STX,141.15,2025-07-24
YALA,141.14,2025-07-24
ZVRA,141.08,2025-07-24
SIFY,140.79,2025-07-24
SE,140.28,2025-07-24
WBD,140.22,2025-07-24
URGN,140.05,2025-07-24
SAN,139.78,2025-07-24
RILYN,139.24,2025-07-24
RYTM,138.64,2025-07-24
SLDB,138.38,2025-07-24
WILC,138.31,2025-07-24
URBN,137.72,2025-07-24
RIOT,137.25,2025-07-24
XERS,137.18,2025-07-24
WWW,136.91,2025-07-24
SLNO,136.78,2025-07-24
VEON,136.5,2025-07-24
TSMU,136.1,2025-07-24
TSMX,136.08,2025-07-24
TATT,135.89,2025-07-24
XRPT,135.81,2025-07-24
TSMG,135.49,2025-07-24
URA,134.96,2025-07-24
WEBL,134.11,2025-07-24
TESL,134.11,2025-07-24
SOLT,133.97,2025-07-24
SII,133.77,2025-07-24
USAU,133.38,2025-07-24
ZIMV,133.28,2025-07-24
SPOT,133.21,2025-07-24
UFO,133.04,2025-07-24
SLVR,132.72,2025-07-24
XPP,132.31,2025-07-24
WDC,131.84,2025-07-24
SLGL,131.81,2025-07-24
SNOW,131.56,2025-07-24
SKLZ,131.54,2025-07-24
SHLD,131.48,2025-07-24
RILYG,131.28,2025-07-24
YOSH,130.44,2025-07-24
TOST,130.18,2025-07-24
STCE,129.69,2025-07-24
WGMI,129.34,2025-07-24
XPEV,129.21,2025-07-24
SOC,128.57,2025-07-24
ZS,128.38,2025-07-24
TCI,128.23,2025-07-24
SFIX,127.98,2025-07-24
SHOP,127.68,2025-07-24
WT,127.61,2025-07-24
SAND,127.61,2025-07-24
SSBI,127.49,2025-07-24
STRZ,127.37,2025-07-24
VIK,127.33,2025-07-24
TECL,127.21,2025-07-24
RYAAY,127.07,2025-07-24
WWD,126.91,2025-07-24
UTI,126.69,2025-07-24
TIGO,126.27,2025-07-24
RL,126.1,2025-07-24
SMTC,125.85,2025-07-24
WW,125.83,2025-07-24
SAIH,125.68,2025-07-24
ZK,125.56,2025-07-24
XMTR,125.53,2025-07-24
ZLAB,125.22,2025-07-24
SENEA,125.15,2025-07-24
SIMO,124.97,2025-07-24
RHLD,124.65,2025-07-24
SXT,124.44,2025-07-24
UEC,124.06,2025-07-24
TEL,123.78,2025-07-24
SNEX,123.41,2025-07-24
SHNY,123.24,2025-07-24
URAN,123.12,2025-07-24
SHAK,123.11,2025-07-24
SOUX,122.98,2025-07-24
SHG,122.59,2025-07-24
WPM,122.39,2025-07-24
SPRX,121.98,2025-07-24
ZBIO,121.91,2025-07-24
VRSN,121.83,2025-07-24
WRBY,121.78,2025-07-24
TERN,121.42,2025-07-24
TQQQ,121.13,2025-07-24
SN,121.05,2025-07-24
WOR,121.03,2025-07-24
VSAT,120.96,2025-07-24
YEXT,120.63,2025-07-24
VEEV,120.43,2025-07-24
ROK,120.4,2025-07-24
SIL,120.09,2025-07-24
VNM,119.96,2025-07-24
TEKY,119.91,2025-07-24
SRI,119.82,2025-07-24
SMMT,119.74,2025-07-24
VC,119.62,2025-07-24
STVN,119.62,2025-07-24
TAC,119.59,2025-07-24
SSII,119.49,2025-07-24
SOLZ,119.37,2025-07-24
TRMB,119.36,2025-07-24
ULS,119.32,2025-07-24
TGI,119.31,2025-07-24
TBRG,119.31,2025-07-24
TBBK,119.23,2025-07-24
WNS,119.12,2025-07-24
RILYL,118.91,2025-07-24
ROAD,118.86,2025-07-24
XAR,118.83,2025-07-24
SGDM,118.71,2025-07-24
TSM,118.66,2025-07-24
STRK,118.58,2025-07-24
SPTN,118.46,2025-07-24
TDS,118.14,2025-07-24
ULBI,118.11,2025-07-24
VERB,117.97,2025-07-24
ULTA,117.96,2025-07-24
RZLT,117.95,2025-07-24
USFD,117.75,2025-07-24
SPPP,117.71,2025-07-24
SPNT,117.69,2025-07-24
TNL,117.61,2025-07-24
VRT,117.6,2025-07-24
SLON,117.5,2025-07-24
SWIM,117.48,2025-07-24
SOHU,117.46,2025-07-24
TR,117.35,2025-07-24
ROM,117.26,2025-07-24
SPRY,117.02,2025-07-24
UGL,116.98,2025-07-24
UAL,116.97,2025-07-24
SGI,116.87,2025-07-24
TMAT,116.66,2025-07-24
TFPM,116.57,2025-07-24
RVNL,116.57,2025-07-24
TRFK,116.55,2025-07-24
XRPI,116.52,2025-07-24
TCBX,116.25,2025-07-24
VYX,116.23,2025-07-24
VBTX,116.2,2025-07-24
SLVP,116.15,2025-07-24
UCYB,116.07,2025-07-24
SGDJ,115.95,2025-07-24
SYF,115.94,2025-07-24
RTX,115.94,2025-07-24
STEM,115.9,2025-07-24
VNAM,115.86,2025-07-24
ROKU,115.84,2025-07-24
STN,115.81,2025-07-24
SMCL,115.79,2025-07-24
SETM,115.7,2025-07-24
RILYZ,115.49,2025-07-24
TRS,115.46,2025-07-24
SHLS,115.45,2025-07-24
SATO,115.42,2025-07-24
SFM,115.41,2025-07-24
ROKT,115.39,2025-07-24
SMHX,115.36,2025-07-24
SCHW,115.3,2025-07-24
SPHR,115.27,2025-07-24
UBRL,115.22,2025-07-24
SATS,114.98,2025-07-24
UXI,114.65,2025-07-24
TENX,114.58,2025-07-24
WNEB,114.57,2025-07-24
SOCL,114.37,2025-07-24
ZIPP,114.35,2025-07-24
SERV,114.35,2025-07-24
RIGL,114.16,2025-07-24
WGS,114.14,2025-07-24
TEM,114.05,2025-07-24
SFST,114.05,2025-07-24
TEC,113.99,2025-07-24
UNTY,113.95,2025-07-24
XME,113.94,2025-07-24
TEKX,113.93,2025-07-24
TGTX,113.91,2025-07-24
SKYU,113.85,2025-07-24
VSEC,113.82,2025-07-24
RILYP,113.71,2025-07-24
RING,113.66,2025-07-24
RILYK,113.48,2025-07-24
UPRO,113.43,2025-07-24
UNFI,113.36,2025-07-24
SAH,113.35,2025-07-24
WYNN,113.3,2025-07-24
SPXL,113.28,2025-07-24
TT,113.26,2025-07-24
SJT,113.12,2025-07-24
TD,113.1,2025-07-24
TG,113.09,2025-07-24
RILY,112.9,2025-07-24
STKL,112.82,2025-07-24
VOD,112.82,2025-07-24
TWI,112.6,2025-07-24
SILJ,112.58,2025-07-24
SANM,112.55,2025-07-24
Z,112.53,2025-07-24
UPV,112.29,2025-07-24
VIRT,112.28,2025-07-24
UGI,112.25,2025-07-24
SMCI,112.16,2025-07-24
XTL,112.05,2025-07-24
SPYU,111.88,2025-07-24
RUM,111.84,2025-07-24
SST,111.73,2025-07-24
RSI,111.61,2025-07-24
SOXL,111.56,2025-07-24
STT,111.32,2025-07-24
ZG,111.08,2025-07-24
WFC,111.02,2025-07-24
UTES,110.94,2025-07-24
UAE,110.9,2025-07-24
SEPN,110.89,2025-07-24
SSYS,110.7,2025-07-24
SFYF,110.61,2025-07-24
TTWO,110.52,2025-07-24
WULF,110.5,2025-07-24
SRBK,110.35,2025-07-24
SIXG,110.22,2025-07-24
RMBS,110.21,2025-07-24
SHOC,110.2,2025-07-24
TKO,110.19,2025-07-24
TAYD,110.18,2025-07-24
UXAP,110.06,2025-07-24
WHLRD,109.98,2025-07-24
TOGA,109.91,2025-07-24
WISE,109.84,2025-07-24
WTAI,109.78,2025-07-24
YGLD,109.67,2025-07-24
TRFM,109.67,2025-07-24
WCC,109.65,2025-07-24
WUGI,109.63,2025-07-24
UBER,109.63,2025-07-24
URNM,109.62,2025-07-24
SNPS,109.51,2025-07-24
VERS,109.49,2025-07-24
SLM,109.48,2025-07-24
WELL,109.38,2025-07-24
STRF,109.29,2025-07-24
SNDK,109.23,2025-07-24
SNX,109.23,2025-07-24
RJF,109.21,2025-07-24
VALN,109.18,2025-07-24
XAIX,109.16,2025-07-24
SPMO,109.15,2025-07-24
TWN,109.11,2025-07-24
SMH,109.05,2025-07-24
WTS,108.97,2025-07-24
WB,108.97,2025-07-24
SIVR,108.96,2025-07-24
TITN,108.95,2025-07-24
SAMT,108.89,2025-07-24
STHH,108.89,2025-07-24
T,108.86,2025-07-24
UBS,108.84,2025-07-24
RPRX,108.73,2025-07-24
SLV,108.71,2025-07-24
SIG,108.7,2025-07-24
RTXG,108.65,2025-07-24
TCBI,108.5,2025-07-24
TXNM,108.46,2025-07-24
TDY,108.35,2025-07-24
VIV,108.27,2025-07-24
UNIT,108.24,2025-07-24
XPO,108.1,2025-07-24
SCLX,108.04,2025-07-24
RILYT,108.03,2025-07-24
RNW,108.02,2025-07-24
URI,108.0,2025-07-24
UTSL,107.98,2025-07-24
XNTK,107.97,2025-07-24
TRUP,107.94,2025-07-24
SNRE,107.91,2025-07-24
SKYT,107.82,2025-07-24
TTEQ,107.75,2025-07-24
SNV,107.74,2025-07-24
SPHB,107.65,2025-07-24
WBS,107.62,2025-07-24
THNQ,107.59,2025-07-24
THMZ,107.55,2025-07-24
SPUU,107.46,2025-07-24
VBIX,107.44,2025-07-24
STOK,107.43,2025-07-24
TIMB,107.38,2025-07-24
THFF,107.31,2025-07-24
SF,107.21,2025-07-24
SSO,107.2,2025-07-24
SONY,107.17,2025-07-24
UYG,107.12,2025-07-24
TCHI,107.11,2025-07-24
URNJ,107.02,2025-07-24
SPXC,107.01,2025-07-24
VCLN,106.88,2025-07-24
TRI,106.85,2025-07-24
TDF,106.82,2025-07-24
TRIP,106.79,2025-07-24
SPYQ,106.77,2025-07-24
SA,106.76,2025-07-24
UIVM,106.54,2025-07-24
TPTA,106.45,2025-07-24
XYZ,106.45,2025-07-24
TASK,106.42,2025-07-24
WANT,106.42,2025-07-24
WILD,106.31,2025-07-24
YMM,106.29,2025-07-24
UPGR,106.24,2025-07-24
VTSI,106.19,2025-07-24
UVE,106.19,2025-07-24
YUMC,106.18,2025-07-24
RVER,106.17,2025-07-24
SLAB,106.15,2025-07-24
SFD,106.15,2025-07-24
WAR,106.14,2025-07-24
TEF,106.07,2025-07-24
SPR,106.04,2025-07-24
UTG,106.03,2025-07-24
VMI,106.02,2025-07-24
VIPS,106.01,2025-07-24
VOX,105.99,2025-07-24
VGT,105.94,2025-07-24
SCHC,105.92,2025-07-24
SKYW,105.84,2025-07-24
TDG,105.8,2025-07-24
TDIV,105.77,2025-07-24
SEIC,105.75,2025-07-24
XLK,105.7,2025-07-24
UBOT,105.7,2025-07-24
SMP,105.6,2025-07-24
VAC,105.53,2025-07-24
RPG,105.5,2025-07-24
RND,105.5,2025-07-24
SPFI,105.4,2025-07-24
XIDV,105.29,2025-07-24
SPTE,105.26,2025-07-24
XSD,105.23,2025-07-24
SMFG,105.1,2025-07-24
TEK,105.08,2025-07-24
XLC,105.05,2025-07-24
WRLD,105.03,2025-07-24
SGOL,105.0,2025-07-24
TBPH,105.0,2025-07-24
ROBT,104.99,2025-07-24
TBI,104.96,2025-07-24
TAN,104.94,2025-07-24
SPYG,104.94,2025-07-24
VOOG,104.93,2025-07-24
SEIM,104.93,2025-07-24
TSEL,104.93,2025-07-24
ST,104.93,2025-07-24
VCTR,104.82,2025-07-24
WAY,104.82,2025-07-24
VIDI,104.81,2025-07-24
RMD,104.76,2025-07-24
WSML,104.75,2025-07-24
SKYY,104.75,2025-07-24
XPND,104.7,2025-07-24
WNDY,104.66,2025-07-24
XOVR,104.62,2025-07-24
VAPE,104.55,2025-07-24
VUG,104.55,2025-07-24
SOXQ,104.53,2025-07-24
STEL,104.5,2025-07-24
TOPC,104.47,2025-07-24
TXG,104.45,2025-07-24
SFY,104.37,2025-07-24
SPUC,104.29,2025-07-24
VOT,104.27,2025-07-24
RRBI,104.19,2025-07-24
SIBN,104.19,2025-07-24
UCC,104.12,2025-07-24
SOLR,104.08,2025-07-24
UNM,104.06,2025-07-24
YOU,104.06,2025-07-24
SMBK,104.02,2025-07-24
TCHP,104.01,2025-07-24
VONG,103.96,2025-07-24
ROBO,103.95,2025-07-24
WFH,103.91,2025-07-24
TXUE,103.86,2025-07-24
TDI,103.78,2025-07-24
XITK,103.78,2025-07-24
VRNS,103.77,2025-07-24
VAL,103.66,2025-07-24
SPBC,103.66,2025-07-24
UXRP,103.64,2025-07-24
TPIF,103.64,2025-07-24
TLTD,103.63,2025-07-24
TMFC,103.51,2025-07-24
SNTH,103.5,2025-07-24
XSW,103.46,2025-07-24
XLI,103.45,2025-07-24
TCX,103.4,2025-07-24
SEIE,103.35,2025-07-24
SCZ,103.32,2025-07-24
TSLX,103.25,2025-07-24
UPW,103.22,2025-07-24
VIASP,103.17,2025-07-24
RSPC,103.16,2025-07-24
WTFC,103.13,2025-07-24
XYLO,103.13,2025-07-24
SNN,103.09,2025-07-24
SMOG,103.04,2025-07-24
SHBI,103.03,2025-07-24
WCBR,103.02,2025-07-24
VWID,103.02,2025-07-24
SEMI,102.98,2025-07-24
THIR,102.96,2025-07-24
V,102.93,2025-07-24
SCHG,102.85,2025-07-24
WHG,102.83,2025-07-24
USXF,102.81,2025-07-24
VSS,102.79,2025-07-24
VIS,102.75,2025-07-24
WINN,102.74,2025-07-24
SSK,102.7,2025-07-24
TGLR,102.7,2025-07-24
YALL,102.69,2025-07-24
TGRT,102.66,2025-07-24
WCME,102.65,2025-07-24
USM,102.6,2025-07-24
RSHO,102.58,2025-07-24
RODM,102.58,2025-07-24
RRX,102.57,2025-07-24
STNE,102.57,2025-07-24
TEMX,102.54,2025-07-24
SEEM,102.43,2025-07-24
SYBT,102.41,2025-07-24
XXCH,102.39,2025-07-24
TGRW,102.38,2025-07-24
TSLA,102.38,2025-07-24
TOUS,102.34,2025-07-24
SIMS,102.31,2025-07-24
UDOW,102.29,2025-07-24
STXG,102.27,2025-07-24
ULE,102.24,2025-07-24
SOXX,102.2,2025-07-24
TMFX,102.18,2025-07-24
VSLU,102.12,2025-07-24
RSPT,102.1,2025-07-24
SAP,102.09,2025-07-24
SAGP,102.03,2025-07-24
SPXV,102.03,2025-07-24
VICE,102.02,2025-07-24
TOPT,101.99,2025-07-24
SNPG,101.94,2025-07-24
WRND,101.93,2025-07-24
UAN,101.81,2025-07-24
SSL,101.81,2025-07-24
TS,101.8,2025-07-24
TECB,101.79,2025-07-24
YOKE,101.75,2025-07-24
SSNC,101.75,2025-07-24
WSM,101.65,2025-07-24
VYMI,101.62,2025-07-24
RGEF,101.56,2025-07-24
SBS,101.55,2025-07-24
TEX,101.54,2025-07-24
XT,101.51,2025-07-24
XLG,101.51,2025-07-24
WWJD,101.48,2025-07-24
TEMP,101.46,2025-07-24
SLX,101.44,2025-07-24
SCJ,101.43,2025-07-24
ZAP,101.43,2025-07-24
TGS,101.41,2025-07-24
VEA,101.39,2025-07-24
TRMK,101.38,2025-07-24
YPF,101.32,2025-07-24
SPUS,101.29,2025-07-24
XTAP,101.26,2025-07-24
VTOL,101.21,2025-07-24
SBLK,101.18,2025-07-24
SCHE,101.15,2025-07-24
VGK,101.14,2025-07-24
TLTE,101.13,2025-07-24
VXUS,101.13,2025-07-24
XDAT,101.12,2025-07-24
TDVI,101.11,2025-07-24
SCHF,101.08,2025-07-24
SPEU,101.07,2025-07-24
SEB,101.05,2025-07-24
USCI,101.04,2025-07-24
VWO,101.03,2025-07-24
WLTG,101.02,2025-07-24
WTRE,101.02,2025-07-24
VEU,101.01,2025-07-24
SPXN,101.01,2025-07-24
SPDW,101.01,2025-07-24
TBLD,101.0,2025-07-24
TCOM,100.99,2025-07-24
SITM,100.99,2025-07-24
RILA,100.99,2025-07-24
RITM,100.95,2025-07-24
STEP,100.94,2025-07-24
XDOC,100.91,2025-07-24
SPAM,100.89,2025-07-24
SHEN,100.88,2025-07-24
VLGEA,100.87,2025-07-24
USRD,100.85,2025-07-24
RTACU,100.83,2025-07-24
XEL,100.82,2025-07-24
XSOE,100.79,2025-07-24
UDIV,100.78,2025-07-24
XUSP,100.77,2025-07-24
VFH,100.69,2025-07-24
TUG,100.69,2025-07-24
RGT,100.68,2025-07-24
VPL,100.66,2025-07-24
TRC,100.6,2025-07-24
RSPN,100.6,2025-07-24
RNWZ,100.58,2025-07-24
VPG,100.55,2025-07-24
RSG,100.52,2025-07-24
VSGX,100.52,2025-07-24
SMID,100.52,2025-07-24
SUSL,100.49,2025-07-24
UEVM,100.46,2025-07-24
SPXE,100.44,2025-07-24
STRV,100.43,2025-07-24
VOTE,100.41,2025-07-24
USG,100.38,2025-07-24
VV,100.37,2025-07-24
ROL,100.32,2025-07-24
VRTS,100.3,2025-07-24
VT,100.3,2025-07-24
TSEM,100.3,2025-07-24
RSSB,100.29,2025-07-24
SPD,100.28,2025-07-24
USSG,100.26,2025-07-24
SSUS,100.26,2025-07-24
WMT,100.25,2025-07-24
SDIV,100.24,2025-07-24
SPEM,100.24,2025-07-24
SKWD,100.23,2025-07-24
XVV,100.21,2025-07-24
TOK,100.19,2025-07-24
VOLT,100.19,2025-07-24
SOXY,100.19,2025-07-24
USPX,100.17,2025-07-24
SPYX,100.17,2025-07-24
WDS,100.16,2025-07-24
SPGM,100.16,2025-07-24
URTH,100.16,2025-07-24
RSSX,100.15,2025-07-24
SCHX,100.14,2025-07-24
SPOK,100.14,2025-07-24
SECT,100.12,2025-07-24
TCAF,100.11,2025-07-24
VONE,100.1,2025-07-24
TDEC,100.1,2025-07-24
XLF,100.09,2025-07-24
SPLG,100.06,2025-07-24
ZYME,100.05,2025-07-24
VOO,100.02,2025-07-24
SCHK,100.02,2025-07-24
VNT,99.98,2025-07-24
VEGN,99.93,2025-07-24
XCEM,99.92,2025-07-24
WDIV,99.9,2025-07-24
TOV,99.88,2025-07-24
SCHB,99.86,2025-07-24
TSEP,99.82,2025-07-24
XTJL,99.82,2025-07-24
TSPA,99.81,2025-07-24
VTI,99.77,2025-07-24
ROAM,99.76,2025-07-24
VTHR,99.76,2025-07-24
SEIV,99.75,2025-07-24
WEC,99.73,2025-07-24
USCL,99.71,2025-07-24
SBCF,99.69,2025-07-24
SSPX,99.69,2025-07-24
RY,99.68,2025-07-24
USCA,99.63,2025-07-24
USNZ,99.62,2025-07-24
XTOC,99.58,2025-07-24
STXI,99.5,2025-07-24
SUPP,99.48,2025-07-24
SPTM,99.44,2025-07-24
XLY,99.44,2025-07-24
SPWO,99.44,2025-07-24
ZZZ,99.43,2025-07-24
TRU,99.42,2025-07-24
TSL,99.42,2025-07-24
TDV,99.4,2025-07-24
TAX,99.4,2025-07-24
RIVN,99.4,2025-07-24
TSCO,99.4,2025-07-24
ZION,99.33,2025-07-24
TBLU,99.33,2025-07-24
SSXU,99.3,2025-07-24
SRVR,99.29,2025-07-24
WLDR,99.28,2025-07-24
UXOC,99.23,2025-07-24
WRB,99.22,2025-07-24
RNRG,99.22,2025-07-24
TSPX,99.2,2025-07-24
THRO,99.19,2025-07-24
XTJA,99.19,2025-07-24
TMUS,99.15,2025-07-24
YRD,99.13,2025-07-24
RSPF,99.12,2025-07-24
TSBK,99.11,2025-07-24
SNPE,99.03,2025-07-24
SLF,99.01,2025-07-24
SHE,99.01,2025-07-24
RSPU,98.99,2025-07-24
VCR,98.98,2025-07-24
SROI,98.94,2025-07-24
SDCI,98.9,2025-07-24
USMC,98.9,2025-07-24
UJUL,98.89,2025-07-24
TXS,98.89,2025-07-24
XRT,98.85,2025-07-24
UXJA,98.82,2025-07-24
VXF,98.8,2025-07-24
SNAV,98.79,2025-07-24
XTN,98.76,2025-07-24
UFCS,98.71,2025-07-24
VNSE,98.7,2025-07-24
VFMO,98.7,2025-07-24
VO,98.7,2025-07-24
RSPD,98.68,2025-07-24
VUSE,98.68,2025-07-24
XDQQ,98.68,2025-07-24
TMDX,98.68,2025-07-24
RRR,98.65,2025-07-24
RUN,98.61,2025-07-24
RXD,98.61,2025-07-24
TILT,98.59,2025-07-24
WTV,98.57,2025-07-24
SCHY,98.55,2025-07-24
RFV,98.54,2025-07-24
SPYC,98.53,2025-07-24
SOLV,98.51,2025-07-24
RXI,98.46,2025-07-24
XCOR,98.44,2025-07-24
YORKU,98.41,2025-07-24
SPYH,98.34,2025-07-24
SUSA,98.29,2025-07-24
UMMA,98.26,2025-07-24
SMA,98.23,2025-07-24
VEGI,98.21,2025-07-24
SQM,98.19,2025-07-24
UAUG,98.18,2025-07-24
TGLS,98.17,2025-07-24
SNSR,98.14,2025-07-24
XDSQ,98.11,2025-07-24
SEPT,98.09,2025-07-24
USLM,98.07,2025-07-24
WPC,98.07,2025-07-24
SLGN,97.96,2025-07-24
YETI,97.95,2025-07-24
RHRX,97.95,2025-07-24
VNQI,97.94,2025-07-24
SMLR,97.94,2025-07-24
SIXA,97.93,2025-07-24
SMDX,97.93,2025-07-24
UBCP,97.91,2025-07-24
TFC,97.87,2025-07-24
TSME,97.84,2025-07-24
XBAP,97.83,2025-07-24
SHPP,97.78,2025-07-24
SPHQ,97.77,2025-07-24
TACOU,97.75,2025-07-24
SEPP,97.74,2025-07-24
TTD,97.71,2025-07-24
SIXF,97.7,2025-07-24
VLO,97.69,2025-07-24
STXD,97.68,2025-07-24
YSEP,97.67,2025-07-24
THC,97.61,2025-07-24
TEI,97.6,2025-07-24
XLSR,97.57,2025-07-24
RSEE,97.57,2025-07-24
SAWG,97.55,2025-07-24
VLLU,97.53,2025-07-24
RTH,97.5,2025-07-24
STXE,97.5,2025-07-24
SIXJ,97.47,2025-07-24
TUGN,97.47,2025-07-24
XLU,97.47,2025-07-24
SHCO,97.47,2025-07-24
ZHDG,97.47,2025-07-24
YJUN,97.46,2025-07-24
SWP,97.46,2025-07-24
TKR,97.39,2025-07-24
XC,97.39,2025-07-24
SWKH,97.38,2025-07-24
VPU,97.37,2025-07-24
SYK,97.36,2025-07-24
TMAR,97.36,2025-07-24
SYY,97.35,2025-07-24
UJUN,97.32,2025-07-24
VNO,97.31,2025-07-24
STEW,97.31,2025-07-24
TRST,97.3,2025-07-24
VLUE,97.27,2025-07-24
SDEM,97.27,2025-07-24
SFYX,97.26,2025-07-24
SIXP,97.25,2025-07-24
ZWS,97.24,2025-07-24
XBJL,97.23,2025-07-24
SEIQ,97.21,2025-07-24
XMAG,97.2,2025-07-24
XJUN,97.2,2025-07-24
SIZE,97.19,2025-07-24
TU,97.19,2025-07-24
ROE,97.17,2025-07-24
SO,97.14,2025-07-24
TTEC,97.09,2025-07-24
SPBU,97.08,2025-07-24
SQFT,97.06,2025-07-24
SMRI,97.06,2025-07-24
ROPE,97.04,2025-07-24
USEP,97.01,2025-07-24
VEGA,96.98,2025-07-24
ZBRA,96.98,2025-07-24
XMMO,96.98,2025-07-24
SPVM,96.97,2025-07-24
SPXT,96.96,2025-07-24
WMB,96.91,2025-07-24
VLU,96.91,2025-07-24
XAPR,96.91,2025-07-24
SMLF,96.89,2025-07-24
ULVM,96.83,2025-07-24
YMAR,96.82,2025-07-24
SOBO,96.81,2025-07-24
RINT,96.8,2025-07-24
UTF,96.8,2025-07-24
VBK,96.78,2025-07-24
THEQ,96.78,2025-07-24
TMV,96.76,2025-07-24
RSST,96.73,2025-07-24
RSKD,96.72,2025-07-24
XBJA,96.72,2025-07-24
TOWN,96.72,2025-07-24
XBOC,96.72,2025-07-24
SCHV,96.71,2025-07-24
TRIO,96.68,2025-07-24
UCB,96.68,2025-07-24
TMFE,96.66,2025-07-24
TIC,96.65,2025-07-24
UMAR,96.64,2025-07-24
RWK,96.63,2025-07-24
SHEL,96.63,2025-07-24
SFLO,96.62,2025-07-24
SMOT,96.6,2025-07-24
SSPY,96.59,2025-07-24
SABA,96.59,2025-07-24
ZECP,96.56,2025-07-24
SEPU,96.55,2025-07-24
TPZ,96.5,2025-07-24
RHTX,96.49,2025-07-24
RKT,96.49,2025-07-24
RSPE,96.48,2025-07-24
SMCO,96.47,2025-07-24
TW,96.47,2025-07-24
ZGN,96.46,2025-07-24
RSP,96.42,2025-07-24
SBAC,96.41,2025-07-24
SR,96.39,2025-07-24
TPOR,96.39,2025-07-24
TXRH,96.38,2025-07-24
SBUX,96.37,2025-07-24
VLY,96.36,2025-07-24
ZSB,96.33,2025-07-24
SPE,96.33,2025-07-24
RZV,96.32,2025-07-24
VYM,96.3,2025-07-24
SEPZ,96.28,2025-07-24
SFLR,96.28,2025-07-24
SPGP,96.25,2025-07-24
WEX,96.25,2025-07-24
RNST,96.25,2025-07-24
UNOV,96.25,2025-07-24
TWOX,96.24,2025-07-24
WING,96.24,2025-07-24
VIG,96.24,2025-07-24
VTR,96.2,2025-07-24
STXM,96.2,2025-07-24
UOCT,96.17,2025-07-24
SMIZ,96.15,2025-07-24
VMAX,96.15,2025-07-24
XMAY,96.14,2025-07-24
SLN,96.13,2025-07-24
SHDG,96.13,2025-07-24
WCLD,96.12,2025-07-24
XCNY,96.11,2025-07-24
WAB,96.1,2025-07-24
RJMG,96.09,2025-07-24
RWX,96.07,2025-07-24
SCHM,96.06,2025-07-24
XMAR,96.01,2025-07-24
UJAN,96.01,2025-07-24
SMLL,96.01,2025-07-24
VIAV,95.98,2025-07-24
TDVG,95.96,2025-07-24
RWL,95.95,2025-07-24
RGLO,95.94,2025-07-24
XNAV,95.94,2025-07-24
YUM,95.92,2025-07-24
ROUS,95.91,2025-07-24
SXQG,95.87,2025-07-24
THLV,95.87,2025-07-24
VSTL,95.87,2025-07-24
TRV,95.86,2025-07-24
SHUS,95.86,2025-07-24
XJUL,95.85,2025-07-24
THG,95.84,2025-07-24
WAL,95.84,2025-07-24
SMMD,95.82,2025-07-24
UFEB,95.82,2025-07-24
SEPW,95.82,2025-07-24
TTAN,95.79,2025-07-24
XVOL,95.78,2025-07-24
SNPV,95.78,2025-07-24
VFQY,95.76,2025-07-24
WCEO,95.76,2025-07-24
SMCF,95.74,2025-07-24
TPLC,95.74,2025-07-24
SPCX,95.72,2025-07-24
TMET,95.7,2025-07-24
VONV,95.7,2025-07-24
SPXX,95.67,2025-07-24
WSFS,95.66,2025-07-24
RISN,95.65,2025-07-24
TPLE,95.65,2025-07-24
XDEC,95.63,2025-07-24
XFEB,95.63,2025-07-24
RWJ,95.61,2025-07-24
TILE,95.59,2025-07-24
SDG,95.57,2025-07-24
SHRY,95.56,2025-07-24
VIGI,95.56,2025-07-24
TMSL,95.56,2025-07-24
VRDN,95.53,2025-07-24
XP,95.51,2025-07-24
UDEC,95.5,2025-07-24
XOCT,95.5,2025-07-24
SAEF,95.49,2025-07-24
UPB,95.49,2025-07-24
XNOV,95.49,2025-07-24
VFLO,95.48,2025-07-24
VTWG,95.47,2025-07-24
UWM,95.47,2025-07-24
RRC,95.47,2025-07-24
SWX,95.46,2025-07-24
TOLL,95.41,2025-07-24
XV,95.41,2025-07-24
USML,95.4,2025-07-24
VB,95.39,2025-07-24
XJAN,95.39,2025-07-24
SION,95.37,2025-07-24
XSEP,95.36,2025-07-24
UMAY,95.34,2025-07-24
ROCK,95.32,2025-07-24
XAUG,95.32,2025-07-24
RUSC,95.3,2025-07-24
TPG,95.25,2025-07-24
RPHS,95.25,2025-07-24
UDI,95.23,2025-07-24
WOMN,95.21,2025-07-24
SPGI,95.2,2025-07-24
SLVO,95.19,2025-07-24
TXUG,95.17,2025-07-24
SPUT,95.17,2025-07-24
UX,95.17,2025-07-24
TVAL,95.15,2025-07-24
VICI,95.13,2025-07-24
TBFG,95.13,2025-07-24
VOYA,95.09,2025-07-24
WMK,95.08,2025-07-24
TYLG,95.07,2025-07-24
SKX,95.06,2025-07-24
SEA,95.04,2025-07-24
WST,95.04,2025-07-24
TNA,95.03,2025-07-24
XUDV,95.02,2025-07-24
SPMV,95.01,2025-07-24
URTY,95.01,2025-07-24
SBXD,94.98,2025-07-24
ZJUL,94.98,2025-07-24
VSTM,94.96,2025-07-24
YBTC,94.94,2025-07-24
TLCI,94.93,2025-07-24
SCHA,94.92,2025-07-24
SCM,94.91,2025-07-24
WCMI,94.87,2025-07-24
SELV,94.87,2025-07-24
RULE,94.86,2025-07-24
SHEH,94.81,2025-07-24
VTV,94.81,2025-07-24
SPDG,94.8,2025-07-24
RSDE,94.79,2025-07-24
TBG,94.78,2025-07-24
ZALT,94.76,2025-07-24
RUNN,94.75,2025-07-24
UPGD,94.74,2025-07-24
SPBW,94.73,2025-07-24
SRHQ,94.72,2025-07-24
SU,94.72,2025-07-24
VFMF,94.68,2025-07-24
RWAY,94.68,2025-07-24
SCCD,94.64,2025-07-24
TPHD,94.62,2025-07-24
RPM,94.61,2025-07-24
VFMV,94.6,2025-07-24
SAGE,94.59,2025-07-24
WBIY,94.58,2025-07-24
VTWO,94.58,2025-07-24
SPBX,94.57,2025-07-24
RLY,94.57,2025-07-24
YDEC,94.56,2025-07-24
STXV,94.56,2025-07-24
VRSK,94.54,2025-07-24
RNEM,94.54,2025-07-24
SPYV,94.53,2025-07-24
SBRA,94.52,2025-07-24
VXZ,94.51,2025-07-24
ZAUG,94.5,2025-07-24
RW,94.48,2025-07-24
SPCZ,94.47,2025-07-24
VOOV,94.45,2025-07-24
VOE,94.44,2025-07-24
SNA,94.44,2025-07-24
RSJN,94.44,2025-07-24
UJB,94.41,2025-07-24
UPSD,94.41,2025-07-24
WS,94.4,2025-07-24
SWAN,94.39,2025-07-24
VFVA,94.39,2025-07-24
RSMR,94.36,2025-07-24
VCICU,94.36,2025-07-24
SIXD,94.35,2025-07-24
TWFG,94.33,2025-07-24
SEMG,94.32,2025-07-24
SIXO,94.31,2025-07-24
STNC,94.31,2025-07-24
UHT,94.3,2025-07-24
SPDV,94.29,2025-07-24
TACK,94.29,2025-07-24
RMBI,94.28,2025-07-24
TEQI,94.28,2025-07-24
VSDA,94.28,2025-07-24
TMFS,94.28,2025-07-24
RSSE,94.26,2025-07-24
XYL,94.26,2025-07-24
VIXM,94.24,2025-07-24
TTT,94.24,2025-07-24
TBT,94.24,2025-07-24
VBR,94.22,2025-07-24
SMBC,94.22,2025-07-24
RSSL,94.21,2025-07-24
WKC,94.21,2025-07-24
ZM,94.2,2025-07-24
USMF,94.2,2025-07-24
XRLX,94.18,2025-07-24
SBAR,94.18,2025-07-24
WM,94.18,2025-07-24
TOLZ,94.16,2025-07-24
SURE,94.16,2025-07-24
SPMD,94.16,2025-07-24
USSE,94.15,2025-07-24
VYLD,94.15,2025-07-24
SGLC,94.14,2025-07-24
TCBS,94.13,2025-07-24
SPYA,94.12,2025-07-24
RZG,94.12,2025-07-24
XPEL,94.09,2025-07-24
SIXZ,94.09,2025-07-24
SBFG,94.08,2025-07-24
TINT,94.06,2025-07-24
UMC,94.01,2025-07-24
VSH,93.98,2025-07-24
TPSC,93.98,2025-07-24
ZTR,93.94,2025-07-24
TY,93.93,2025-07-24
UMBF,93.92,2025-07-24
SAR,93.9,2025-07-24
UMDD,93.9,2025-07-24
TARS,93.89,2025-07-24
ZSC,93.87,2025-07-24
VMC,93.86,2025-07-24
SMG,93.86,2025-07-24
XJH,93.8,2025-07-24
XMVM,93.79,2025-07-24
SCDS,93.78,2025-07-24
UPWK,93.78,2025-07-24
VSMV,93.78,2025-07-24
WBIF,93.78,2025-07-24
ZSEP,93.76,2025-07-24
SAMM,93.76,2025-07-24
RIFR,93.74,2025-07-24
UCIB,93.74,2025-07-24
VALQ,93.72,2025-07-24
RPV,93.71,2025-07-24
RNP,93.66,2025-07-24
XSMO,93.65,2025-07-24
UAPR,93.65,2025-07-24
SMAX,93.65,2025-07-24
VLYPP,93.65,2025-07-24
VTWV,93.64,2025-07-24
SSB,93.64,2025-07-24
RSVR,93.6,2025-07-24
TYG,93.6,2025-07-24
STXK,93.59,2025-07-24
SPAQ,93.59,2025-07-24
SMAP,93.56,2025-07-24
SQMX,93.55,2025-07-24
TJX,93.51,2025-07-24
WBA,93.49,2025-07-24
USO,93.49,2025-07-24
SRCE,93.46,2025-07-24
YLDE,93.46,2025-07-24
SILC,93.45,2025-07-24
UMBFO,93.45,2025-07-24
XMHQ,93.45,2025-07-24
RNIN,93.45,2025-07-24
ROMO,93.43,2025-07-24
SEIS,93.42,2025-07-24
TIPT,93.4,2025-07-24
SEPM,93.39,2025-07-24
USB,93.38,2025-07-24
SQEW,93.38,2025-07-24
SDY,93.37,2025-07-24
SFBS,93.37,2025-07-24
RUSHB,93.37,2025-07-24
UZD,93.36,2025-07-24
THO,93.35,2025-07-24
RSMC,93.35,2025-07-24
UDN,93.35,2025-07-24
SGA,93.33,2025-07-24
SPVU,93.3,2025-07-24
TFNS,93.28,2025-07-24
SNOV,93.26,2025-07-24
USAI,93.25,2025-07-24
USMV,93.24,2025-07-24
UA,93.22,2025-07-24
WZRD,93.21,2025-07-24
TROW,93.21,2025-07-24
TJAN,93.2,2025-07-24
TINY,93.16,2025-07-24
SDOG,93.15,2025-07-24
SAUG,93.13,2025-07-24
RMT,93.12,2025-07-24
TBFC,93.11,2025-07-24
WH,93.09,2025-07-24
SUPL,93.08,2025-07-24
URE,93.08,2025-07-24
VZ,93.06,2025-07-24
VTEX,93.05,2025-07-24
TJUL,93.04,2025-07-24
SPLV,93.02,2025-07-24
ZOCT,93.0,2025-07-24
XHR,92.99,2025-07-24
TXT,92.98,2025-07-24
TJUN,92.96,2025-07-24
SOFL,92.96,2025-07-24
WTW,92.96,2025-07-24
VGSR,92.96,2025-07-24
SAIL,92.95,2025-07-24
WTFCN,92.91,2025-07-24
ZNOV,92.91,2025-07-24
XRLV,92.9,2025-07-24
SVII,92.9,2025-07-24
TPYP,92.89,2025-07-24
SW,92.89,2025-07-24
SFEB,92.88,2025-07-24
TMFG,92.88,2025-07-24
USAR,92.86,2025-07-24
RTAC,92.84,2025-07-24
VLTO,92.83,2025-07-24
TBMC,92.82,2025-07-24
TAPR,92.81,2025-07-24
TRTX,92.81,2025-07-24
UAA,92.8,2025-07-24
ZIG,92.77,2025-07-24
USVM,92.76,2025-07-24
UPAR,92.75,2025-07-24
VET,92.73,2025-07-24
USAF,92.73,2025-07-24
TRTY,92.72,2025-07-24
SVAL,92.71,2025-07-24
TAK,92.68,2025-07-24
TSPY,92.66,2025-07-24
SDVY,92.64,2025-07-24
SMIG,92.64,2025-07-24
SIXH,92.63,2025-07-24
ZDEK,92.61,2025-07-24
VAW,92.58,2025-07-24
VTS,92.58,2025-07-24
RS,92.56,2025-07-24
TRIN,92.55,2025-07-24
ZJAN,92.53,2025-07-24
SRET,92.5,2025-07-24
RPAR,92.5,2025-07-24
WLAC,92.48,2025-07-24
TURF,92.47,2025-07-24
TM,92.43,2025-07-24
TGNA,92.43,2025-07-24
TFSA,92.39,2025-07-24
VALE,92.36,2025-07-24
TDACU,92.35,2025-07-24
XLRE,92.34,2025-07-24
WEST,92.33,2025-07-24
SIMA,92.33,2025-07-24
TPHE,92.33,2025-07-24
XLB,92.32,2025-07-24
SCAP,92.32,2025-07-24
VCIC,92.29,2025-07-24
UVSP,92.29,2025-07-24
WMG,92.28,2025-07-24
ZFEB,92.28,2025-07-24
TMP,92.25,2025-07-24
ZMAR,92.24,2025-07-24
TMH,92.22,2025-07-24
SQLV,92.22,2025-07-24
WSBF,92.21,2025-07-24
SDHY,92.21,2025-07-24
RSMV,92.19,2025-07-24
SMCX,92.19,2025-07-24
YNOT,92.19,2025-07-24
UYM,92.17,2025-07-24
RUSHA,92.15,2025-07-24
SPYI,92.15,2025-07-24
USCB,92.12,2025-07-24
TWOD,92.12,2025-07-24
WHR,92.1,2025-07-24
TACO,92.07,2025-07-24
TBF,92.07,2025-07-24
SDRL,92.06,2025-07-24
XJR,92.06,2025-07-24
STOX,92.04,2025-07-24
SNDR,92.02,2025-07-24
SBH,92.01,2025-07-24
WTIP,92.01,2025-07-24
SMLV,92.0,2025-07-24
SLRC,91.99,2025-07-24
VIOO,91.99,2025-07-24
RIV,91.98,2025-07-24
UVV,91.98,2025-07-24
SVV,91.97,2025-07-24
TDAC,91.96,2025-07-24
VIOG,91.95,2025-07-24
ZAPR,91.93,2025-07-24
TXSS,91.93,2025-07-24
RSBA,91.93,2025-07-24
RVSB,91.91,2025-07-24
TAVI,91.9,2025-07-24
VDC,91.89,2025-07-24
VACH,91.88,2025-07-24
SMMV,91.87,2025-07-24
TK,91.86,2025-07-24
SAJ,91.86,2025-07-24
ULY,91.82,2025-07-24
SVCC,91.82,2025-07-24
XOMX,91.82,2025-07-24
TREX,91.81,2025-07-24
ZIONP,91.79,2025-07-24
SLYG,91.78,2025-07-24
WDI,91.78,2025-07-24
SOR,91.78,2025-07-24
SFTY,91.77,2025-07-24
WTMF,91.75,2025-07-24
TDW,91.75,2025-07-24
STRD,91.75,2025-07-24
TIER,91.74,2025-07-24
VIOV,91.74,2025-07-24
SBR,91.71,2025-07-24
WTGUU,91.71,2025-07-24
UMI,91.7,2025-07-24
SCDV,91.69,2025-07-24
ZTOP,91.68,2025-07-24
VG,91.67,2025-07-24
SELF,91.66,2025-07-24
USAC,91.66,2025-07-24
VAMO,91.66,2025-07-24
RSPR,91.65,2025-07-24
VNIE,91.65,2025-07-24
SPKL,91.63,2025-07-24
RTO,91.63,2025-07-24
XMLV,91.62,2025-07-24
SPSM,91.62,2025-07-24
XEMD,91.6,2025-07-24
RISR,91.6,2025-07-24
VEMY,91.58,2025-07-24
VLT,91.55,2025-07-24
YHNA,91.55,2025-07-24
RNTY,91.55,2025-07-24
WEYS,91.52,2025-07-24
SNPD,91.52,2025-07-24
SLYV,91.44,2025-07-24
TDSB,91.44,2025-07-24
TPVG,91.43,2025-07-24
SRE,91.41,2025-07-24
TACHU,91.4,2025-07-24
USNG,91.4,2025-07-24
SPHD,91.37,2025-07-24
TRML,91.37,2025-07-24
TOAK,91.37,2025-07-24
RIGS,91.36,2025-07-24
THNR,91.35,2025-07-24
TGLB,91.35,2025-07-24
WLFC,91.33,2025-07-24
XTR,91.3,2025-07-24
RSPM,91.3,2025-07-24
UNL,91.29,2025-07-24
SCHL,91.28,2025-07-24
SPYD,91.27,2025-07-24
SPXM,91.26,2025-07-24
SAPH,91.23,2025-07-24
WSBC,91.2,2025-07-24
ZMAY,91.2,2025-07-24
VNQ,91.2,2025-07-24
TMDV,91.2,2025-07-24
TXN,91.19,2025-07-24
SZZLU,91.18,2025-07-24
WENNU,91.18,2025-07-24
SOJF,91.18,2025-07-24
VGI,91.17,2025-07-24
XLP,91.17,2025-07-24
TVE,91.17,2025-07-24
TVC,91.16,2025-07-24
VLCN,91.16,2025-07-24
TTEK,91.13,2025-07-24
VWOB,91.13,2025-07-24
ROIV,91.12,2025-07-24
UYSCU,91.11,2025-07-24
VLYPO,91.1,2025-07-24
SNCY,91.1,2025-07-24
TEXN,91.1,2025-07-24
RVT,91.1,2025-07-24
RSPA,91.08,2025-07-24
RHP,91.07,2025-07-24
RIO,91.06,2025-07-24
WIA,91.06,2025-07-24
TECTP,91.06,2025-07-24
STWD,91.05,2025-07-24
WIP,91.04,2025-07-24
ROSC,91.04,2025-07-24
RSSY,91.04,2025-07-24
RWO,91.03,2025-07-24
WDNA,91.02,2025-07-24
YSPY,91.02,2025-07-24
SOUL,91.0,2025-07-24
SILA,91.0,2025-07-24
SLMBP,90.99,2025-07-24
VTIP,90.98,2025-07-24
XHYT,90.98,2025-07-24
WEEL,90.96,2025-07-24
TVTX,90.95,2025-07-24
STPZ,90.93,2025-07-24
SCLZ,90.92,2025-07-24
SCHH,90.91,2025-07-24
SZZL,90.91,2025-07-24
SAWS,90.91,2025-07-24
TRP,90.91,2025-07-24
VCIT,90.9,2025-07-24
TIPX,90.88,2025-07-24
VRAI,90.86,2025-07-24
SBIO,90.86,2025-07-24
ZTO,90.85,2025-07-24
XPH,90.84,2025-07-24
XBB,90.82,2025-07-24
XCCC,90.81,2025-07-24
WIW,90.78,2025-07-24
TPGXL,90.78,2025-07-24
UBR,90.77,2025-07-24
SPSK,90.75,2025-07-24
SPMA,90.72,2025-07-24
XDIV,90.69,2025-07-24
SPRC,90.69,2025-07-24
XHYF,90.69,2025-07-24
SCIO,90.68,2025-07-24
XSHQ,90.67,2025-07-24
TDTF,90.67,2025-07-24
TYL,90.67,2025-07-24
TTSH,90.66,2025-07-24
SCHI,90.65,2025-07-24
ZJUN,90.64,2025-07-24
TVA,90.63,2025-07-24
SPIN,90.62,2025-07-24
SCHD,90.6,2025-07-24
SMWB,90.59,2025-07-24
WVE,90.58,2025-07-24
SAT,90.56,2025-07-24
XSVM,90.56,2025-07-24
YCS,90.55,2025-07-24
STIP,90.55,2025-07-24
SIXS,90.54,2025-07-24
TBCH,90.54,2025-07-24
SCCC,90.54,2025-07-24
SPIB,90.53,2025-07-24
USHY,90.51,2025-07-24
THYF,90.51,2025-07-24
XHYI,90.5,2025-07-24
VRP,90.5,2025-07-24
TCV,90.49,2025-07-24
TLTX,90.48,2025-07-24
WES,90.47,2025-07-24
VGMS,90.46,2025-07-24
SIFI,90.45,2025-07-24
WSO,90.43,2025-07-24
SKOR,90.41,2025-07-24
TIP,90.41,2025-07-24
UCRD,90.41,2025-07-24
XIDE,90.41,2025-07-24
XHYH,90.39,2025-07-24
SYFI,90.38,2025-07-24
VSDM,90.38,2025-07-24
XIMR,90.38,2025-07-24
SUB,90.36,2025-07-24
SMB,90.36,2025-07-24
UYSC,90.36,2025-07-24
TDTT,90.36,2025-07-24
SBND,90.35,2025-07-24
XOMAO,90.35,2025-07-24
SPG,90.35,2025-07-24
RINF,90.34,2025-07-24
SOVF,90.34,2025-07-24
TDSC,90.34,2025-07-24
UBSI,90.33,2025-07-24
SKM,90.32,2025-07-24
VCSH,90.31,2025-07-24
RSPS,90.31,2025-07-24
SHIP,90.3,2025-07-24
SCHP,90.3,2025-07-24
XHYD,90.3,2025-07-24
SPC,90.28,2025-07-24
SHM,90.28,2025-07-24
SCYB,90.26,2025-07-24
RLTY,90.26,2025-07-24
TEN,90.25,2025-07-24
WBND,90.25,2025-07-24
SCHJ,90.25,2025-07-24
XPAY,90.25,2025-07-24
STE,90.24,2025-07-24
SLQD,90.24,2025-07-24
SUSB,90.24,2025-07-24
WTBN,90.23,2025-07-24
SHYL,90.23,2025-07-24
UE,90.23,2025-07-24
UXJL,90.22,2025-07-24
XCLR,90.2,2025-07-24
XIJN,90.2,2025-07-24
TIME,90.19,2025-07-24
VTES,90.19,2025-07-24
VSHY,90.19,2025-07-24
XOEF,90.19,2025-07-24
XISE,90.18,2025-07-24
SAA,90.18,2025-07-24
SPIP,90.17,2025-07-24
TEAF,90.16,2025-07-24
XOP,90.16,2025-07-24
RWAYL,90.14,2025-07-24
YFFI,90.14,2025-07-24
SMAY,90.13,2025-07-24
SPHY,90.12,2025-07-24
SIHY,90.12,2025-07-24
SIO,90.12,2025-07-24
SWKHL,90.11,2025-07-24
WCN,90.11,2025-07-24
VSDB,90.1,2025-07-24
TACH,90.1,2025-07-24
USIG,90.09,2025-07-24
SHYG,90.09,2025-07-24
UL,90.09,2025-07-24
YYY,90.07,2025-07-24
WSBCP,90.07,2025-07-24
SJNK,90.05,2025-07-24
XB,90.05,2025-07-24
ZTEN,90.05,2025-07-24
USRT,90.04,2025-07-24
VCEB,90.03,2025-07-24
ROP,90.02,2025-07-24
VABS,90.01,2025-07-24
TVAIU,90.0,2025-07-24
TMB,90.0,2025-07-24
WBIL,89.99,2025-07-24
TH,89.99,2025-07-24
ZTRE,89.98,2025-07-24
SYLD,89.98,2025-07-24
TEO,89.98,2025-07-24
SUSC,89.97,2025-07-24
TAFI,89.96,2025-07-24
VDE,89.94,2025-07-24
UGE,89.92,2025-07-24
SMMU,89.92,2025-07-24
SDCP,89.92,2025-07-24
TUSB,89.92,2025-07-24
VLYPN,89.91,2025-07-24
VGIT,89.91,2025-07-24
TOL,89.91,2025-07-24
SDFI,89.9,2025-07-24
VTC,89.9,2025-07-24
VABK,89.9,2025-07-24
SCHR,89.9,2025-07-24
TCPB,89.89,2025-07-24
SPTI,89.89,2025-07-24
SIGA,89.89,2025-07-24
UCON,89.88,2025-07-24
TRND,89.87,2025-07-24
SCCR,89.87,2025-07-24
TX,89.86,2025-07-24
SAMG,89.85,2025-07-24
RQI,89.85,2025-07-24
XHYC,89.84,2025-07-24
THY,89.83,2025-07-24
WTPI,89.83,2025-07-24
SAY,89.83,2025-07-24
SPBO,89.83,2025-07-24
SPEGU,89.83,2025-07-24
TFLR,89.82,2025-07-24
USTB,89.81,2025-07-24
YLD,89.8,2025-07-24
VBIL,89.8,2025-07-24
RWAYZ,89.8,2025-07-24
XTRE,89.8,2025-07-24
WTMU,89.8,2025-07-24
VNLA,89.79,2025-07-24
UFIV,89.79,2025-07-24
SDHI,89.78,2025-07-24
VNMEU,89.78,2025-07-24
STK,89.77,2025-07-24
XFIV,89.77,2025-07-24
SPSB,89.76,2025-07-24
TAXX,89.76,2025-07-24
SRLN,89.75,2025-07-24
TIPZ,89.75,2025-07-24
SHAG,89.75,2025-07-24
SUPN,89.74,2025-07-24
VGUS,89.74,2025-07-24
SOCAU,89.74,2025-07-24
UTRE,89.72,2025-07-24
UITB,89.72,2025-07-24
USL,89.71,2025-07-24
VPLS,89.7,2025-07-24
SXI,89.7,2025-07-24
WINC,89.69,2025-07-24
UBND,89.69,2025-07-24
TVAI,89.69,2025-07-24
SGVT,89.68,2025-07-24
SYNB,89.67,2025-07-24
SJCP,89.67,2025-07-24
STOT,89.66,2025-07-24
STXT,89.66,2025-07-24
SPMB,89.65,2025-07-24
SDSI,89.65,2025-07-24
ZTWO,89.64,2025-07-24
VMBS,89.63,2025-07-24
WHFCL,89.62,2025-07-24
SMIN,89.62,2025-07-24
TYA,89.6,2025-07-24
SCSC,89.59,2025-07-24
TRINI,89.59,2025-07-24
TBUX,89.59,2025-07-24
USSH,89.59,2025-07-24
SPAB,89.58,2025-07-24
VCRB,89.57,2025-07-24
TRSY,89.57,2025-07-24
USDX,89.56,2025-07-24
STAG,89.56,2025-07-24
VTP,89.55,2025-07-24
TRINZ,89.55,2025-07-24
TSEC,89.54,2025-07-24
USVN,89.53,2025-07-24
SAZ,89.53,2025-07-24
SCUS,89.53,2025-07-24
SPTS,89.52,2025-07-24
SSFI,89.51,2025-07-24
SOS,89.51,2025-07-24
SMBS,89.51,2025-07-24
VUSB,89.51,2025-07-24
VRIG,89.5,2025-07-24
SPME,89.49,2025-07-24
SBIL,89.49,2025-07-24
TCBIO,89.49,2025-07-24
SITE,89.49,2025-07-24
SHY,89.48,2025-07-24
XSVN,89.48,2025-07-24
XLE,89.48,2025-07-24
WENN,89.47,2025-07-24
SCEC,89.47,2025-07-24
SCHZ,89.47,2025-07-24
ULST,89.46,2025-07-24
USIN,89.46,2025-07-24
TMFM,89.45,2025-07-24
VGSH,89.45,2025-07-24
SCHO,89.45,2025-07-24
XBTY,89.43,2025-07-24
STBF,89.43,2025-07-24
UYLD,89.43,2025-07-24
USFR,89.43,2025-07-24
SDVD,89.43,2025-07-24
SGOV,89.42,2025-07-24
SJLD,89.42,2025-07-24
TFLO,89.41,2025-07-24
TOTR,89.41,2025-07-24
SMTH,89.41,2025-07-24
SLDR,89.4,2025-07-24
WEEK,89.39,2025-07-24
XHLF,89.39,2025-07-24
UTWO,89.39,2025-07-24
SEIX,89.38,2025-07-24
XFIX,89.38,2025-07-24
TAGG,89.38,2025-07-24
TBLL,89.37,2025-07-24
TPLS,89.36,2025-07-24
TBIL,89.35,2025-07-24
YEAR,89.35,2025-07-24
XBIL,89.35,2025-07-24
SOFR,89.34,2025-07-24
XTWO,89.34,2025-07-24
SHV,89.33,2025-07-24
UNIY,89.33,2025-07-24
TUSI,89.31,2025-07-24
VBND,89.31,2025-07-24
UTZ,89.31,2025-07-24
RWR,89.3,2025-07-24
TALO,89.3,2025-07-24
TLK,89.3,2025-07-24
SLNZ,89.3,2025-07-24
TRPA,89.29,2025-07-24
SPFF,89.28,2025-07-24
UST,89.26,2025-07-24
RWTN,89.25,2025-07-24
XHYE,89.25,2025-07-24
UGA,89.22,2025-07-24
TYLD,89.22,2025-07-24
TCAL,89.22,2025-07-24
SECR,89.21,2025-07-24
VGVT,89.21,2025-07-24
SHYD,89.21,2025-07-24
WTG,89.2,2025-07-24
RTRE,89.2,2025-07-24
WINA,89.19,2025-07-24
XOMAP,89.16,2025-07-24
VTG,89.15,2025-07-24
SCCO,89.14,2025-07-24
TISI,89.14,2025-07-24
SBSI,89.13,2025-07-24
TOTL,89.13,2025-07-24
TKNO,89.13,2025-07-24
USFI,89.13,2025-07-24
XONE,89.12,2025-07-24
RMIF,89.1,2025-07-24
UBFO,89.03,2025-07-24
STLD,89.02,2025-07-24
VICR,88.96,2025-07-24
SIXL,88.95,2025-07-24
SPTB,88.93,2025-07-24
TAXE,88.93,2025-07-24
YFYA,88.92,2025-07-24
RYI,88.91,2025-07-24
SNDA,88.91,2025-07-24
RITA,88.91,2025-07-24
SVXY,88.88,2025-07-24
XHB,88.85,2025-07-24
UTEN,88.85,2025-07-24
SGU,88.84,2025-07-24
RYSE,88.83,2025-07-24
STBA,88.83,2025-07-24
RSPG,88.77,2025-07-24
STM,88.76,2025-07-24
SARO,88.72,2025-07-24
XFLX,88.72,2025-07-24
RZB,88.7,2025-07-24
TMED,88.7,2025-07-24
RWTP,88.69,2025-07-24
RNR,88.67,2025-07-24
RGLD,88.67,2025-07-24
RSBT,88.67,2025-07-24
TYO,88.66,2025-07-24
VETZ,88.65,2025-07-24
VTEI,88.64,2025-07-24
TREE,88.62,2025-07-24
SON,88.62,2025-07-24
SMDV,88.62,2025-07-24
VCLT,88.6,2025-07-24
SPLB,88.58,2025-07-24
WDAY,88.57,2025-07-24
WABF,88.55,2025-07-24
XSLV,88.54,2025-07-24
YCL,88.53,2025-07-24
XTEN,88.51,2025-07-24
VRNT,88.51,2025-07-24
TFPN,88.51,2025-07-24
VTEL,88.51,2025-07-24
WDEF,88.48,2025-07-24
TAIL,88.46,2025-07-24
SKT,88.44,2025-07-24
WTM,88.44,2025-07-24
TCBK,88.42,2025-07-24
SDTY,88.42,2025-07-24
THRM,88.41,2025-07-24
XOM,88.4,2025-07-24
TNGY,88.4,2025-07-24
TXXI,88.38,2025-07-24
VRTX,88.36,2025-07-24
SBGI,88.33,2025-07-24
UZE,88.31,2025-07-24
SRTS,88.31,2025-07-24
TUA,88.29,2025-07-24
SQFTP,88.28,2025-07-24
TBX,88.28,2025-07-24
SOYB,88.27,2025-07-24
RZC,88.22,2025-07-24
TAXM,88.2,2025-07-24
SCI,88.18,2025-07-24
XYLG,88.16,2025-07-24
SONO,88.11,2025-07-24
WTMY,88.08,2025-07-24
VTMX,88.07,2025-07-24
XOMA,88.01,2025-07-24
RGCO,87.98,2025-07-24
THD,87.95,2025-07-24
RINC,87.95,2025-07-24
SRHR,87.94,2025-07-24
TYD,87.89,2025-07-24
USA,87.85,2025-07-24
USNA,87.84,2025-07-24
SPIR,87.84,2025-07-24
SPYT,87.79,2025-07-24
WAFDP,87.77,2025-07-24
THR,87.75,2025-07-24
SKYH,87.73,2025-07-24
VINP,87.71,2025-07-24
SBI,87.68,2025-07-24
UPBD,87.68,2025-07-24
UZF,87.68,2025-07-24
TFSL,87.68,2025-07-24
SPRE,87.68,2025-07-24
TAL,87.67,2025-07-24
VCRM,87.66,2025-07-24
VTEC,87.65,2025-07-24
WBIG,87.62,2025-07-24
TAFM,87.61,2025-07-24
TTE,87.57,2025-07-24
TRGP,87.56,2025-07-24
RM,87.51,2025-07-24
TLH,87.44,2025-07-24
UPXI,87.43,2025-07-24
SSD,87.42,2025-07-24
SDGR,87.41,2025-07-24
WEA,87.41,2025-07-24
TBJL,87.38,2025-07-24
TFI,87.36,2025-07-24
STC,87.3,2025-07-24
SNAP,87.27,2025-07-24
TAXF,87.27,2025-07-24
SCMB,87.25,2025-07-24
SIRI,87.25,2025-07-24
WSC,87.24,2025-07-24
TNC,87.24,2025-07-24
TFJL,87.22,2025-07-24
VTEB,87.22,2025-07-24
SANG,87.21,2025-07-24
RSPH,87.18,2025-07-24
WOOD,87.16,2025-07-24
RLGT,87.16,2025-07-24
SHYM,87.15,2025-07-24
ZIM,87.14,2025-07-24
XBI,87.1,2025-07-24
YELP,87.08,2025-07-24
WRD,87.06,2025-07-24
RWTO,86.99,2025-07-24
RYAN,86.97,2025-07-24
VBF,86.96,2025-07-24
SNOY,86.93,2025-07-24
VPC,86.92,2025-07-24
SHW,86.8,2025-07-24
WBUY,86.78,2025-07-24
VITL,86.74,2025-07-24
SUZ,86.71,2025-07-24
TUR,86.7,2025-07-24
XYLD,86.66,2025-07-24
ZTAX,86.64,2025-07-24
UDR,86.58,2025-07-24
TWIN,86.55,2025-07-24
SPTL,86.55,2025-07-24
XPOF,86.54,2025-07-24
VRRM,86.51,2025-07-24
RORO,86.5,2025-07-24
USDU,86.49,2025-07-24
UTWY,86.47,2025-07-24
VGLT,86.46,2025-07-24
WEEI,86.45,2025-07-24
SOJC,86.45,2025-07-24
VCV,86.41,2025-07-24
WABC,86.4,2025-07-24
SCHQ,86.39,2025-07-24
TDOC,86.36,2025-07-24
SEE,86.35,2025-07-24
TEVA,86.34,2025-07-24
TMHC,86.26,2025-07-24
SRV,86.25,2025-07-24
RNGR,86.24,2025-07-24
XOMZ,86.24,2025-07-24
SCCE,86.23,2025-07-24
RSF,86.16,2025-07-24
TSMY,86.16,2025-07-24
RIET,86.09,2025-07-24
SUI,86.08,2025-07-24
SBB,86.07,2025-07-24
SZNE,86.07,2025-07-24
RMOP,86.06,2025-07-24
SHRT,85.96,2025-07-24
UHAL,85.86,2025-07-24
VPV,85.84,2025-07-24
SLG,85.81,2025-07-24
SJB,85.73,2025-07-24
TLT,85.73,2025-07-24
TNK,85.68,2025-07-24
TBB,85.68,2025-07-24
WFCF,85.66,2025-07-24
XRMI,85.65,2025-07-24
TSLR,85.65,2025-07-24
UCO,85.63,2025-07-24
VTRS,85.61,2025-07-24
RMNY,85.6,2025-07-24
SJM,85.58,2025-07-24
SD,85.57,2025-07-24
TAFL,85.56,2025-07-24
SNFCA,85.55,2025-07-24
WTRG,85.54,2025-07-24
XSHD,85.53,2025-07-24
SYNA,85.52,2025-07-24
UUP,85.45,2025-07-24
SLDE,85.45,2025-07-24
UTMD,85.41,2025-07-24
TLTI,85.38,2025-07-24
UNP,85.35,2025-07-24
UNHG,85.32,2025-07-24
UTHY,85.31,2025-07-24
WAFD,85.28,2025-07-24
STRW,85.28,2025-07-24
STRRP,85.27,2025-07-24
SFL,85.27,2025-07-24
VTN,85.23,2025-07-24
SUN,85.19,2025-07-24
SNY,85.19,2025-07-24
RMCA,85.14,2025-07-24
TILL,85.12,2025-07-24
RYLD,85.12,2025-07-24
SREA,85.12,2025-07-24
SFNC,85.12,2025-07-24
SEG,85.08,2025-07-24
THW,85.08,2025-07-24
XMPT,85.05,2025-07-24
XES,85.04,2025-07-24
SCCF,85.02,2025-07-24
VKI,85.01,2025-07-24
USGO,85.01,2025-07-24
RVTY,84.99,2025-07-24
VHT,84.99,2025-07-24
RVLV,84.97,2025-07-24
SZK,84.95,2025-07-24
RTAI,84.9,2025-07-24
RYLG,84.85,2025-07-24
ZUMZ,84.84,2025-07-24
RVNU,84.8,2025-07-24
ROST,84.8,2025-07-24
UMH,84.79,2025-07-24
VKTX,84.74,2025-07-24
VEL,84.67,2025-07-24
TAGS,84.67,2025-07-24
WFRD,84.63,2025-07-24
UNMA,84.6,2025-07-24
TTAM,84.56,2025-07-24
XLV,84.54,2025-07-24
SPH,84.53,2025-07-24
RMM,84.53,2025-07-24
VGM,84.43,2025-07-24
WTTR,84.41,2025-07-24
SCD,84.37,2025-07-24
XTWY,84.34,2025-07-24
SMPL,84.34,2025-07-24
XDTE,84.3,2025-07-24
TTC,84.27,2025-07-24
SHC,84.23,2025-07-24
TMO,84.22,2025-07-24
ZETA,84.16,2025-07-24
SHO,84.15,2025-07-24
WHD,84.14,2025-07-24
XHS,84.12,2025-07-24
TEAM,84.11,2025-07-24
WLKP,84.06,2025-07-24
SUPV,84.03,2025-07-24
UFPT,83.99,2025-07-24
RGNX,83.84,2025-07-24
RNA,83.72,2025-07-24
SWK,83.7,2025-07-24
WTBA,83.68,2025-07-24
TLTP,83.6,2025-07-24
XPER,83.57,2025-07-24
SOJD,83.53,2025-07-24
TSLL,83.52,2025-07-24
STNG,83.48,2025-07-24
RXRX,83.38,2025-07-24
RGA,83.38,2025-07-24
RWM,83.34,2025-07-24
TECH,83.27,2025-07-24
UNB,83.23,2025-07-24
TLTW,83.23,2025-07-24
VMO,83.21,2025-07-24
VSCO,83.2,2025-07-24
VBNK,83.2,2025-07-24
SIGIP,83.2,2025-07-24
TFIN,83.19,2025-07-24
UG,83.15,2025-07-24
TSLT,83.04,2025-07-24
SUNS,83.03,2025-07-24
UDMY,82.98,2025-07-24
VVV,82.88,2025-07-24
SRDX,82.88,2025-07-24
RLJ,82.87,2025-07-24
SOJE,82.84,2025-07-24
VKQ,82.84,2025-07-24
SAIC,82.83,2025-07-24
TBN,82.83,2025-07-24
SPNS,82.8,2025-07-24
UTHR,82.73,2025-07-24
TRNO,82.71,2025-07-24
RMAX,82.67,2025-07-24
SCCG,82.65,2025-07-24
RNG,82.63,2025-07-24
RFMZ,82.63,2025-07-24
USE,82.62,2025-07-24
SCL,82.61,2025-07-24
RWT,82.51,2025-07-24
RGS,82.51,2025-07-24
TCPC,82.49,2025-07-24
USPH,82.39,2025-07-24
SCO,82.28,2025-07-24
SOHOB,82.27,2025-07-24
SFBC,82.26,2025-07-24
UNF,82.25,2025-07-24
XHE,82.24,2025-07-24
WSR,82.13,2025-07-24
RMMZ,82.05,2025-07-24
STR,81.93,2025-07-24
ZBH,81.92,2025-07-24
ZTS,81.89,2025-07-24
VFL,81.87,2025-07-24
SCS,81.86,2025-07-24
ZYBT,81.78,2025-07-24
RMI,81.67,2025-07-24
SVOL,81.63,2025-07-24
SPMC,81.56,2025-07-24
VRE,81.55,2025-07-24
TAP,81.51,2025-07-24
WDTE,81.49,2025-07-24
XRAY,81.39,2025-07-24
XRX,81.29,2025-07-24
WASH,81.28,2025-07-24
TSN,81.26,2025-07-24
UEIC,81.25,2025-07-24
UBT,81.25,2025-07-24
VVX,81.17,2025-07-24
VALU,81.14,2025-07-24
RSBY,81.14,2025-07-24
SVIX,81.13,2025-07-24
S,81.07,2025-07-24
SSTI,81.01,2025-07-24
ZROZ,80.97,2025-07-24
RLI,80.93,2025-07-24
UNG,80.92,2025-07-24
WY,80.72,2025-07-24
WHTX,80.71,2025-07-24
RMR,80.66,2025-07-24
UTL,80.64,2025-07-24
SRZN,80.62,2025-07-24
ZEUS,80.57,2025-07-24
SDD,80.41,2025-07-24
SWKS,80.39,2025-07-24
YBIT,80.28,2025-07-24
SMN,80.26,2025-07-24
YMAG,80.26,2025-07-24
TSII,80.24,2025-07-24
SRS,80.19,2025-07-24
STRS,80.1,2025-07-24
TECX,80.05,2025-07-24
WMS,79.92,2025-07-24
STHO,79.79,2025-07-24
SPDN,79.6,2025-07-24
VLRS,79.56,2025-07-24
SH,79.48,2025-07-24
WDFC,79.27,2025-07-24
UFPI,79.27,2025-07-24
SAFT,79.12,2025-07-24
UPS,79.09,2025-07-24
TQQY,79.08,2025-07-24
YMAX,79.01,2025-07-24
SEF,78.98,2025-07-24
SNBR,78.93,2025-07-24
WTIU,78.93,2025-07-24
TRAK,78.83,2025-07-24
RVMD,78.82,2025-07-24
SLB,78.75,2025-07-24
RYN,78.65,2025-07-24
TRMD,78.62,2025-07-24
TGT,78.6,2025-07-24
SXC,78.53,2025-07-24
SURI,78.51,2025-07-24
WBTN,78.43,2025-07-24
TZOO,78.39,2025-07-24
YORW,78.36,2025-07-24
TER,78.31,2025-07-24
WLY,78.24,2025-07-24
WFG,78.12,2025-07-24
VIST,78.07,2025-07-24
RGR,78.02,2025-07-24
TSLP,77.86,2025-07-24
RICK,77.82,2025-07-24
SM,77.74,2025-07-24
XFLT,77.67,2025-07-24
SGRY,77.65,2025-07-24
VCEL,77.59,2025-07-24
WXET,77.59,2025-07-24
THTA,77.53,2025-07-24
WAT,77.42,2025-07-24
WERN,77.41,2025-07-24
VATE,77.37,2025-07-24
TBBB,77.17,2025-07-24
TOPS,77.14,2025-07-24
RNAC,77.14,2025-07-24
TENB,77.03,2025-07-24
RXL,76.99,2025-07-24
STZ,76.87,2025-07-24
TPH,76.81,2025-07-24
STRA,76.69,2025-07-24
TRN,76.67,2025-07-24
THQ,76.59,2025-07-24
USOI,76.58,2025-07-24
SCVL,76.58,2025-07-24
SEVN,76.56,2025-07-24
WIX,76.42,2025-07-24
TSQ,76.37,2025-07-24
VNOM,76.34,2025-07-24
RPAY,76.17,2025-07-24
SYRE,76.16,2025-07-24
TPL,76.07,2025-07-24
TWO,75.96,2025-07-24
SHOO,75.78,2025-07-24
TKC,75.75,2025-07-24
TMF,75.72,2025-07-24
WK,75.65,2025-07-24
RH,75.62,2025-07-24
RXO,75.48,2025-07-24
TECK,75.47,2025-07-24
TWM,75.43,2025-07-24
SER,75.27,2025-07-24
SDHC,75.09,2025-07-24
SSTK,74.96,2025-07-24
XOMO,74.9,2025-07-24
WHF,74.87,2025-07-24
SWZ,74.81,2025-07-24
SMHI,74.77,2025-07-24
STGW,74.71,2025-07-24
VFC,74.53,2025-07-24
SAFE,74.48,2025-07-24
VHI,74.35,2025-07-24
TMCI,74.32,2025-07-24
WD,74.29,2025-07-24
RGEN,74.0,2025-07-24
SIGI,73.91,2025-07-24
VXX,73.83,2025-07-24
ROG,73.62,2025-07-24
TXO,73.55,2025-07-24
SDP,73.55,2025-07-24
UHS,73.47,2025-07-24
VTLE,73.22,2025-07-24
TLX,73.11,2025-07-24
VIXY,73.06,2025-07-24
VECO,73.02,2025-07-24
VMD,72.89,2025-07-24
SPSC,72.48,2025-07-24
VERX,72.38,2025-07-24
SGC,72.29,2025-07-24
ZD,72.19,2025-07-24
WU,71.87,2025-07-24
TDC,71.86,2025-07-24
TFII,71.63,2025-07-24
VRM,71.54,2025-07-24
STLA,71.43,2025-07-24
TRNS,71.35,2025-07-24
STAA,71.28,2025-07-24
SCOR,71.19,2025-07-24
ULTY,71.04,2025-07-24
SPB,70.97,2025-07-24
SRL,70.71,2025-07-24
YQQQ,70.43,2025-07-24
SEM,69.94,2025-07-24
SAM,69.94,2025-07-24
UCTT,69.88,2025-07-24
ULH,69.87,2025-07-24
THRD,69.72,2025-07-24
SNCR,69.49,2025-07-24
SDS,69.02,2025-07-24
SMTI,68.86,2025-07-24
THRY,68.85,2025-07-24
TSLW,68.7,2025-07-24
SMDD,68.66,2025-07-24
SMCY,68.59,2025-07-24
SEMR,68.54,2025-07-24
SKF,68.53,2025-07-24
YETH,68.47,2025-07-24
YXI,68.21,2025-07-24
XENE,68.09,2025-07-24
WNC,67.81,2025-07-24
XYZY,67.75,2025-07-24
ZVOL,67.71,2025-07-24
SDOW,67.71,2025-07-24
WTID,67.67,2025-07-24
VOYG,67.62,2025-07-24
SCC,67.54,2025-07-24
TWST,67.47,2025-07-24
SAIA,67.33,2025-07-24
TZA,67.22,2025-07-24
SKY,66.87,2025-07-24
SMC,66.85,2025-07-24
VCYT,66.49,2025-07-24
TNET,66.48,2025-07-24
SKIL,66.41,2025-07-24
SRTY,66.24,2025-07-24
XPRO,66.11,2025-07-24
TYRA,65.69,2025-07-24
VERA,65.52,2025-07-24
VIR,65.49,2025-07-24
WGO,65.15,2025-07-24
SWBI,65.14,2025-07-24
RGP,64.96,2025-07-24
SKRE,64.79,2025-07-24
RPD,64.57,2025-07-24
WEN,64.44,2025-07-24
WLK,64.35,2025-07-24
THS,64.28,2025-07-24
SIJ,63.87,2025-07-24
SNSE,63.78,2025-07-24
TSLY,63.64,2025-07-24
SPT,63.62,2025-07-24
TSMZ,63.61,2025-07-24
TSLS,63.6,2025-07-24
RHI,63.58,2025-07-24
SGML,63.26,2025-07-24
XIFR,63.06,2025-07-24
TCMD,62.96,2025-07-24
TEMT,62.75,2025-07-24
WEED,62.74,2025-07-24
VIRC,62.41,2025-07-24
SLVM,62.11,2025-07-24
VREX,61.94,2025-07-24
TSLG,61.79,2025-07-24
WEAV,61.37,2025-07-24
SITC,60.99,2025-07-24
WPP,60.66,2025-07-24
USOY,60.57,2025-07-24
TFX,60.2,2025-07-24
SPXU,58.97,2025-07-24
TROX,58.77,2025-07-24
TTGT,58.63,2025-07-24
WNTR,58.16,2025-07-24
ZSL,57.34,2025-07-24
UVXY,56.17,2025-07-24
SNDX,56.06,2025-07-24
TGE,55.28,2025-07-24
SARK,54.99,2025-07-24
XNCR,54.72,2025-07-24
TNDM,53.39,2025-07-24
SG,52.18,2025-07-24
TPST,51.34,2025-07-24
UNH,50.57,2025-07-24
VSTS,49.54,2025-07-24
SQQQ,49.27,2025-07-24
VMAR,48.91,2025-07-24
TRDA,47.58,2025-07-24
WEBS,46.14,2025-07-24
SETH,44.94,2025-07-24
TSYY,44.79,2025-07-24
TECS,43.8,2025-07-24
STI,41.37,2025-07-24
TLIH,38.58,2025-07-24
YANG,38.33,2025-07-24
SBIT,38.29,2025-07-24
TSDD,38.1,2025-07-24
TSLQ,38.0,2025-07-24
RNAZ,37.44,2025-07-24
SSG,37.29,2025-07-24
UVIX,36.79,2025-07-24
TRNR,36.63,2025-07-24
STSS,35.37,2025-07-24
SOXS,35.06,2025-07-24
SLP,32.7,2025-07-24
SCAG,31.62,2025-07-24
RXST,29.39,2025-07-24
SMST,29.06,2025-07-24
TRUG,24.96,2025-07-24
TWG,24.5,2025-07-24
SLE,19.94,2025-07-24
SRPT,12.76,2025-07-24
