Rank,Ticker,Price,DVol,Sector,Industry,RS Percentile,1M_RS Percentile,3M_RS Percentile,6M_RS Percentile,ATR,ADR,AvgVol,AvgVol10,52WKH,52WKL,Earning_Date,MCAP,IPO,SMA50,SMA200,SMA10W,SMA30W,History_Days,Gap (%),Latest Volume,9M+ Volume,HVE,HVE Date,HVE Volume,%_From_52WKH
2,INTW,41.62,3510374,ETF,ETF,98.0,94.0,98.0,98.0,7.4343,6.2451,6670340.0,5126360.0,52.62,1.72,,0,NO,36.21,14.25,38.82,18.54,346,0.0,3510374,NO,NO,2025-09-18,79455200,-20.9
3,SNDK,2032.22,10836496,Technology,Computer Hardware,98.0,91.0,98.0,98.0,225.8529,166.3446,13691637.0,11875060.0,2354.39,40.1,,300950978560,NO,1593.62,695.08,1717.77,949.22,346,0.0,10836496,YES,NO,2025-11-26,43000900,-13.68
20,UVIX,62.48,999570,ETF,ETF,98.0,98.0,98.0,98.0,4.701,0.4806,46148663.0,35304140.0,64.45,3.06,,0,NO,5.67,7.45,10.14,7.93,1067,0.0,999570,NO,NO,2026-03-03,112703600,-3.06
21,MXL,112.39,4258001,Technology,Semiconductors,98.0,96.0,98.0,98.0,11.0664,9.8793,5095444.0,4149400.0,128.3,12.77,,10064070656,NO,84.39,34.16,92.46,44.52,4093,0.0,4258001,NO,NO,2026-04-24,29044000,-12.4
23,AMDL,71.42,3527043,ETF,ETF,98.0,74.0,98.0,98.0,9.5533,7.6933,9391790.0,4048410.0,83.79,7.5,,0,NO,55.64,25.9,60.04,30.77,574,0.0,3534828,NO,NO,2025-10-06,106498200,-14.76
32,MU,1032.28,50305786,Technology,Semiconductors,98.0,43.0,98.0,98.0,105.9972,77.1393,51120540.0,60894900.0,1255.0,103.38,,1165850050560,NO,841.56,440.26,887.99,549.05,10602,0.0,50305786,YES,NO,2013-10-11,153906100,-17.75
33,BE,289.5,15540282,Industrials,Electrical Equipment & Parts,98.0,76.0,97.0,98.0,33.0304,28.6982,11557457.0,17428140.0,351.28,21.88,,82346500096,NO,278.32,163.84,280.92,188.74,1994,0.0,15540282,YES,NO,2024-11-15,64722200,-17.59
34,FCEL,31.89,15096992,Industrials,Electrical Equipment & Parts,98.0,98.0,98.0,98.0,4.3707,4.2814,10554627.0,17060650.0,37.88,3.78,,2156024576,NO,18.96,10.65,20.92,12.21,8563,0.0,15096992,YES,NO,2026-06-26,27123800,-15.81
35,ICHR,111.77,2504862,Technology,Semiconductor Equipment & Materials,98.0,98.0,97.0,98.0,8.8251,7.6301,1072360.0,1354570.0,113.58,13.12,,3897090304,NO,76.88,41.77,80.67,52.98,2401,0.0,2504862,NO,NO,2018-08-24,8215700,-1.59
37,ABVX,132.56,4482943,Healthcare,Biotechnology,98.0,65.0,74.0,15.0,9.8243,7.4896,1915026.0,3103330.0,148.83,7.64,,10574336000,NO,111.67,111.73,113.68,117.98,675,0.0,4483169,NO,NO,2025-07-23,27831900,-10.93
42,ORKA,93.29,1380639,Healthcare,Biotechnology,98.0,98.0,96.0,97.0,5.6475,5.1054,1787696.0,2177350.0,97.78,11.82,,5626515968,NO,68.39,41.61,69.45,49.52,7268,0.0,1380639,NO,NO,2026-04-29,7921000,-4.59
43,ATEX,108.21,514191,Communication Services,Telecom Services,98.0,98.0,98.0,98.0,7.8266,7.6926,433947.0,621590.0,108.6,17.58,,2109832192,NO,64.68,36.35,71.17,44.99,2869,0.0,514191,NO,NO,2020-12-21,3077900,-0.36
44,UCTT,129.59,1484144,Technology,Semiconductor Equipment & Materials,98.0,98.0,96.0,98.0,10.8086,8.85,1165009.0,1590450.0,144.22,21.28,,5809306112,NO,93.0,53.71,97.79,66.5,5602,0.0,1484144,NO,NO,2018-01-02,7165600,-10.14
47,BAND,63.79,824862,Technology,Software - Infrastructure,98.0,9.0,98.0,98.0,4.6912,4.4598,1221616.0,1999450.0,75.98,12.5,,2042384128,NO,52.01,24.6,58.47,30.07,2170,0.0,824862,NO,NO,2022-11-02,11116300,-16.04
49,INTC,127.02,110803268,Technology,Semiconductors,98.0,91.0,98.0,98.0,11.1557,9.4357,136835729.0,129245990.0,142.35,18.97,,638402494464,NO,112.3,59.86,118.09,71.41,11667,0.0,110803268,YES,NO,1993-04-19,567708800,-10.77
53,STX,915.19,3590865,Technology,Computer Hardware,98.0,39.0,97.0,98.0,88.3179,74.3864,4294744.0,5959800.0,1145.0,138.3,,205212139520,NO,834.99,453.76,866.14,549.06,5925,0.0,3590865,NO,NO,2012-06-29,89629700,-20.07
54,DFTX,43.4,3111644,Healthcare,Biotechnology,98.0,98.0,97.0,98.0,3.799,2.819,2814173.0,7315220.0,49.2,6.66,,5761057280,NO,25.89,17.62,27.26,20.48,2418,0.0,3111644,NO,NO,2024-03-07,38010300,-11.79
58,LITE,801.16,4001562,Technology,Communication Equipment,98.0,8.0,63.0,96.0,71.4239,64.7357,6005775.0,5924860.0,1085.68,88.37,,62330245120,NO,900.25,540.13,887.96,677.74,2751,0.0,4001562,NO,NO,2026-03-20,22868800,-26.21
60,SYRE,88.89,1437542,Healthcare,Biotechnology,98.0,95.0,95.0,97.0,5.9921,4.8614,1433860.0,2481690.0,102.06,14.51,,7719319040,NO,76.98,43.87,78.65,53.77,2573,0.0,1437542,NO,NO,2023-06-22,10228380,-12.9
62,PENG,68.81,3095034,Technology,Information Technology Services,98.0,90.0,98.0,98.0,7.4971,7.0854,2960493.0,3446690.0,77.4,16.04,,3616664320,NO,51.68,28.72,55.36,32.08,2288,0.0,3095034,NO,NO,2019-01-09,15604200,-11.1
63,ALAB,430.86,5808120,Technology,Semiconductors,98.0,97.0,98.0,97.0,40.7765,36.1549,6244439.0,7369900.0,499.48,87.14,,73852821504,NO,299.78,194.8,320.88,206.75,572,0.0,5808120,NO,NO,2024-11-05,24756900,-13.74
64,AIP,43.81,1324554,Technology,Semiconductors,98.0,94.0,97.0,97.0,3.4149,3.2256,988752.0,1200000.0,50.26,8.42,,2022794624,NO,35.43,20.2,37.32,23.71,1173,0.0,1324554,NO,NO,2025-08-05,21920200,-12.83
66,SIMO,316.98,601693,Technology,Semiconductors,98.0,93.0,98.0,98.0,27.0243,23.1886,1033932.0,1028030.0,355.0,70.12,,10748105728,NO,260.61,145.29,278.42,171.34,5283,0.0,601693,NO,NO,2023-07-26,17771600,-10.71
68,PRAX,319.6,607029,Healthcare,Biotechnology,98.0,19.0,19.0,45.0,20.57,19.8871,492739.0,783410.0,366.52,37.19,,8910056448,NO,314.74,256.51,314.06,309.5,1432,0.0,607029,NO,NO,2025-10-16,13741900,-12.8
69,ACMR,117.16,1805569,Technology,Semiconductor Equipment & Materials,98.0,97.0,98.0,97.0,10.5742,8.9296,1616765.0,2159430.0,127.19,23.03,,8096867840,NO,77.94,52.79,83.73,61.2,2175,0.0,1808814,NO,NO,2024-02-28,12244400,-7.89
70,LQDA,79.32,1310066,Healthcare,Drug Manufacturers - Specialty & Generic,97.0,97.0,97.0,96.0,4.6414,4.4757,1857198.0,3281320.0,80.69,11.86,,7053776384,NO,57.98,38.85,62.18,45.18,1993,0.0,1310066,NO,NO,2022-07-19,30246200,-1.7
77,KOD,37.24,691161,Healthcare,Biotechnology,97.0,60.0,15.0,85.0,2.7821,2.7482,785424.0,1045020.0,47.84,3.7,,2330421248,NO,37.94,27.46,36.94,31.89,1944,0.0,691161,NO,NO,2022-02-23,26802500,-22.16
80,MRVL,272.05,33434689,Technology,Semiconductors,97.0,95.0,97.0,97.0,27.4525,23.0911,42723431.0,64207870.0,329.88,61.44,,237989330944,NO,221.75,121.74,230.59,139.76,6538,0.0,33434689,YES,NO,2026-06-18,250989400,-17.53
81,DOCN,144.58,3309230,Technology,Software - Infrastructure,97.0,4.0,94.0,97.0,13.7609,12.8813,4150400.0,4334250.0,187.5,25.56,,15088973824,NO,148.63,78.14,153.35,94.21,1324,0.0,3309230,NO,NO,2026-04-08,16602000,-22.89
82,HUT,105.79,6178945,Financial Services,Capital Markets,97.0,2.0,97.0,96.0,10.764,10.3015,4829357.0,4624180.0,140.8,18.68,,11911330816,NO,105.81,63.33,109.3,72.78,2090,0.0,6178945,NO,NO,2025-12-17,22652500,-24.87
84,RVMD,187.51,2078285,Healthcare,Biotechnology,97.0,90.0,96.0,97.0,7.5788,7.4052,3511295.0,4370020.0,193.09,34.0,,39863963648,NO,153.7,100.67,157.17,120.04,1603,0.0,2078285,NO,NO,2025-06-27,26439100,-2.89
85,CDNL,86.0,1083538,Industrials,Engineering & Construction,97.0,98.0,97.0,98.0,7.3791,7.3141,574132.0,1035310.0,96.4,21.98,,1659463168,NO,61.08,,65.03,42.88,139,0.0,1148893,NO,NO,2025-12-10,3595800,-10.79
86,AMBQ,88.4,649274,Technology,Semiconductors,97.0,89.0,98.0,97.0,6.9519,6.5879,678637.0,1032310.0,91.61,22.12,,2107936768,NO,67.42,38.99,73.47,44.52,232,0.0,649274,NO,NO,2025-07-30,5479500,-3.5
87,DELL,425.25,5248514,Technology,Computer Hardware,97.0,11.0,97.0,98.0,29.8756,27.7428,8668159.0,8846760.0,469.47,110.22,,274772049920,NO,319.45,185.44,345.29,211.29,2481,0.0,5248514,NO,NO,2016-09-07,147907159,-9.42
90,BRUN,33.5,1829319,Technology,Software - Infrastructure,97.0,6.0,98.0,97.0,4.4157,4.1955,1487409.0,1615910.0,42.0,10.21,,2057860480,NO,27.18,15.69,28.89,17.59,376,0.0,1829319,NO,NO,2025-09-16,5067100,-20.24
92,AMD,540.88,27754556,Technology,Semiconductors,97.0,77.0,97.0,97.0,36.7064,29.7457,37160860.0,32285420.0,584.73,133.5,,881959239680,NO,455.71,276.4,480.12,309.64,11667,0.0,27754556,YES,NO,2018-08-27,325058400,-7.5
99,COHU,69.11,1164793,Technology,Semiconductor Equipment & Materials,97.0,96.0,97.0,97.0,5.1143,4.2564,1471750.0,1578560.0,74.6,17.8,,3260288256,NO,53.83,33.42,55.53,38.6,11667,0.0,1164793,NO,NO,2025-09-25,6205800,-7.36
101,SHAZ,79.11,2192407,Technology,Information Technology Services,97.0,40.0,98.0,,11.2179,10.5021,754629.0,1706200.0,97.48,16.55,,1867034624,NO,63.43,,67.64,,93,0.0,2192407,NO,NO,2026-06-17,3956900,-18.84
104,MANE,128.48,530818,Healthcare,Biotechnology,97.0,95.0,96.0,,8.0864,7.92,659529.0,1072110.0,131.24,32.0,,5367725568,NO,101.09,,104.64,,102,0.0,530818,NO,NO,2026-06-26,4047300,-2.1
106,KLIC,133.81,1564674,Technology,Semiconductor Equipment & Materials,97.0,96.0,96.0,97.0,8.9421,8.3086,963980.0,1775340.0,135.8,31.32,,7002661888,NO,104.69,66.42,108.95,78.49,13453,0.0,1564674,NO,NO,2000-08-03,23567800,-1.47
108,ANAB,65.43,698054,Healthcare,Biotechnology,97.0,94.0,95.0,95.0,3.2521,3.2278,665409.0,627630.0,72.36,11.4,,1937282816,NO,59.77,37.95,60.72,44.91,2370,0.0,698054,NO,NO,2019-11-08,26495100,-9.58
110,OUST,60.02,5270870,Technology,Electronic Components,97.0,97.0,98.0,97.0,6.4674,6.061,4343232.0,5760390.0,63.79,16.4,,3821650432,NO,37.25,27.66,39.77,27.91,1437,0.0,5270870,NO,NO,2025-06-11,17407500,-5.91
111,TWST,102.25,1501547,Healthcare,Diagnostics & Research,97.0,98.0,97.0,97.0,6.2964,5.9357,1712698.0,2567770.0,104.65,23.3,,6367241728,NO,68.89,45.98,72.89,53.6,1925,0.0,1501547,NO,NO,2022-11-15,7568500,-2.29
112,TSEM,245.46,1155014,Technology,Semiconductors,97.0,25.0,89.0,96.0,23.2357,17.7286,2285693.0,1771180.0,319.94,42.25,,29207046144,NO,248.38,151.44,252.22,181.24,7972,0.0,1155014,NO,NO,2022-02-15,19691500,-23.28
113,FORM,147.13,1445349,Technology,Semiconductor Equipment & Materials,97.0,96.0,92.0,97.0,13.5464,10.5043,2012752.0,2475000.0,160.27,26.08,,11469485056,NO,136.03,86.34,134.84,104.45,5800,0.0,1445349,NO,NO,2018-03-09,14323200,-8.2
115,TTMI,179.7,2213556,Technology,Electronic Components,97.0,72.0,95.0,97.0,14.78,12.2896,2583326.0,3809330.0,223.83,39.2,,18661855232,NO,174.52,104.03,179.66,123.77,6479,0.0,2213556,NO,NO,2016-11-17,20793200,-19.72
117,MKSI,411.05,1504234,Technology,Scientific & Technical Instruments,97.0,96.0,95.0,97.0,27.03,20.4189,1258998.0,1820420.0,447.62,88.49,,27764013056,NO,328.67,222.91,340.4,261.29,6856,0.0,1504234,NO,NO,2017-11-21,9564400,-8.17
118,MBX,55.92,1047446,Healthcare,Biotechnology,97.0,98.0,96.0,95.0,4.0279,3.9778,754460.0,1128370.0,58.5,9.63,,2661654016,NO,35.99,30.14,38.36,34.69,450,0.0,1047446,NO,NO,2025-09-22,28303500,-4.41
123,NBIS,229.18,29872292,Communication Services,Internet Content & Information,97.0,7.0,97.0,97.0,29.0362,25.3469,17421240.0,17919570.0,299.86,43.89,,58188386304,NO,213.91,132.31,221.37,143.56,424,0.0,29872292,YES,NO,2025-09-09,88378300,-23.57
125,LABU,282.17,343260,ETF,ETF,97.0,98.0,94.0,94.0,19.2268,17.4411,586768.0,669250.0,301.57,56.42,,0,NO,194.73,159.79,201.06,177.95,2790,0.0,343260,NO,NO,2025-04-09,7938800,-6.43
128,AMAT,650.91,15759418,Technology,Semiconductor Equipment & Materials,97.0,97.0,96.0,97.0,50.4364,36.5764,8555657.0,14737820.0,739.67,154.47,,516796121088,NO,486.01,337.19,505.85,390.84,11667,0.0,15759418,YES,NO,1997-10-24,245229200,-12.0
129,TER,427.34,5419256,Technology,Semiconductor Equipment & Materials,97.0,91.0,91.0,96.0,36.48,28.7636,4244052.0,6935170.0,487.91,88.6,,66896728064,NO,384.89,266.64,383.91,314.38,13453,0.0,5419256,NO,NO,2020-09-18,30212400,-12.41
132,LRCX,391.26,18332088,Technology,Semiconductor Equipment & Materials,97.0,95.0,95.0,96.0,30.5079,22.2957,10559606.0,15583690.0,438.5,90.94,,489298427904,NO,319.22,221.67,328.85,256.38,10621,0.0,18339093,YES,NO,2012-06-04,298766000,-10.77
133,FLEX,153.53,4424570,Technology,Electronic Components,97.0,71.0,97.0,97.0,10.7236,9.4432,6926103.0,14601840.0,166.86,47.83,,56251789312,NO,133.85,81.1,140.44,91.43,8125,0.0,4424570,NO,NO,2005-10-26,102901552,-7.99
140,GLW,220.63,20500490,Technology,Electronic Components,96.0,95.0,94.0,97.0,20.13,16.4328,14354749.0,22110430.0,271.78,51.32,,189882531840,NO,187.94,126.61,190.56,145.22,11214,0.0,20500490,YES,NO,2002-07-31,244754000,-18.82
142,COHR,368.65,4293626,Technology,Scientific & Technical Instruments,96.0,63.0,93.0,95.0,36.2714,32.2071,6124944.0,6251500.0,440.0,84.35,,72122433536,NO,369.23,235.66,368.71,279.66,9759,0.0,4293626,NO,NO,2026-03-20,51484800,-16.22
144,IRDM,55.72,3177337,Communication Services,Telecom Services,96.0,91.0,96.0,98.0,3.8,3.15,2844396.0,4262640.0,56.61,15.65,,5903883776,NO,44.77,27.12,46.16,31.75,4599,0.0,3177337,NO,NO,2021-02-11,24324300,-1.57
148,AMKR,79.99,4584073,Technology,Semiconductor Equipment & Materials,96.0,84.0,95.0,96.0,7.6086,6.4711,5328403.0,7043310.0,96.68,20.59,,19827320832,NO,75.29,50.2,75.03,57.81,7085,0.0,4584073,NO,NO,2021-02-12,27265800,-17.26
149,MTRN,283.55,365392,Basic Materials,Other Industrial Metals & Mining,96.0,96.0,96.0,96.0,14.495,13.1596,318791.0,529500.0,298.87,80.69,,5898260480,NO,223.11,157.26,234.12,175.58,11667,0.0,365392,NO,NO,2007-06-20,4251800,-5.13
152,PDFS,66.88,741596,Technology,Software - Application,96.0,96.0,96.0,96.0,4.7534,3.9298,780345.0,842370.0,71.69,18.12,,2800112896,NO,52.74,35.93,54.66,40.63,6266,0.0,741596,NO,NO,2026-05-14,5406700,-6.71
153,ARM,337.47,4855606,Technology,Semiconductors,96.0,4.0,97.0,97.0,36.2351,32.4685,11123554.0,11821120.0,452.7,100.02,,360444559360,NO,295.93,176.36,312.83,191.52,701,0.0,4866344,NO,NO,2023-09-14,130534500,-25.45
155,STRL,776.55,648767,Industrials,Engineering & Construction,96.0,12.0,96.0,97.0,60.9229,53.3007,714798.0,1155180.0,1005.68,222.0,,23829176320,NO,772.29,471.57,800.47,525.79,8805,0.0,648767,NO,NO,2025-04-16,7646100,-22.78
158,CRDO,259.09,7920753,Technology,Semiconductors,96.0,90.0,97.0,94.0,27.6605,23.8769,8575281.0,11595980.0,308.67,85.02,,48314560512,NO,216.18,158.33,222.61,161.34,1110,0.0,7920753,NO,NO,2026-06-26,38637200,-16.06
159,DRAM,65.86,70388795,ETF,ETF,96.0,24.0,,,6.2579,3.905,33551059.0,62200160.0,81.34,26.14,,0,NO,57.0,,59.56,,62,0.0,70388795,YES,NO,2026-06-25,104823000,-19.03
163,ONTO,351.36,1348955,Technology,Semiconductor Equipment & Materials,96.0,97.0,94.0,96.0,28.2621,21.2211,1191763.0,1591550.0,386.46,89.4,,17477900288,NO,293.17,204.93,295.6,237.4,1677,0.0,1348955,NO,NO,2023-10-17,9552200,-9.08
165,POWL,264.86,760962,Industrials,Electrical Equipment & Parts,96.0,12.0,91.0,97.0,20.0643,17.3655,711878.0,1015100.0,328.0,68.33,,9649286144,NO,284.83,177.15,286.25,206.66,11667,0.0,760962,NO,NO,2024-07-31,5279700,-19.25
166,SITM,703.84,297609,Technology,Semiconductors,96.0,76.0,96.0,95.0,53.5107,49.0618,557636.0,849340.0,901.81,186.49,,18579144704,NO,685.79,429.15,706.52,491.72,1660,0.0,297609,NO,NO,2026-03-20,4028500,-21.95
167,STM,70.72,14282281,Technology,Semiconductors,96.0,66.0,96.0,97.0,4.3629,3.145,12291765.0,11388590.0,81.42,21.11,,62855520256,NO,65.81,38.43,68.1,44.24,7942,0.0,14282281,YES,NO,1994-12-08,41167800,-13.14
172,AGX,764.56,263159,Industrials,Engineering & Construction,96.0,93.0,90.0,97.0,46.6979,40.0929,334531.0,408690.0,805.75,196.9,,10718555136,NO,685.93,451.48,703.35,524.34,7767,0.0,263159,NO,NO,2026-03-20,2581700,-5.11
173,GEVX,26.55,217894,ETF,ETF,96.0,97.0,93.0,97.0,2.4575,1.9283,295626.0,414640.0,30.85,7.21,,0,NO,23.45,15.29,22.91,17.8,245,0.0,217894,NO,NO,2025-10-22,2438700,-13.94
174,SPHR,169.12,722851,Communication Services,Entertainment,96.0,91.0,91.0,95.0,7.4871,7.4633,710236.0,851520.0,174.6,37.89,,6053177344,NO,142.67,103.95,146.93,120.7,1564,0.0,722851,NO,NO,2023-12-05,9793100,-3.14
175,DNTH,90.21,1613545,Healthcare,Biotechnology,96.0,60.0,48.0,96.0,5.3393,5.1529,889072.0,1768070.0,98.7,17.88,,4931440640,NO,86.71,59.86,87.04,69.53,2017,0.0,1613545,NO,NO,2025-09-08,5974200,-8.6
176,GH,170.77,6663081,Healthcare,Diagnostics & Research,96.0,97.0,95.0,94.0,7.7961,6.9482,2585701.0,4286140.0,172.6,40.35,,22644090880,NO,115.33,97.35,123.59,106.51,1944,7.15,6663081,NO,NO,2026-06-26,18771300,-1.06
178,SMTC,147.03,4382763,Technology,Semiconductors,96.0,30.0,96.0,95.0,13.375,10.9582,3541421.0,6046070.0,177.35,42.42,,13696016384,NO,141.41,92.79,144.93,103.69,11667,0.0,4382763,NO,NO,2023-10-19,23292100,-17.1
185,PSI,174.41,598779,ETF,ETF,96.0,88.0,95.0,96.0,10.9546,7.7775,420983.0,544970.0,189.24,57.31,,0,NO,153.55,103.02,157.81,116.62,5288,0.0,598779,NO,NO,2007-10-25,9293700,-7.84
188,SEZL,175.18,594240,Financial Services,Credit Services,96.0,97.0,98.0,97.0,11.0963,10.3141,723204.0,770170.0,186.74,49.5,,5890781184,NO,116.17,81.35,125.91,87.77,702,0.48,594240,NO,NO,2023-09-19,10405200,-6.19
189,KLAC,266.19,22784349,Technology,Semiconductor Equipment & Materials,96.0,97.0,95.0,96.0,22.1289,17.7351,11355550.0,16327280.0,307.37,83.22,,347717402624,NO,207.67,151.29,214.28,169.81,11524,0.0,22784349,YES,NO,2002-10-23,329584000,-13.4
190,ARWR,80.44,1927530,Healthcare,Biotechnology,96.0,79.0,84.0,70.0,3.8809,3.8809,2034963.0,3855430.0,84.55,14.3,,11330539520,NO,76.2,60.19,76.58,68.68,8189,0.0,1934558,NO,NO,2014-10-08,54778100,-4.86
192,AIS,79.49,721771,ETF,ETF,96.0,61.0,96.0,96.0,4.9388,3.2166,574175.0,852200.0,88.8,27.39,,0,NO,71.71,48.31,73.68,53.55,394,0.0,721771,NO,NO,2026-06-09,1459100,-10.48
200,CEVA,45.51,483367,Technology,Semiconductors,96.0,64.0,97.0,96.0,3.8114,3.42,844227.0,860340.0,51.6,17.02,,1267879808,NO,39.29,27.0,41.23,28.06,5952,0.0,483367,NO,NO,2025-11-19,4236800,-11.8
201,TECL,213.09,824724,ETF,ETF,96.0,3.0,97.0,94.0,20.4721,15.9836,1278652.0,951380.0,275.4,75.16,,0,NO,199.51,137.82,206.07,142.74,4402,0.0,824724,NO,NO,2010-05-04,332400000,-22.63
202,MRNA,72.5,6696737,Healthcare,Biotechnology,96.0,98.0,90.0,97.0,5.1892,5.167,7332273.0,11758560.0,73.9,22.28,,28767004672,NO,52.14,40.84,54.39,47.85,1900,0.1,6696737,NO,NO,2020-12-01,125130400,-1.89
212,FIX,1865.15,438175,Industrials,Engineering & Construction,95.0,73.0,88.0,96.0,107.3893,86.0496,446883.0,617530.0,2073.99,513.99,,65623379968,NO,1882.12,1302.27,1887.69,1478.71,7297,0.0,438175,NO,NO,2025-12-19,8010000,-10.07
213,BHE,95.01,307315,Technology,Electronic Components,95.0,86.0,94.0,96.0,4.7861,4.1839,478437.0,759870.0,100.41,34.44,,3408677376,NO,84.87,57.84,87.76,65.27,9068,0.0,307315,NO,NO,2003-04-22,6885225,-5.38
214,MTSI,350.63,2329848,Technology,Semiconductors,95.0,37.0,93.0,96.0,22.9736,19.4321,1502934.0,2069400.0,418.9,118.16,,26751588352,NO,352.35,231.14,360.68,268.16,3594,0.0,2329848,NO,NO,2018-02-07,14046200,-16.3
216,ACLS,178.33,574519,Technology,Semiconductor Equipment & Materials,95.0,93.0,96.0,96.0,13.3514,10.7932,686185.0,723160.0,193.78,65.64,,5480775680,NO,159.16,106.41,163.19,116.41,6532,0.0,574519,NO,NO,2017-10-18,5688300,-7.97
218,ALGM,63.2,3745244,Technology,Semiconductors,95.0,97.0,96.0,97.0,5.1146,4.3706,2699972.0,4889880.0,71.77,22.41,,11774732288,NO,49.78,35.97,51.17,39.69,1423,0.0,3745244,NO,NO,2024-09-20,19368900,-11.94
220,ELVN,48.76,1056016,Healthcare,Biotechnology,95.0,96.0,81.0,97.0,3.7709,3.5284,1382262.0,2787440.0,52.39,14.79,,3483330304,NO,42.32,29.39,42.97,33.79,1584,0.0,1056016,NO,NO,2022-09-07,25749275,-6.93
221,SOXX,599.7,9535797,ETF,ETF,95.0,74.0,95.0,96.0,36.32,25.7371,8842062.0,10426700.0,655.95,232.33,,0,NO,542.72,374.83,556.61,415.89,6278,0.0,9535797,YES,NO,2025-10-10,26691200,-8.58
222,USD,94.8,687978,ETF,ETF,95.0,7.0,96.0,94.0,8.7079,6.2536,1059385.0,968760.0,116.5,34.95,,0,NO,93.98,63.93,94.92,68.98,4884,0.0,687978,NO,NO,2008-12-09,144076800,-18.63
225,DDOG,264.48,3543688,Technology,Software - Application,95.0,18.0,97.0,95.0,11.4722,11.059,5877009.0,4926750.0,278.7,98.01,,94144356352,NO,205.31,155.47,220.96,156.94,1704,0.0,3543688,NO,NO,2025-07-08,86386000,-5.1
228,LSCC,146.3,1581972,Technology,Semiconductors,95.0,61.0,93.0,96.0,9.6907,8.16,2176367.0,2212620.0,157.01,46.43,,20044249088,NO,135.38,95.12,137.74,106.16,9226,0.0,1583603,NO,NO,2016-11-03,33890700,-6.82
232,SANM,246.39,658424,Technology,Electronic Components,95.0,13.0,96.0,93.0,15.0136,13.8879,1130306.0,2510090.0,288.68,95.49,,13205946368,NO,238.01,168.18,244.48,182.25,8361,0.0,658424,NO,NO,2009-06-26,15827533,-14.65
238,SOXQ,105.11,3085914,ETF,ETF,95.0,68.0,95.0,95.0,6.1864,4.3721,2398055.0,3311970.0,115.33,42.67,,0,NO,96.52,68.01,98.75,74.86,1269,0.0,3085914,NO,NO,2026-06-05,6881000,-8.86
243,TSMX,90.67,1493891,ETF,ETF,95.0,41.0,93.0,95.0,8.4914,6.8572,1072518.0,931960.0,106.32,30.79,,0,NO,83.84,62.48,84.54,68.28,436,0.0,1493891,NO,NO,2025-01-27,3911500,-14.72
244,LGN,80.0,1853707,Industrials,Engineering & Construction,95.0,12.0,90.0,95.0,5.422,5.0698,1853819.0,2104810.0,107.24,26.96,,13139791872,NO,86.06,55.57,85.54,63.74,201,0.0,2188442,NO,NO,2025-09-12,9811600,-25.4
248,EWY,185.5,27502722,ETF,ETF,95.0,6.0,92.0,95.0,12.2357,8.1836,18636880.0,19713910.0,220.89,69.85,,0,NO,186.52,127.87,189.35,145.17,6572,0.0,27502722,YES,NO,2026-03-03,65699600,-16.02
249,LASR,66.96,1177050,Technology,Semiconductors,95.0,17.0,72.0,94.0,4.9768,4.7868,1264009.0,1548460.0,86.95,17.84,,3777126912,NO,71.11,50.97,70.17,58.84,2056,0.0,1192910,NO,NO,2026-06-26,5746600,-22.99
252,GFS,77.23,3041518,Technology,Semiconductors,95.0,22.0,95.0,96.0,5.1406,3.9256,4707822.0,3043480.0,92.55,31.51,,42376171520,NO,75.58,48.9,77.54,55.3,1172,0.0,3041518,NO,NO,2025-12-19,52580300,-16.55
253,PANW,352.04,7229245,Technology,Software - Infrastructure,95.0,92.0,97.0,95.0,13.4207,13.275,8280542.0,7630390.0,358.09,139.57,,286912610304,NO,247.98,200.74,266.98,202.71,3506,1.33,7229245,NO,NO,2017-03-01,130718400,-1.69
254,FLKR,61.11,795206,ETF,ETF,95.0,7.0,92.0,95.0,3.965,2.522,759657.0,1088070.0,72.49,23.84,,0,NO,60.46,41.85,61.43,47.2,2144,0.0,795206,NO,NO,2024-07-25,4655000,-15.7
255,CRS,610.16,600273,Industrials,Metal Fabrication,95.0,95.0,93.0,95.0,22.3614,21.3821,750662.0,1207730.0,624.5,228.0,,30316171264,NO,485.74,370.84,500.28,412.08,13453,0.0,600273,NO,NO,2020-07-31,10557100,-2.3
258,ATRO,76.06,1107755,Industrials,Aerospace & Defense,95.0,87.0,90.0,94.0,5.5761,5.3525,717229.0,936960.0,88.72,21.76,,3753439744,NO,68.04,53.36,69.86,60.2,11667,0.0,1107755,NO,NO,2025-09-10,7185830,-14.27
259,HUM,409.42,1460519,Healthcare,Healthcare Plans,95.0,95.0,97.0,92.0,13.5496,13.4639,1708693.0,1726140.0,414.82,163.11,,49155584000,NO,310.6,252.4,331.03,253.52,11214,0.0,1460519,NO,NO,2008-03-12,64314100,-1.3
261,HNGE,85.07,1835445,Healthcare,Health Information Services,95.0,97.0,97.0,95.0,3.9881,3.941,1713270.0,3011380.0,86.66,30.08,,6582727680,NO,58.77,48.63,62.98,49.15,278,0.7,1835445,NO,NO,2025-05-22,9172800,-1.83
264,EWTX,39.15,1223060,Healthcare,Biotechnology,95.0,25.0,81.0,92.0,2.6145,2.5616,1409539.0,2161430.0,43.93,12.3,,4212266496,NO,34.86,27.01,35.37,31.01,1322,0.0,1223060,NO,NO,2025-04-02,16114400,-10.88
265,MPLT,36.08,393617,Healthcare,Biotechnology,95.0,94.0,95.0,96.0,2.5396,2.521,356378.0,643450.0,37.02,12.24,,1636072064,NO,29.66,,29.88,23.21,170,0.0,420420,NO,NO,2025-12-19,3294600,-2.54
281,AOSL,43.52,574246,Technology,Semiconductors,94.0,37.0,96.0,96.0,4.3864,3.663,1024306.0,936550.0,54.34,17.01,,1302535296,NO,43.43,28.59,42.97,29.95,4068,0.0,574246,NO,NO,2022-05-18,5137100,-19.91
283,GGLL,116.27,892050,ETF,ETF,94.0,9.0,92.0,76.0,7.961,6.901,1436832.0,1663540.0,153.0,33.27,,0,NO,125.73,98.29,127.63,106.8,957,0.53,892050,NO,NO,2025-05-07,11451700,-24.01
285,DAVE,383.13,1067699,Technology,Software - Application,94.0,97.0,97.0,94.0,27.7472,27.0744,601088.0,629530.0,404.44,152.21,,4871209472,NO,277.59,223.92,286.71,231.2,1302,1.69,1067699,NO,NO,2022-07-27,3887050,-5.27
293,SEPN,34.61,429404,Healthcare,Biotechnology,94.0,91.0,91.0,79.0,2.6756,2.5599,377963.0,605470.0,37.99,10.48,,1560064128,NO,29.41,25.6,30.82,27.69,420,0.0,429404,NO,NO,2025-05-14,37815800,-8.9
295,LGND,312.01,457466,Healthcare,Biotechnology,94.0,97.0,93.0,93.0,14.0457,13.4557,315777.0,823220.0,320.99,111.72,,6253011456,NO,242.73,206.59,250.64,216.81,8461,0.0,457466,NO,NO,2019-01-16,13747168,-2.8
299,FTNT,158.98,4729092,Technology,Software - Infrastructure,94.0,80.0,96.0,96.0,5.9314,5.7271,6449085.0,7675230.0,159.8,70.12,,116476436480,NO,125.39,92.77,134.11,98.66,4178,0.66,4729092,NO,NO,2018-10-10,166853000,-0.51
301,ENVA,242.18,368555,Financial Services,Credit Services,94.0,98.0,95.0,91.0,8.3281,8.1631,293885.0,568790.0,246.38,99.61,,6026624000,NO,179.5,148.98,186.28,163.32,2923,0.0,368555,NO,NO,2015-12-18,2255200,-1.7
303,DIOD,105.39,332189,Technology,Semiconductors,94.0,70.0,93.0,96.0,8.1829,6.6289,705580.0,914280.0,125.99,42.28,,4842115584,NO,106.34,70.67,106.35,79.09,13453,0.0,332189,NO,NO,2008-12-22,4679400,-16.35
306,CAT,991.41,3901032,Industrials,Farm & Heavy Construction Machinery,94.0,90.0,89.0,94.0,44.0364,31.1228,2912934.0,4862100.0,1073.46,388.09,,456635482112,NO,909.85,694.15,922.07,767.07,16232,0.0,3901032,NO,NO,2006-10-20,67780400,-7.64
308,KRYS,371.58,296685,Healthcare,Biotechnology,94.0,95.0,91.0,91.0,14.3128,13.9414,312852.0,495120.0,382.54,130.5,,10954087424,NO,308.96,252.8,319.74,281.35,2206,0.0,296685,NO,NO,2021-11-29,8480400,-2.87
311,SYNA,126.68,1659784,Technology,Semiconductors,94.0,15.0,95.0,94.0,8.5336,7.7807,1038050.0,1732500.0,149.11,58.28,,4948460032,NO,122.74,87.12,128.09,95.88,6145,0.0,1659784,NO,NO,2005-02-09,38096250,-15.04
312,FROG,90.39,2554564,Technology,Software - Application,94.0,66.0,96.0,88.0,4.7409,4.7038,3009249.0,4967570.0,93.12,34.05,,10948012032,NO,70.41,56.73,76.25,59.41,1454,0.0,2554564,NO,NO,2026-06-26,26093700,-2.93
314,SMH,620.46,12964369,ETF,ETF,94.0,65.0,94.0,94.0,31.4775,22.3875,10139062.0,11928700.0,671.83,274.66,,0,NO,576.95,424.68,588.96,462.99,6557,0.0,12964369,YES,NO,2004-12-09,106899600,-7.65
326,CECO,85.55,658781,Industrials,Pollution & Treatment Controls,94.0,81.0,90.0,89.0,4.6642,4.3571,837586.0,861810.0,101.24,28.52,,4996379648,NO,83.24,64.69,84.4,70.67,11487,0.0,658781,NO,NO,2023-06-23,4359900,-15.5
329,AEVA,27.8,3680082,Technology,Software - Infrastructure,94.0,50.0,97.0,96.0,3.0417,2.9239,2184195.0,2563810.0,34.48,8.83,,1877478528,NO,21.36,16.32,22.5,17.18,1594,0.0,3680082,NO,NO,2026-01-06,21602400,-19.37
331,CRWD,772.74,2449719,Technology,Software - Infrastructure,94.0,90.0,96.0,93.0,35.4561,30.8911,3412733.0,3291111.0,786.0,342.72,,196712415232,NO,601.12,497.72,648.45,503.63,1771,0.0,2449719,NO,NO,2024-06-21,54077448,-1.69
333,PLXS,290.17,213393,Technology,Electronic Components,94.0,79.0,90.0,95.0,12.6489,11.0561,331540.0,400450.0,307.06,115.35,,7763910656,NO,271.87,195.7,276.93,219.66,10178,0.0,213393,NO,NO,1997-12-18,7320200,-5.5
335,ATI,192.17,1245091,Industrials,Metal Fabrication,94.0,79.0,86.0,93.0,7.4057,7.1471,1844434.0,2143680.0,205.31,70.42,,26225522688,NO,173.25,131.93,177.22,150.77,6687,0.0,1245091,NO,NO,2025-03-21,25961500,-6.4
336,MRCY,123.05,691663,Industrials,Aerospace & Defense,94.0,85.0,94.0,93.0,7.0482,6.8989,660668.0,990500.0,127.83,49.54,,7388326400,NO,99.65,85.03,104.91,90.11,7148,0.0,691663,NO,NO,2023-08-18,13314400,-3.74
343,DGII,74.12,439339,Technology,Communication Equipment,94.0,81.0,93.0,93.0,2.6725,2.6046,342119.0,499190.0,76.41,30.69,,2794487040,NO,64.53,48.89,66.66,53.8,9250,0.0,439339,NO,NO,1996-07-03,3106100,-3.0
345,ROG,157.08,266872,Technology,Electronic Components,93.0,78.0,91.0,93.0,7.7521,6.6835,294924.0,415480.0,169.0,61.17,,2803648000,NO,143.73,107.11,146.05,118.02,11667,0.0,266872,NO,NO,2022-11-02,4498800,-7.05
346,IESC,699.98,299803,Industrials,Engineering & Construction,93.0,69.0,91.0,94.0,48.8814,43.6707,253740.0,474080.0,804.0,281.35,,13946322944,NO,680.42,495.03,694.04,541.28,7150,0.0,299803,NO,NO,2007-09-06,1946500,-12.94
347,POWI,80.27,499552,Technology,Semiconductors,93.0,28.0,93.0,96.0,5.2225,4.3954,1230975.0,1153610.0,91.18,30.86,,4472643072,NO,76.87,51.43,77.68,57.21,7180,0.0,499552,NO,NO,2000-03-24,19421400,-11.97
350,SNEX,123.74,904097,Financial Services,Capital Markets,93.0,79.0,92.0,95.0,7.8021,7.5136,831050.0,1440320.0,141.99,53.53,,9806579712,NO,117.35,82.6,120.72,92.33,7883,0.0,904097,NO,NO,2006-12-21,8230275,-12.85
351,KSTR,30.8,882213,ETF,ETF,93.0,96.0,94.0,93.0,1.1314,0.5232,406434.0,563260.0,32.54,13.26,,0,NO,25.04,20.83,25.81,21.86,1360,0.0,882213,NO,NO,2026-02-05,4388000,-5.35
352,AXSM,240.66,757952,Healthcare,Biotechnology,93.0,73.0,90.0,93.0,8.7161,8.5486,897698.0,1651550.0,260.19,96.09,,12384308224,NO,227.38,172.83,234.24,191.85,2667,0.0,757952,NO,NO,2019-01-07,51674500,-7.51
353,TNA,74.33,3558264,ETF,ETF,93.0,83.0,94.0,92.0,3.7642,3.4449,7511670.0,6218040.0,76.84,31.34,,0,NO,65.98,53.02,67.29,56.47,4429,0.0,3558264,NO,NO,2011-10-04,222000000,-3.27
355,URTY,86.53,442832,ETF,ETF,93.0,83.0,94.0,92.0,4.3561,3.9754,1115319.0,1059040.0,89.39,36.8,,0,NO,76.88,61.93,78.36,65.88,4121,0.0,442832,NO,NO,2011-10-05,8068400,-3.2
357,ASML,1843.04,2574972,Technology,Semiconductor Equipment & Materials,93.0,88.0,89.0,94.0,102.0557,73.225,1906350.0,2227050.0,1999.96,683.48,,710340182016,NO,1640.94,1310.31,1683.91,1445.6,7876,0.0,2574972,NO,NO,1995-03-15,71337728,-7.85
358,KYMR,114.2,860285,Healthcare,Biotechnology,93.0,98.0,88.0,90.0,8.0819,7.5007,760649.0,1949450.0,130.05,36.65,,9393815552,NO,86.26,76.09,88.24,83.31,1471,0.0,862391,NO,NO,2025-12-08,7495500,-12.19
364,RAPP,39.39,296935,Healthcare,Biotechnology,93.0,77.0,82.0,85.0,2.5938,2.5209,356726.0,492650.0,43.76,11.19,,1883902720,NO,37.22,30.63,37.75,32.57,517,0.0,296935,NO,NO,2025-09-08,13877600,-9.99
368,CGNX,71.31,3410121,Technology,Scientific & Technical Instruments,93.0,84.0,91.0,95.0,3.2796,2.7604,2292719.0,2707870.0,72.88,31.77,,11866539008,NO,62.84,49.08,64.62,52.29,9305,0.0,3410121,NO,NO,1989-07-20,33836800,-2.15
369,AEIS,356.35,722605,Industrials,Electrical Equipment & Parts,93.0,94.0,55.0,93.0,23.1086,18.095,921257.0,1316250.0,397.44,128.4,,14257797120,NO,346.25,273.75,342.3,307.83,7703,0.0,722605,NO,NO,2000-10-13,10704900,-10.34
373,SEI,73.42,2108415,Energy,Oil & Gas Equipment & Services,93.0,78.0,85.0,93.0,5.6139,4.9381,2327288.0,2243150.0,86.19,24.57,,6857953280,NO,74.14,56.74,74.42,61.1,2296,0.0,2108415,NO,NO,2025-10-07,12906400,-14.82
374,ESTA,89.23,1073207,Healthcare,Medical Devices,93.0,96.0,93.0,80.0,4.2621,4.225,588339.0,1081800.0,90.5,33.35,,2626073856,NO,74.56,65.27,76.95,71.11,1998,0.0,1073207,NO,NO,2023-11-08,10486500,-1.4
377,ENS,220.46,539026,Industrials,Electrical Equipment & Parts,93.0,23.0,83.0,91.0,10.1482,9.0007,465747.0,760140.0,244.3,85.56,,8050708480,NO,224.51,169.43,226.11,188.58,5514,0.0,539026,NO,NO,2016-08-25,6830000,-9.76
379,FPS,49.9,9196719,Industrials,Electrical Equipment & Parts,93.0,8.0,94.0,,4.6175,4.2375,5658272.0,5813020.0,66.0,25.95,,15191002112,NO,49.37,,51.38,,101,0.0,9196719,YES,NO,2026-05-29,32074600,-24.39
380,ENTG,165.19,4617868,Technology,Semiconductor Equipment & Materials,93.0,94.0,90.0,95.0,15.0464,11.6554,3164649.0,4015410.0,186.94,67.97,,25158436864,NO,147.92,114.98,147.99,126.96,6532,0.0,4617868,NO,NO,2025-03-05,22198800,-11.63
384,TQQQ,77.46,62257342,ETF,ETF,93.0,9.0,96.0,90.0,5.4993,4.4286,77470342.0,73537540.0,88.09,37.32,,0,NO,74.55,57.41,76.2,59.4,4121,0.0,62257342,YES,NO,2011-10-17,1094342400,-12.07
387,KGS,72.4,1252941,Energy,Oil & Gas Equipment & Services,93.0,85.0,81.0,96.0,2.8975,2.8457,1816962.0,2528970.0,77.68,30.06,,7306529280,NO,69.95,49.66,70.43,56.17,754,0.0,1252941,NO,NO,2025-08-05,10519400,-6.8
391,TWLO,209.28,1548938,Technology,Software - Infrastructure,93.0,12.0,94.0,91.0,9.5994,9.3394,2765314.0,2348460.0,238.48,91.84,,31763232768,NO,189.96,139.38,197.89,150.76,2519,0.71,1548938,NO,NO,2022-11-04,44840800,-12.24
393,ARCB,139.82,332557,Industrials,Trucking,93.0,38.0,90.0,95.0,6.8957,6.7129,385100.0,583650.0,176.69,59.43,,3112921856,NO,135.93,96.91,138.95,109.65,8593,0.0,332557,NO,NO,1992-05-13,9338300,-20.87
396,ECG,151.02,581431,Industrials,Engineering & Construction,93.0,72.0,84.0,94.0,9.0034,7.4445,632077.0,711620.0,171.58,62.43,,7708303872,NO,151.55,111.25,152.97,121.51,419,0.0,581431,NO,NO,2025-05-14,3734500,-11.98
398,ALGT,119.16,679105,Industrials,Airlines,93.0,97.0,91.0,89.0,6.1993,5.4614,623896.0,793360.0,123.12,42.56,,3202723072,NO,87.28,82.02,91.66,90.28,4919,0.0,682212,NO,NO,2006-12-08,5542000,-3.22
400,CGON,70.89,999364,Healthcare,Biotechnology,93.0,93.0,42.0,94.0,3.9291,3.8816,1097773.0,1605150.0,77.0,23.65,,6252673024,NO,64.68,53.38,64.66,59.15,610,0.0,1000813,NO,NO,2025-04-28,9040400,-7.94
404,JBHT,290.07,1161830,Industrials,Integrated Freight & Logistics,93.0,71.0,88.0,91.0,9.0504,8.9204,980055.0,1143500.0,294.98,130.12,,27353370624,NO,265.11,209.02,270.74,232.92,10734,0.0,1161830,NO,NO,2002-07-15,28216800,-1.66
410,TIGO,90.49,3018070,Communication Services,Telecom Services,93.0,75.0,77.0,93.0,3.9204,3.8271,1731840.0,1931040.0,94.73,36.59,,15160824832,NO,85.2,65.58,85.58,73.09,1879,0.0,3018070,NO,NO,2026-05-29,15237500,-4.48
415,MTZ,390.61,1023905,Industrials,Engineering & Construction,92.0,80.0,78.0,94.0,20.3793,18.3629,1069759.0,1376960.0,441.43,160.08,,30865438720,NO,389.66,282.36,390.05,316.08,13453,0.0,1023905,NO,NO,2018-11-09,13817900,-11.51
416,GEV,1134.35,2127688,Industrials,Specialty Industrial Machinery,92.0,93.0,85.0,94.0,56.5706,45.2146,2717442.0,3456300.0,1181.95,497.3,,304822517760,NO,1039.66,792.11,1032.29,876.99,567,0.0,2127688,NO,NO,2024-04-02,18246100,-4.03
419,DVA,228.03,629592,Healthcare,Medical Care Facilities,92.0,94.0,92.0,96.0,6.1736,6.0871,852219.0,914260.0,229.79,101.0,,14636105728,NO,191.16,145.61,199.67,156.43,7716,0.0,629592,NO,NO,1999-02-18,56235600,-0.77
421,SNX,261.35,650996,Technology,Electronics & Computer Distribution,92.0,22.0,93.0,94.0,11.0636,10.82,860609.0,1240280.0,296.47,134.31,,20735248384,NO,251.56,182.42,255.78,196.26,5684,0.0,650996,NO,NO,2019-06-28,10486600,-11.85
422,TKR,141.75,1286368,Industrials,Tools & Accessories,92.0,87.0,90.0,93.0,4.6019,3.904,983281.0,1032410.0,146.37,70.57,,9850847232,NO,124.84,98.35,128.36,108.06,13453,0.0,1286368,NO,NO,2012-08-01,14754136,-3.16
423,HLIO,84.37,351403,Industrials,Specialty Industrial Machinery,92.0,63.0,86.0,92.0,3.4671,3.1221,379601.0,481540.0,95.05,33.85,,2788121344,NO,78.97,65.12,80.55,70.27,7415,0.0,351403,NO,NO,2018-02-02,3161100,-11.24
425,ILMN,183.89,2100604,Healthcare,Diagnostics & Research,92.0,86.0,92.0,88.0,6.9364,6.7164,1768986.0,2085410.0,184.9,88.0,,27822557184,NO,151.81,129.79,157.32,139.16,6519,0.0,2100604,NO,NO,2024-06-21,36257766,-0.55
427,MOD,244.49,1566117,Consumer Cyclical,Auto Parts,92.0,5.0,60.0,95.0,17.5761,15.6779,1318377.0,2219870.0,323.25,86.48,,12912930816,NO,270.37,196.85,269.94,215.83,11033,0.0,1566117,NO,NO,2026-06-26,9422200,-24.37
429,GNRC,270.22,933150,Industrials,Specialty Industrial Machinery,92.0,56.0,89.0,95.0,15.99,12.6364,859303.0,1037270.0,296.44,134.8,,15907494912,NO,262.88,199.71,269.24,214.11,4121,0.0,933150,NO,NO,2020-02-12,13312000,-8.84
431,CBRL,55.1,1573653,Consumer Cyclical,Restaurants,92.0,98.0,96.0,96.0,2.8379,2.7729,1280032.0,1186580.0,71.93,24.85,,1231565440,NO,36.48,33.29,39.5,32.88,11252,0.0,1581875,NO,NO,2026-06-10,11347700,-23.4
436,EWT,105.69,4232023,ETF,ETF,92.0,39.0,92.0,93.0,3.6264,2.2889,6282675.0,6353450.0,112.78,57.42,,0,NO,98.06,75.38,99.62,80.39,6543,0.0,4232023,NO,NO,2009-04-29,37344000,-6.29
437,ARW,209.61,694292,Technology,Electronics & Computer Distribution,92.0,21.0,91.0,95.0,7.4528,6.5114,704544.0,677920.0,237.33,101.79,,10718186496,NO,209.74,148.4,212.31,163.46,11667,0.0,694292,NO,NO,2000-02-24,10397800,-11.68
440,MRX,65.22,1000860,Financial Services,Capital Markets,92.0,94.0,91.0,93.0,3.3266,3.3266,1076029.0,1197660.0,67.35,27.91,,4691331584,NO,56.74,42.32,58.27,46.99,547,0.0,1000860,NO,NO,2024-04-25,7269100,-3.16
445,CYTK,85.26,1741295,Healthcare,Biotechnology,92.0,91.0,85.0,89.0,3.3189,3.0325,2565552.0,3384330.0,88.31,32.89,,11575800832,NO,73.62,64.96,75.77,67.58,5577,0.0,1741295,NO,NO,2021-07-19,40137500,-3.45
446,MIRM,120.46,981676,Healthcare,Biotechnology,92.0,95.0,86.0,91.0,5.5296,5.3353,992501.0,1506460.0,125.39,47.89,,7345798656,NO,101.86,87.81,105.02,95.3,1748,0.73,996937,NO,NO,2019-12-16,8442800,-3.93
453,NVT,159.99,1546304,Industrials,Electrical Equipment & Parts,92.0,14.0,88.0,92.0,8.555,6.3489,2146150.0,2488960.0,184.64,68.9,,25873655808,NO,163.31,122.85,165.82,131.62,2058,0.0,1546304,NO,NO,2018-05-01,40727700,-13.35
454,LLYX,27.35,334609,ETF,ETF,92.0,93.0,93.0,42.0,1.6374,1.6307,574850.0,527880.0,29.52,9.6,,0,NO,21.79,20.92,23.16,22.13,475,0.0,334609,NO,NO,2025-08-07,17207100,-7.35
457,OKTA,140.46,3965188,Technology,Software - Infrastructure,92.0,57.0,95.0,93.0,6.3118,6.2246,4065606.0,3802490.0,142.94,62.66,,24629164032,NO,100.56,88.59,107.55,90.29,2320,1.03,3965188,NO,NO,2022-09-01,45872000,-1.73
459,CHAT,93.52,554796,ETF,ETF,92.0,12.0,92.0,92.0,4.6636,3.15,695016.0,676860.0,105.2,47.72,,0,NO,89.85,69.59,91.23,72.91,782,0.0,554796,NO,NO,2026-06-05,1714000,-11.1
461,ARTY,73.14,633091,ETF,ETF,92.0,15.0,93.0,91.0,3.2737,2.4219,878665.0,814110.0,81.85,40.25,,0,NO,69.88,54.36,70.87,57.43,2012,0.0,633091,NO,NO,2026-03-12,3072000,-10.64
464,NPO,360.78,238348,Industrials,Specialty Industrial Machinery,92.0,92.0,91.0,93.0,15.1771,13.0071,270559.0,448070.0,390.42,195.48,,7622077952,NO,322.15,258.55,328.86,275.69,6064,0.0,238348,NO,NO,2014-01-13,3043000,-7.59
470,ARKG,42.62,4734582,ETF,ETF,92.0,94.0,94.0,91.0,1.6839,1.4746,3044278.0,5184300.0,43.33,22.73,,0,NO,32.95,30.25,34.2,30.73,2932,0.0,4734582,NO,NO,2020-12-29,15040000,-1.64
471,AIR,142.76,417334,Industrials,Aerospace & Defense,92.0,96.0,86.0,94.0,5.4278,5.1421,418257.0,646320.0,146.75,68.67,,5676746752,NO,118.26,101.4,122.02,110.44,11667,0.0,417334,NO,NO,2008-02-06,4345300,-2.72
474,SBIT,66.06,750959,ETF,ETF,92.0,97.0,69.0,91.0,4.649,3.5652,1024303.0,900800.0,76.52,23.6,,0,NO,50.74,45.4,53.6,51.14,564,0.0,750959,NO,NO,2026-02-05,7663200,-13.67
477,PTGX,125.17,488524,Healthcare,Biotechnology,92.0,96.0,74.0,90.0,4.6132,4.5496,693967.0,1075120.0,126.59,49.38,,8049854464,NO,105.19,90.0,106.57,96.06,2485,0.31,490154,NO,NO,2021-10-11,45683600,-1.12
478,JAZZ,237.51,819633,Healthcare,Biotechnology,92.0,65.0,82.0,89.0,6.2621,6.1129,946773.0,942170.0,243.32,105.0,,14902046720,NO,225.59,179.19,229.49,194.53,4801,0.0,819633,NO,NO,2009-06-15,27415800,-2.39
479,KEYS,335.6,1005025,Technology,Scientific & Technical Instruments,92.0,63.0,74.0,93.0,15.6739,12.4496,1512226.0,1921740.0,374.96,152.85,,57352482816,NO,347.08,253.67,345.5,285.02,2941,0.0,1005025,NO,NO,2018-11-05,47677800,-10.5
483,LNTH,108.96,905482,Healthcare,Drug Manufacturers - Specialty & Generic,91.0,87.0,91.0,93.0,3.2421,3.1879,958627.0,1172370.0,111.86,47.25,,7093958656,NO,96.76,73.03,100.29,81.55,2770,0.0,905482,NO,NO,2022-10-11,15528900,-2.59
491,AVT,87.28,941373,Technology,Electronics & Computer Distribution,91.0,56.0,90.0,94.0,2.8821,2.5254,1408931.0,1612590.0,95.26,44.25,,7159061504,NO,85.44,62.82,86.2,68.64,13403,0.0,1003141,NO,NO,2008-04-15,8983800,-8.38
494,CSCO,117.01,29431194,Technology,Communication Equipment,91.0,22.0,92.0,91.0,3.5036,3.3007,23976462.0,28167210.0,130.37,65.75,,461187284992,NO,110.56,84.69,114.05,90.81,9158,0.0,29431194,YES,NO,1990-02-16,940636800,-10.25
496,MSGE,79.48,332841,Communication Services,Entertainment,91.0,84.0,88.0,91.0,2.8478,2.7886,463019.0,722700.0,82.79,35.31,,3759820032,NO,70.32,57.68,72.02,63.24,805,0.0,332841,NO,NO,2023-06-23,5614100,-4.0
503,JBL,375.34,1189433,Technology,Electronic Components,91.0,72.0,90.0,93.0,20.7036,19.1764,1320383.0,2173260.0,428.93,189.6,,39599353856,NO,359.02,267.25,361.02,292.68,8348,0.0,1189433,NO,NO,2014-11-04,36679300,-12.49
509,BFH,105.37,354658,Financial Services,Credit Services,91.0,92.0,90.0,89.0,3.3468,3.2875,697818.0,824260.0,109.91,53.83,,4257692416,NO,92.54,75.55,94.2,81.99,6297,0.0,354658,NO,NO,2008-01-28,42684447,-4.13
514,CHEF,95.36,318997,Consumer Defensive,Food Distribution,91.0,95.0,93.0,91.0,3.22,3.1221,503759.0,617360.0,97.63,53.2,,3888554752,NO,81.58,66.97,85.2,71.06,3753,0.0,327099,NO,NO,2011-07-28,6574100,-2.33
515,TXN,298.41,8455077,Technology,Semiconductors,91.0,64.0,93.0,94.0,15.8471,12.3571,8726111.0,12775510.0,334.03,152.73,,271580790784,NO,294.63,214.93,297.93,234.59,13633,0.0,8455077,NO,NO,1987-09-16,136944000,-10.66
526,CORT,88.48,1036908,Healthcare,Biotechnology,91.0,95.0,97.0,61.0,3.9514,3.9121,1104303.0,1037500.0,91.0,28.66,,9498469376,NO,65.44,60.49,70.1,53.86,5589,0.14,1036908,NO,NO,2020-09-02,88404100,-2.77
530,QTUM,160.36,655477,ETF,ETF,91.0,32.0,92.0,90.0,5.9879,4.8957,711534.0,706990.0,170.0,89.23,,0,NO,150.76,121.8,153.47,127.9,1965,0.0,655477,NO,NO,2025-01-08,2103300,-5.67
533,Q,153.37,1358573,Technology,Semiconductor Equipment & Materials,91.0,60.0,87.0,95.0,10.4369,8.3734,1906154.0,2728130.0,177.28,70.5,,32106352640,NO,152.34,,153.41,121.95,170,0.0,1358573,NO,NO,2025-11-03,10626200,-13.49
536,TSM,444.23,18465871,Technology,Semiconductors,91.0,64.0,86.0,91.0,20.6971,16.8629,13622342.0,15427180.0,479.0,223.7,,2303987286016,NO,418.18,343.16,421.45,367.52,7225,0.0,18465871,YES,NO,2025-01-27,68667500,-7.26
542,DY,470.51,391570,Industrials,Engineering & Construction,91.0,18.0,89.0,88.0,22.6489,21.785,551622.0,979990.0,566.47,233.0,,14130100224,NO,452.14,369.8,457.12,400.34,10601,0.0,391570,NO,NO,2005-05-24,7972600,-16.94
545,COCO,68.98,1283808,Consumer Defensive,Beverages - Non-Alcoholic,91.0,12.0,91.0,83.0,4.278,4.2737,1285881.0,1395980.0,85.83,31.79,,3939630336,NO,72.33,55.36,74.97,60.48,1177,0.0,1286412,NO,NO,2021-10-21,9664500,-19.63
549,AAMI,71.98,363763,Financial Services,Asset Management,91.0,41.0,87.0,91.0,3.712,3.1099,464050.0,870430.0,85.73,35.48,,2564574720,NO,71.79,55.68,71.87,59.75,2948,0.0,363763,NO,NO,2020-06-19,12096900,-16.04
551,DAL,93.06,5049752,Industrials,Airlines,91.0,89.0,89.0,87.0,2.9136,2.6579,8626129.0,9676510.0,95.14,48.24,,61139894272,NO,77.59,67.89,80.35,72.04,4821,0.0,5049752,NO,NO,2013-09-10,206372300,-2.19
552,PWR,691.4,1051622,Industrials,Engineering & Construction,90.0,58.0,83.0,93.0,29.7507,25.4486,1228991.0,1874440.0,788.75,363.01,,103751589888,NO,710.39,536.71,717.67,582.39,7139,0.0,1051622,NO,NO,2009-06-30,41581400,-12.34
553,BAI,49.49,4081825,ETF,ETF,90.0,25.0,92.0,91.0,2.7145,1.8939,4167355.0,4339810.0,54.46,28.07,,0,NO,47.53,37.96,48.14,39.38,423,0.0,4081825,NO,NO,2025-09-16,79352700,-9.13
558,PSMT,195.29,325106,Consumer Defensive,Discount Stores,90.0,89.0,85.0,92.0,5.0984,5.0313,272518.0,412760.0,199.41,101.3,,6033656320,NO,170.0,143.33,174.02,154.51,7252,0.0,325106,NO,NO,2019-09-25,4886600,-2.07
561,AKTS,30.89,534758,Healthcare,Biotechnology,90.0,98.0,95.0,,2.8415,2.5965,292818.0,669720.0,34.19,14.72,,1707520384,NO,21.44,,22.39,,119,0.0,534758,NO,NO,2026-03-20,3904300,-9.65
563,CMI,682.32,662757,Industrials,Specialty Industrial Machinery,90.0,77.0,83.0,86.0,27.6636,21.8096,982132.0,1482030.0,737.76,325.25,,94152704000,NO,675.85,555.0,671.55,599.88,13453,0.0,662757,NO,NO,2007-04-27,31219200,-7.51
567,CLS,361.62,1134126,Technology,Electronic Components,90.0,5.0,84.0,76.0,23.3125,21.1518,2253886.0,1875960.0,474.03,147.0,,41576574976,NO,382.86,318.02,374.23,327.34,7044,0.0,1134126,NO,NO,2025-01-27,17004700,-23.71
573,FTAI,261.83,861223,Industrials,Aerospace & Defense,90.0,76.0,47.0,91.0,16.2571,15.0386,1233140.0,1110440.0,323.51,108.47,,26859298816,NO,250.78,225.0,253.47,247.81,2799,0.0,861223,NO,NO,2025-01-15,20029100,-19.07
577,INSW,77.78,464866,Energy,Oil & Gas Midstream,90.0,31.0,46.0,92.0,4.1802,4.1481,590727.0,818820.0,92.66,37.21,,3850475264,NO,82.58,63.72,82.69,69.92,2417,0.0,464866,NO,NO,2024-12-27,7364100,-16.06
593,CHPY,82.85,821826,ETF,ETF,90.0,61.0,92.0,91.0,4.2994,3.0736,719445.0,778730.0,89.86,50.85,,0,NO,77.59,62.71,78.77,65.55,309,0.0,821826,NO,NO,2026-05-05,1887900,-7.8
611,QTEC,326.1,215319,ETF,ETF,90.0,38.0,92.0,89.0,11.8529,9.1514,280395.0,712900.0,340.23,205.57,,0,NO,301.22,248.33,308.3,256.8,5073,0.0,215319,NO,NO,2016-11-11,18972200,-4.15
614,QLD,93.9,4479250,ETF,ETF,90.0,16.0,93.0,85.0,4.4436,3.57,5075547.0,4378990.0,101.19,56.6,,0,NO,90.55,74.69,92.08,76.82,5038,0.0,4479250,NO,NO,2008-11-20,5974124800,-7.2
623,FFIV,424.18,668856,Technology,Software - Infrastructure,89.0,79.0,91.0,93.0,12.2557,12.085,724555.0,759120.0,427.54,223.76,,23931916288,NO,370.54,302.49,381.06,312.39,6810,0.0,668856,NO,NO,2005-07-21,26240600,-0.79
631,SOLS,82.95,1873478,Basic Materials,Specialty Chemicals,89.0,36.0,51.0,94.0,4.3136,3.9179,1967896.0,2079620.0,90.8,40.43,,13172813824,NO,83.12,,82.52,72.44,175,0.0,1873478,NO,NO,2025-12-19,37846300,-8.65
632,NTRA,276.27,1846011,Healthcare,Diagnostics & Research,89.0,95.0,89.0,76.0,13.6065,13.1193,1565006.0,2140340.0,279.42,131.81,,39566110720,NO,216.56,210.12,221.14,216.09,2766,0.94,1846011,NO,NO,2022-03-09,41733200,-1.13
633,ACA,144.66,821487,Industrials,Engineering & Construction,89.0,91.0,88.0,86.0,3.2459,2.5161,495719.0,1602090.0,146.92,81.91,,7103791104,NO,128.08,111.86,130.33,118.5,1922,0.0,821487,NO,NO,2019-06-28,5586000,-1.54
638,NTAP,156.38,3671855,Technology,Software - Infrastructure,89.0,7.0,92.0,90.0,6.2021,6.1836,3010022.0,3225890.0,192.83,93.69,,30637957120,NO,139.06,116.16,146.08,117.71,7701,0.17,3671855,NO,NO,2012-05-24,54215800,-18.9
640,NVMI,502.6,619547,Technology,Semiconductor Equipment & Materials,89.0,73.0,68.0,91.0,39.2964,29.6521,408121.0,539120.0,615.99,232.73,,15985776640,NO,520.2,417.54,515.59,459.04,6594,0.0,619547,NO,NO,2000-04-11,4895500,-18.41
645,IBKR,93.25,7428361,Financial Services,Capital Markets,89.0,75.0,89.0,90.0,3.6271,3.2921,4898547.0,5005190.0,97.84,56.33,,158172725248,NO,85.84,73.36,87.45,76.24,4820,0.91,7428361,NO,NO,2025-08-27,98998600,-4.69
649,ROKU,140.51,5032790,Communication Services,Entertainment,89.0,82.0,92.0,83.0,4.9188,4.8338,4282693.0,9684890.0,148.88,78.53,,20843556864,NO,126.9,106.63,131.28,111.12,2200,0.54,5035763,NO,NO,2022-02-18,66585200,-5.62
655,RRX,229.36,2012375,Industrials,Specialty Industrial Machinery,89.0,88.0,79.0,93.0,11.885,9.9636,1104606.0,1237190.0,247.8,127.96,,15268397056,NO,211.92,176.72,211.97,191.38,11667,0.0,2012375,NO,NO,2021-10-05,5195500,-7.44
657,UAL,135.13,4806748,Industrials,Airlines,89.0,94.0,91.0,78.0,5.4843,4.9471,6647706.0,6326150.0,138.77,78.33,,43859107840,NO,106.34,103.22,111.05,106.14,5132,0.0,4806748,NO,NO,2020-06-04,142812800,-2.62
658,NUE,219.02,1674740,Basic Materials,Steel,89.0,7.0,85.0,86.0,9.1479,8.18,1634463.0,2337430.0,270.9,131.32,,49879822336,NO,237.02,180.73,238.59,196.64,11667,0.0,1674740,NO,NO,2001-06-26,358280000,-19.15
665,AAON,116.42,1032470,Industrials,Building Products & Equipment,89.0,5.0,90.0,92.0,7.0529,6.1329,1099588.0,909680.0,150.46,62.0,,9536161792,NO,124.29,99.5,128.33,101.91,8442,0.0,1032470,NO,NO,2000-01-28,30539405,-22.62
666,LSTR,207.35,319752,Industrials,Integrated Freight & Logistics,89.0,25.0,85.0,90.0,5.7346,5.6661,490519.0,538380.0,228.46,119.32,,7035014144,NO,197.37,157.19,200.82,170.54,8388,0.0,319752,NO,NO,1993-09-29,29786400,-9.24
670,GOOGL,361.21,26660281,Communication Services,Internet Content & Information,89.0,20.0,82.0,69.0,12.3793,10.91,31508681.0,45431230.0,408.61,172.77,,4407691313152,NO,370.42,315.61,374.14,334.72,5501,0.24,26660281,YES,NO,2006-01-20,1643023332,-11.6
671,MPWR,1331.73,1202500,Technology,Semiconductors,89.0,6.0,79.0,90.0,100.4147,82.2818,801691.0,1494170.0,1714.09,686.87,,65427894272,NO,1547.15,1167.0,1515.75,1254.07,5436,0.0,1202604,NO,NO,2021-02-11,10003300,-22.31
675,CAKE,79.64,1153100,Consumer Cyclical,Restaurants,89.0,94.0,91.0,92.0,2.6164,2.5407,1226459.0,1303990.0,80.93,43.07,,3956942336,NO,66.61,58.0,68.71,61.59,8504,0.0,1153100,NO,NO,1992-09-18,24816375,-1.59
680,SN,151.84,1560207,Consumer Cyclical,"Furnishings, Fixtures & Appliances",89.0,95.0,90.0,87.0,5.7713,5.3183,1993381.0,1564220.0,152.55,83.12,,21488453632,NO,122.17,111.72,125.73,118.99,733,0.0,1560207,NO,NO,2026-05-15,11957600,-0.47
687,APH,172.22,7987818,Technology,Electronic Components,89.0,92.0,88.0,82.0,6.5679,5.7579,9837052.0,9797260.0,178.52,95.19,,211870990336,NO,145.84,138.61,146.87,142.19,8721,0.0,7987818,NO,NO,1997-01-23,220096000,-3.53
688,RSPT,63.37,1350570,ETF,ETF,89.0,19.0,89.0,88.0,1.8436,1.4811,563268.0,857350.0,67.49,40.28,,0,NO,59.79,49.5,60.93,51.67,4941,0.0,1350770,NO,NO,2023-05-09,18775000,-6.1
689,CROX,124.17,1030532,Consumer Cyclical,Footwear & Accessories,88.0,72.0,92.0,90.0,4.7511,4.3132,1271044.0,1215720.0,129.79,73.21,,6169963520,NO,112.61,92.16,115.26,97.79,5130,0.78,1030532,NO,NO,2007-11-01,60485700,-4.33
699,GOLF,118.31,202462,Consumer Cyclical,Leisure,88.0,97.0,83.0,90.0,3.8043,3.5636,352845.0,508810.0,119.36,73.09,,6927529984,NO,95.83,89.75,98.22,95.01,2430,0.0,202462,NO,NO,2016-10-28,6904800,-0.88
700,GOOG,357.89,19345458,Communication Services,Internet Content & Information,88.0,21.0,82.0,67.0,11.9428,10.3193,21429975.0,29665810.0,404.47,173.88,,4367179055104,NO,367.73,315.04,371.34,333.63,5501,0.36,19345458,YES,NO,2006-01-20,1650832619,-11.52
707,AIA,136.38,560446,ETF,ETF,88.0,12.0,84.0,89.0,4.7793,3.2079,490363.0,531720.0,150.83,80.08,,0,NO,135.9,111.15,136.9,117.67,4681,0.0,560446,NO,NO,2021-03-08,4956000,-9.58
709,AMBA,88.34,4026841,Technology,Semiconductor Equipment & Materials,88.0,92.0,95.0,82.0,5.9418,5.5554,1319501.0,1856350.0,96.69,48.3,,3875315200,NO,72.99,71.64,74.05,66.66,3449,0.0,4026841,NO,NO,2015-06-22,25072600,-8.64
714,ADI,388.98,5684641,Technology,Semiconductors,88.0,22.0,79.0,89.0,18.8679,14.8943,4495396.0,6688920.0,445.91,218.37,,189467115520,NO,408.69,316.88,407.22,348.03,11667,0.0,5684641,NO,NO,2006-08-11,27748000,-12.77
715,AFRM,83.85,3603227,Financial Services,Credit Services,88.0,90.0,95.0,61.0,4.4343,4.1257,5059155.0,4909160.0,100.0,42.09,,28081244160,NO,68.83,66.38,70.33,63.26,1372,1.61,3603227,NO,NO,2022-02-10,86940400,-16.15
717,STLD,221.76,1341412,Basic Materials,Steel,88.0,5.0,80.0,84.0,10.6093,9.3929,1195677.0,1651850.0,288.74,119.89,,31980625920,NO,245.36,188.33,246.23,204.31,7446,0.0,1341412,NO,NO,2022-12-21,38999600,-23.2
718,BHYP,35.4,247588,ETF,ETF,88.0,6.0,,,2.7821,1.945,627929.0,402920.0,43.03,24.18,,0,NO,,,,,32,0.0,247588,NO,NO,2026-06-12,1405900,-17.73
723,R,266.0,293164,Industrials,Rental & Leasing Services,88.0,74.0,85.0,88.0,7.8171,7.4557,425545.0,468830.0,284.25,157.67,,10291810304,NO,251.92,207.43,255.07,221.48,11719,0.0,293164,NO,NO,2017-06-16,9940400,-6.42
727,URI,1111.76,236827,Industrials,Rental & Leasing Services,88.0,86.0,92.0,88.0,29.155,26.0664,543385.0,549640.0,1143.69,701.59,,69647933440,NO,1003.26,891.09,1023.39,896.11,7176,0.0,236827,NO,NO,2007-11-14,36409300,-2.79
730,HXL,98.09,624910,Industrials,Aerospace & Defense,88.0,85.0,78.0,85.0,3.1861,3.1054,1054981.0,1234880.0,101.51,56.57,,7398652416,NO,92.54,80.61,93.13,86.25,11667,0.0,624910,NO,NO,2020-06-19,12921200,-3.37
731,UNH,426.54,4927265,Healthcare,Healthcare Plans,88.0,87.0,93.0,85.0,10.0229,9.7479,7691545.0,6931380.0,428.02,234.6,,387359899648,NO,388.87,336.92,397.48,338.26,10506,0.36,4927265,NO,NO,1998-08-06,161821600,-0.35
750,NOVT,163.7,732641,Technology,Scientific & Technical Instruments,88.0,53.0,89.0,87.0,7.4925,6.9854,484416.0,633330.0,171.85,98.27,,5829897728,NO,150.41,128.63,153.16,136.34,6860,0.0,732641,NO,NO,2022-07-25,6805900,-4.74
751,STT,169.67,781486,Financial Services,Asset Management,88.0,77.0,87.0,84.0,4.5304,4.2454,2218911.0,3106710.0,175.46,101.98,,46959063040,NO,158.68,132.79,159.94,140.09,11667,0.0,781486,NO,NO,2009-01-20,76692600,-3.3
758,AIPO,32.03,2094653,ETF,ETF,87.0,27.0,84.0,90.0,1.2005,0.8915,1239862.0,1579640.0,34.79,19.17,,0,NO,32.06,26.27,32.16,27.48,235,0.0,2094653,NO,NO,2026-06-11,2865600,-7.93
768,MDA,39.5,300211,Industrials,Aerospace & Defense,87.0,13.0,93.0,,2.6122,2.5672,1077955.0,1759650.0,49.37,23.23,,5480663552,NO,37.67,,38.14,,77,0.0,300211,NO,NO,2026-06-16,2660400,-19.99
770,SNOW,261.19,4587738,Technology,Software - Application,87.0,14.0,95.0,73.0,13.0053,12.9394,9039186.0,7851490.0,284.99,118.3,,90528456704,NO,196.22,206.33,209.21,191.13,1454,1.6,4587738,NO,NO,2024-11-21,55121600,-8.35
774,SPXL,269.99,1631975,ETF,ETF,87.0,15.0,91.0,76.0,10.8771,9.0557,2353850.0,1700610.0,289.0,168.04,,0,NO,263.31,227.37,266.15,233.07,4439,0.0,1631975,NO,NO,2009-03-11,447939600,-6.58
777,BMO,177.57,173720,Financial Services,Banks - Diversified,87.0,82.0,86.0,87.0,2.7546,2.5446,782273.0,847680.0,178.7,109.64,,124372983808,NO,160.95,140.29,163.7,146.83,7971,0.0,173720,NO,NO,2010-12-17,10489300,-0.63
782,NSIT,119.81,364522,Technology,Electronics & Computer Distribution,87.0,63.0,95.0,90.0,5.0593,5.0507,533250.0,572420.0,148.58,63.62,,3618731008,NO,96.85,90.84,101.94,87.21,7911,0.0,364522,NO,NO,2002-07-18,12058000,-19.36
786,UPRO,141.39,1968946,ETF,ETF,87.0,15.0,91.0,75.0,5.6639,4.7504,3071581.0,2274460.0,151.41,88.15,,0,NO,137.98,119.36,139.47,122.24,4280,0.0,1968946,NO,NO,2010-07-01,290347200,-6.62
801,CHRW,191.27,1912763,Industrials,Integrated Freight & Logistics,87.0,77.0,67.0,72.0,5.9014,5.7321,1792445.0,1627300.0,203.34,96.27,,22545575936,NO,179.54,165.88,179.86,176.56,7220,0.01,1916101,NO,NO,2007-03-01,24014000,-5.94
808,MSM,123.34,2358765,Industrials,Industrial Distribution,87.0,84.0,87.0,90.0,3.6657,3.365,698529.0,831250.0,127.51,78.8,2026-07-01,6886603776,NO,109.68,94.04,111.98,97.42,7684,0.6,2358765,NO,NO,1995-12-15,7272800,-3.27
814,DTCR,29.49,1097372,ETF,ETF,87.0,13.0,80.0,89.0,0.9096,0.7482,1338321.0,2129100.0,32.79,18.13,,0,NO,30.39,24.8,30.49,26.4,1423,0.0,1097372,NO,NO,2026-06-18,5711900,-10.06
817,EMXC,98.53,3280448,ETF,ETF,87.0,17.0,82.0,88.0,3.1587,2.0651,2794477.0,2885470.0,107.12,62.3,,0,NO,96.98,81.01,97.75,85.8,2245,0.0,3280448,NO,NO,2025-05-20,58238900,-8.02
821,FDX,313.89,1586825,Industrials,Integrated Freight & Logistics,87.0,13.0,52.0,87.0,11.1336,10.5829,2132013.0,2938940.0,345.37,174.13,,74896277504,NO,318.14,263.26,320.25,290.97,12155,0.0,1586825,NO,NO,2022-09-16,42444558,-9.11
826,MOH,232.55,819229,Healthcare,Healthcare Plans,87.0,96.0,95.0,89.0,8.4889,8.3268,1153875.0,1207660.0,268.15,121.06,,12115855360,NO,191.57,169.51,197.02,171.65,5786,1.01,819229,NO,NO,2026-03-20,14407900,-13.28
832,LLY,1191.74,2630478,Healthcare,Drug Manufacturers - General,86.0,84.0,85.0,60.0,37.7814,37.6871,3259052.0,3623960.0,1238.0,623.78,,1062723846144,NO,1048.7,982.69,1084.95,1030.54,13633,0.0,2630478,NO,NO,2019-03-06,74822500,-3.74
834,PBW,38.12,442070,ETF,ETF,86.0,5.0,77.0,79.0,1.5914,1.49,844788.0,612110.0,47.22,20.24,,0,NO,40.31,34.31,40.63,35.62,5366,0.0,442070,NO,NO,2025-05-28,4637200,-19.27
835,SION,41.64,348144,Healthcare,Biotechnology,86.0,64.0,40.0,18.0,2.7626,2.7219,429457.0,551960.0,48.45,16.38,,1880059648,NO,39.81,37.93,40.0,39.42,350,0.0,348806,NO,NO,2025-06-27,2248200,-14.06
839,CRL,229.09,889650,Healthcare,Diagnostics & Research,86.0,95.0,87.0,65.0,8.0696,7.7846,878975.0,1009430.0,236.62,144.26,,11034744832,NO,179.45,180.05,183.39,184.82,6543,0.0,889650,NO,NO,2025-04-11,11604900,-3.18
848,LGIH,60.82,316846,Consumer Cyclical,Residential Construction,86.0,95.0,93.0,89.0,3.4846,3.3582,436514.0,521390.0,69.5,33.55,,1412987264,NO,50.09,48.29,51.73,48.52,3179,0.0,316846,NO,NO,2017-02-06,3565100,-12.49
868,BLLN,122.33,687676,Healthcare,Diagnostics & Research,86.0,97.0,93.0,90.0,6.5655,6.4373,680467.0,831150.0,138.7,61.96,,5626627584,NO,94.1,,98.19,88.79,162,1.07,687676,NO,NO,2026-05-05,1517400,-11.8
869,BAP,387.0,359141,Financial Services,Banks - Regional,86.0,89.0,63.0,87.0,14.9294,13.2466,497178.0,446960.0,399.38,216.87,,30746499072,NO,342.56,310.87,349.16,332.93,7720,0.0,359141,NO,NO,2011-06-06,5387007,-3.1
870,RY,208.31,450062,Financial Services,Banks - Diversified,86.0,84.0,85.0,78.0,2.7425,2.6989,1631422.0,2133010.0,209.37,127.38,,289480572928,NO,189.66,167.53,193.02,176.41,7727,0.0,450062,NO,NO,2015-01-22,9830200,-0.51
877,UDOW,70.17,1277674,ETF,ETF,86.0,77.0,89.0,74.0,2.4182,2.1425,2858052.0,1471670.0,71.92,44.37,,0,NO,63.84,58.49,64.87,60.33,4121,0.0,1277674,NO,NO,2020-03-25,67061200,-2.43
883,GKOS,137.57,577219,Healthcare,Medical Devices,86.0,97.0,84.0,76.0,5.2502,5.053,980796.0,997120.0,148.11,73.16,,8080024576,NO,128.76,109.76,130.58,119.25,2770,0.0,577219,NO,NO,2018-08-29,11054300,-7.12
885,ROK,482.82,859455,Industrials,Specialty Industrial Machinery,86.0,76.0,88.0,79.0,14.29,11.4271,790170.0,1148830.0,497.36,305.44,,53725290496,NO,447.22,398.61,455.29,414.96,11214,0.0,859455,NO,NO,2009-04-08,8355000,-2.92
886,MCHP,88.69,14150870,Technology,Semiconductors,86.0,24.0,89.0,88.0,5.3139,4.1839,11560518.0,14704460.0,105.91,48.52,,48077012992,NO,93.6,73.65,93.49,78.72,8378,0.0,14150870,YES,NO,2007-12-04,90537000,-16.26
893,ANET,166.62,7596352,Technology,Computer Hardware,86.0,27.0,88.0,81.0,8.7421,7.3842,9541301.0,8797420.0,179.8,97.14,,209802805248,NO,160.05,143.05,158.13,143.75,3035,0.0,7596352,NO,NO,2018-08-27,178592000,-7.33
894,GVA,149.82,682303,Industrials,Engineering & Construction,86.0,83.0,82.0,83.0,5.215,4.7657,769704.0,1199250.0,162.08,89.8,,6554130944,NO,139.09,121.87,142.55,129.44,9115,0.0,682303,NO,NO,2019-12-20,8582800,-7.56
900,MPC,264.87,1862778,Energy,Oil & Gas Refining & Marketing,85.0,66.0,50.0,93.0,8.2871,7.4893,2367183.0,2816220.0,272.46,158.0,,77325254656,NO,250.3,210.2,253.69,218.62,3776,0.7,1862778,NO,NO,2018-09-28,39153800,-2.79
901,SPMO,155.32,2453509,ETF,ETF,85.0,64.0,89.0,84.0,5.3108,3.7119,2107268.0,2454180.0,162.3,107.24,,0,NO,146.11,126.14,148.34,129.16,2695,0.0,2453509,NO,NO,2024-08-19,14305300,-4.3
912,AIQ,63.63,1601124,ETF,ETF,85.0,11.0,88.0,81.0,2.2396,1.7714,2446740.0,3641340.0,70.26,43.03,,0,NO,62.16,53.32,63.04,54.66,2042,0.0,1601124,NO,NO,2026-06-23,12367000,-9.44
913,FCFS,218.41,533045,Financial Services,Credit Services,85.0,65.0,69.0,87.0,8.5618,8.5275,419259.0,601590.0,235.97,119.21,,9574371328,NO,221.6,182.97,222.99,196.0,8828,0.55,533045,NO,NO,2019-09-20,6973400,-7.44
918,BPOP,168.5,530654,Financial Services,Banks - Regional,85.0,89.0,82.0,87.0,3.2957,3.0957,527231.0,718860.0,169.14,108.74,,10874603520,NO,153.07,133.91,154.9,140.91,11667,0.12,530654,NO,NO,2010-04-14,21428080,-0.38
931,UFO,50.18,1856907,ETF,ETF,85.0,3.0,58.0,84.0,2.2756,2.0621,1398839.0,1236440.0,68.21,28.5,,0,NO,54.44,44.48,54.36,48.15,1815,0.0,1856907,NO,NO,2026-05-29,4061500,-26.43
932,IYW,248.75,476416,ETF,ETF,85.0,22.0,88.0,80.0,7.0221,5.6639,993636.0,751300.0,261.01,170.89,,0,NO,238.66,206.99,242.12,211.05,6567,0.0,476416,NO,NO,2015-02-02,52116000,-4.7
933,SXT,122.56,181706,Basic Materials,Specialty Chemicals,85.0,83.0,90.0,84.0,4.5096,3.9104,468896.0,760490.0,129.35,82.6,,5217251840,NO,115.96,99.79,116.59,102.46,11667,0.0,181706,NO,NO,2023-09-15,8000700,-5.25
937,IPGP,114.41,275764,Technology,Semiconductor Equipment & Materials,85.0,39.0,24.0,92.0,6.7825,5.8046,539314.0,453640.0,155.82,69.03,,4855974400,NO,113.35,100.25,112.53,108.24,4916,0.0,275764,NO,NO,2006-12-13,10771500,-26.58
940,COKE,193.84,586273,Consumer Defensive,Beverages - Non-Alcoholic,85.0,87.0,32.0,82.0,6.8575,6.6704,549657.0,552940.0,219.65,109.42,,12902822912,NO,183.89,166.01,182.85,178.91,13453,0.82,601015,NO,NO,2022-07-19,9896000,-11.75
941,MTUM,328.1,1674647,ETF,ETF,85.0,70.0,88.0,85.0,11.9821,8.385,1258067.0,1762260.0,345.59,229.42,,0,NO,308.62,266.44,312.78,273.42,3321,0.0,1674647,NO,NO,2024-11-08,13786600,-5.06
942,SQM,74.22,605284,Basic Materials,Specialty Chemicals,85.0,8.0,9.0,48.0,3.3939,2.6846,1255585.0,1039450.0,98.0,35.37,,21200039936,NO,83.17,69.8,81.94,78.06,8250,0.0,605284,NO,NO,1996-04-26,30256447,-24.27
943,PHIN,78.14,292724,Consumer Cyclical,Auto Parts,85.0,66.0,64.0,83.0,3.0529,2.7829,381463.0,620090.0,86.94,46.43,,2892786432,NO,78.02,66.59,79.04,72.0,755,0.0,292724,NO,NO,2023-07-05,12492100,-10.12
944,REMX,87.66,370336,ETF,ETF,85.0,8.0,22.0,75.0,3.1899,2.2677,1026842.0,677690.0,111.55,40.29,,0,NO,97.44,84.75,95.97,90.42,3941,0.0,370336,NO,NO,2025-10-13,4389900,-21.42
950,IGM,161.01,459865,ETF,ETF,85.0,18.0,88.0,80.0,4.6057,3.7421,664122.0,534530.0,171.48,110.66,,0,NO,155.36,134.59,157.41,137.46,6359,0.0,459865,NO,NO,2018-10-12,11570400,-6.11
951,C,140.13,11977842,Financial Services,Banks - Diversified,85.0,81.0,81.0,75.0,3.4768,3.1261,12086614.0,15961340.0,147.96,85.46,,239002501120,NO,131.82,115.15,132.47,121.59,12476,0.0,11977842,YES,NO,2009-12-17,377263850,-5.29
953,BIIB,209.74,1081158,Healthcare,Drug Manufacturers - General,85.0,82.0,64.0,75.0,6.6543,6.4121,1207063.0,1400120.0,219.72,121.05,,30965409792,NO,195.16,177.27,198.1,187.12,8759,0.0,1101656,NO,NO,2005-02-28,117940000,-4.54
954,JETS,33.23,1500873,ETF,ETF,85.0,90.0,88.0,75.0,0.9496,0.8064,3826536.0,2804760.0,33.66,22.91,,0,NO,28.17,27.03,29.02,27.99,2809,0.0,1500873,NO,NO,2021-12-06,33592800,-1.28
967,BNY,146.02,2022228,Financial Services,Banks - Diversified,84.0,66.0,80.0,81.0,3.5457,3.3507,3908537.0,5144470.0,148.5,90.58,,100225073152,NO,139.01,121.29,139.75,126.73,13403,0.1,2022228,NO,NO,2008-09-18,66396000,-1.67
971,ETSY,72.83,3435227,Consumer Cyclical,Internet Retail,84.0,76.0,91.0,84.0,2.9868,2.8157,3112955.0,3310590.0,80.41,44.0,,6911292928,NO,66.88,60.36,67.71,59.44,2819,0.0,3435227,NO,NO,2024-09-20,37801100,-9.43
975,MDB,359.38,1733053,Technology,Software - Infrastructure,84.0,8.0,91.0,8.0,19.5413,17.7881,2099478.0,1845490.0,444.72,198.47,,28905627648,NO,314.88,332.39,323.64,330.3,2185,2.99,1733053,NO,NO,2025-08-27,20747000,-19.19
982,FN,547.18,682644,Technology,Electronic Components,84.0,8.0,42.0,71.0,41.8786,37.7371,958244.0,1508050.0,748.89,272.49,,19605317632,NO,645.8,518.82,628.59,561.97,4028,0.0,682644,NO,NO,2024-09-20,7225100,-26.93
984,FESM,48.12,1207996,ETF,ETF,84.0,77.0,83.0,82.0,0.8364,0.761,660603.0,725190.0,48.62,31.72,,0,NO,44.99,40.0,45.53,41.46,654,0.0,1207996,NO,NO,2025-03-07,5100800,-1.03
985,NXPI,279.18,4483128,Technology,Semiconductors,84.0,9.0,90.0,83.0,15.3314,12.3107,3988785.0,4833420.0,339.95,183.0,,70484869120,NO,293.81,236.49,298.96,246.26,3999,0.0,4483128,NO,NO,2021-03-19,53102200,-17.88
989,RPG,61.99,417264,ETF,ETF,84.0,65.0,87.0,85.0,1.8893,1.3618,639980.0,635560.0,64.06,43.41,,0,NO,58.39,50.61,59.19,52.32,5112,0.0,417264,NO,NO,2019-04-03,16660000,-3.23
994,RHP,124.83,713734,Real Estate,REIT - Hotel & Motel,84.0,81.0,88.0,84.0,3.3032,3.0489,639713.0,895470.0,132.41,83.82,,7877930496,NO,114.43,99.52,117.26,103.66,8732,0.0,713734,NO,NO,2009-09-24,11874000,-5.72
1004,INCY,113.81,1524565,Healthcare,Biotechnology,84.0,93.0,77.0,69.0,4.205,3.9079,1661614.0,2215940.0,116.0,66.85,,22737207296,NO,100.29,97.76,102.14,100.08,8218,0.0,1524565,NO,NO,2017-02-27,33193000,-1.89
1015,GE,374.94,2422505,Industrials,Aerospace & Defense,84.0,91.0,86.0,77.0,10.1879,9.46,5794236.0,6132700.0,379.67,243.34,,391748419584,NO,317.11,308.95,325.67,314.65,16232,0.0,2422505,NO,NO,2009-03-04,157102606,-1.25
1022,MS,211.86,3334066,Financial Services,Capital Markets,84.0,56.0,85.0,74.0,6.2107,5.6107,5940047.0,7180370.0,230.47,135.26,,334163574784,NO,203.35,178.17,205.78,185.42,8396,0.0,3334066,NO,NO,2008-09-17,329786100,-8.07
1026,CIBR,91.11,1325936,ETF,ETF,84.0,23.0,91.0,82.0,2.305,2.2229,1639265.0,1516170.0,94.39,60.07,,0,NO,80.26,73.24,82.95,72.67,2763,0.41,1335435,NO,NO,2025-08-12,8503900,-3.47
1028,AIRR,129.36,836521,ETF,ETF,84.0,62.0,71.0,84.0,3.3747,2.9424,734447.0,782730.0,135.05,82.21,,0,NO,128.18,111.32,128.62,117.59,3096,0.0,836521,NO,NO,2025-08-12,2385200,-4.21
1031,GL,180.07,642603,Financial Services,Insurance - Life,84.0,93.0,85.0,83.0,3.6618,3.3954,584029.0,829140.0,182.31,116.73,,13981492224,NO,159.52,144.45,162.44,148.92,11529,0.17,642603,NO,NO,2024-04-11,36577500,-1.23
1032,CIB,78.18,216161,Financial Services,Banks - Regional,84.0,78.0,48.0,77.0,2.6993,2.615,381793.0,491310.0,87.68,43.2,,18549395456,NO,71.77,67.5,71.99,71.68,7784,0.0,216161,NO,NO,2007-07-17,5932400,-10.83
1033,ASND,267.79,516199,Healthcare,Biotechnology,83.0,94.0,71.0,83.0,10.8104,10.7461,788421.0,1308960.0,271.89,160.86,,17565104128,NO,233.18,219.94,235.91,227.23,2873,0.3,516199,NO,NO,2023-04-03,7860200,-1.51
1044,CW,757.76,163155,Industrials,Aerospace & Defense,83.0,75.0,57.0,87.0,25.9146,25.3768,282662.0,404060.0,800.0,463.0,,27992537088,NO,736.69,643.45,740.2,683.44,11667,0.0,163155,NO,NO,2016-01-29,6845700,-5.28
1049,BUG,39.18,1667852,ETF,ETF,83.0,63.0,93.0,83.0,1.2002,1.1488,1099272.0,927170.0,39.7,23.14,,0,NO,32.42,30.81,33.81,29.71,1673,0.86,1667852,NO,NO,2026-02-24,4956600,-1.31
1056,CVLT,147.02,599859,Technology,Software - Application,83.0,94.0,96.0,70.0,6.0914,5.8536,950185.0,1098120.0,200.68,71.75,,6089816576,NO,113.68,119.41,119.81,106.05,4973,2.3,599859,NO,NO,2006-09-22,8587700,-26.74
1071,FXL,212.29,124630,ETF,ETF,83.0,23.0,87.0,81.0,5.9489,4.7842,138536.0,741080.0,224.2,151.62,,0,NO,201.49,176.77,204.36,180.7,4816,0.0,124630,NO,NO,2017-11-10,17140900,-5.31
1083,H,190.86,501189,Consumer Cyclical,Lodging,83.0,71.0,87.0,71.0,5.9036,5.6514,881959.0,989850.0,206.86,133.51,,17971685376,NO,180.28,161.16,183.87,167.42,4187,0.0,501189,NO,NO,2009-11-05,19384900,-7.73
1087,BROS,73.31,2494641,Consumer Cyclical,Restaurants,83.0,95.0,91.0,67.0,3.4249,3.3041,4111781.0,3555700.0,74.65,44.58,,12806040576,NO,58.82,56.37,60.81,57.51,1203,1.32,2494641,NO,NO,2024-08-08,25332900,-1.8
1093,QNT,78.41,4890386,Technology,Software - Application,83.0,,,,9.1387,9.1194,5741000.0,4029110.0,82.3,50.1,,20330582016,YES,,,,,19,0.0,4890386,NO,NO,2026-06-04,29612000,-4.73
1096,ARGX,909.5,357062,Healthcare,Biotechnology,83.0,82.0,81.0,55.0,34.2806,30.6371,341226.0,429750.0,934.62,536.02,,56839172096,NO,833.57,816.84,846.67,810.73,2292,0.0,363836,NO,NO,2023-12-20,5438700,-2.69
1106,ODFL,217.96,1482344,Industrials,Trucking,82.0,19.0,57.0,88.0,8.015,7.7657,2007586.0,2169790.0,252.03,126.01,,45328769024,NO,218.06,179.27,218.9,197.07,8732,0.0,1482344,NO,NO,2019-12-06,46467600,-13.52
1116,CASY,784.28,505902,Consumer Cyclical,Specialty Retail,82.0,75.0,49.0,89.0,32.805,32.6943,670967.0,685700.0,927.85,490.0,,29022214144,NO,820.74,661.6,820.25,710.17,10757,0.0,505902,NO,NO,2010-04-09,15517800,-15.47
1117,NTRS,175.6,690103,Financial Services,Asset Management,82.0,73.0,82.0,82.0,3.945,3.7236,1123409.0,1173590.0,178.7,118.99,,32494301184,NO,168.37,145.73,168.84,152.85,11667,0.0,690103,NO,NO,1998-01-29,16895600,-1.73
1122,TRGP,257.81,1060114,Energy,Oil & Gas Midstream,82.0,40.0,37.0,89.0,7.8071,7.3293,1240519.0,1567260.0,280.0,144.14,,55337345024,NO,260.94,211.08,263.19,231.65,3914,0.0,1060114,NO,NO,2022-10-11,49033200,-7.92
1128,GWW,1338.24,266594,Industrials,Industrial Distribution,82.0,80.0,80.0,85.0,32.3943,31.74,299588.0,488600.0,1390.96,906.52,,63182483456,NO,1257.58,1090.87,1281.0,1153.63,13453,0.0,266594,NO,NO,2017-10-17,6078300,-3.79
1141,PTCT,81.35,1199847,Healthcare,Biotechnology,82.0,84.0,75.0,45.0,3.2789,3.1231,1624152.0,3270000.0,87.5,43.17,,6747928576,NO,72.78,71.26,74.38,72.43,3277,0.0,1199847,NO,NO,2016-04-15,28675100,-7.03
1143,UMBF,145.65,670531,Financial Services,Banks - Regional,82.0,89.0,85.0,81.0,4.5086,4.4743,715583.0,958880.0,146.6,103.38,,11066301440,NO,131.28,120.74,133.66,124.39,11667,0.0,670531,NO,NO,2016-12-06,6362900,-0.65
1144,MRK,125.37,6844973,Healthcare,Drug Manufacturers - General,82.0,82.0,41.0,73.0,3.4007,3.16,10389981.0,13646900.0,130.29,76.66,,309641904128,NO,116.47,106.99,118.38,115.47,16232,0.0,6844973,NO,NO,2004-09-30,151976244,-3.78
1147,IVES,37.91,964019,ETF,ETF,82.0,11.0,87.0,75.0,1.0301,0.9276,605662.0,607600.0,41.93,26.48,,0,NO,36.52,32.92,37.02,33.04,270,0.0,964019,NO,NO,2025-11-20,2291700,-9.59
1151,EBAY,111.28,2670774,Consumer Cyclical,Internet Retail,82.0,59.0,79.0,83.0,3.077,2.9748,5307924.0,3739570.0,119.31,75.12,,49408319488,NO,108.91,94.19,109.83,97.01,6984,0.0,2670774,NO,NO,1998-11-10,577698739,-6.73
1153,HWM,267.41,2758521,Industrials,Aerospace & Defense,82.0,74.0,69.0,84.0,9.9536,9.1857,2790509.0,4999310.0,290.63,169.45,,106992746496,NO,259.22,227.18,261.57,241.0,2428,0.0,2758521,NO,NO,2019-01-22,55218793,-7.99
1166,ELV,416.19,1560892,Healthcare,Healthcare Plans,82.0,69.0,90.0,76.0,10.8293,10.5179,1735698.0,1835570.0,426.98,273.71,,90380812288,NO,387.0,344.43,395.08,353.57,6206,0.82,1560892,NO,NO,2008-03-11,54425800,-2.53
1168,TEX,68.7,1244043,Industrials,Farm & Heavy Construction Machinery,82.0,92.0,70.0,83.0,3.3193,2.9629,1303355.0,2035920.0,74.69,41.7,,7846678528,NO,63.01,57.9,63.31,61.15,11665,0.0,1244043,NO,NO,2009-05-29,23281700,-8.02
1179,AAPU,36.13,1430847,ETF,ETF,81.0,10.0,85.0,48.0,2.0229,1.9293,2280204.0,1621230.0,42.86,20.93,,0,NO,36.6,33.34,37.49,32.94,977,2.72,1430847,NO,NO,2025-08-08,17954100,-15.7
1182,ICLR,175.05,804451,Healthcare,Diagnostics & Research,81.0,96.0,93.0,16.0,8.2032,7.6789,1209945.0,1257150.0,211.0,66.57,,13409098752,NO,132.26,149.22,139.31,138.58,7075,0.17,804451,NO,NO,2026-02-12,23558100,-17.04
1204,SWK,91.34,1497752,Industrials,Tools & Accessories,81.0,92.0,84.0,79.0,3.6257,3.2614,1981660.0,2121290.0,95.16,61.9,,14199311360,NO,80.6,76.34,82.28,79.37,11667,0.0,1497752,NO,NO,2009-11-03,17520500,-4.01
1210,SCHA,35.62,1876663,ETF,ETF,81.0,73.0,79.0,80.0,0.7007,0.5761,2150937.0,2252850.0,36.2,24.95,,0,NO,33.68,30.28,34.04,31.33,4189,0.0,1876663,NO,NO,2024-02-13,32822600,-1.6
1213,QLYS,143.44,822483,Technology,Software - Infrastructure,81.0,95.0,94.0,44.0,6.435,5.9929,852714.0,960010.0,155.47,74.51,,5051527680,NO,103.01,117.12,108.36,109.67,3457,2.8,822838,NO,NO,2015-05-05,9904700,-7.74
1215,RYTM,110.41,992948,Healthcare,Biotechnology,81.0,95.0,83.0,22.0,5.1734,5.0324,789340.0,1295520.0,122.2,64.65,,7573416960,NO,91.71,98.07,93.45,95.56,2193,0.0,994226,NO,NO,2022-07-13,29957500,-9.65
1216,JNJ,253.98,6511339,Healthcare,Drug Manufacturers - General,81.0,89.0,40.0,80.0,5.8193,5.1857,8135032.0,10660270.0,259.9,154.21,,611384950784,NO,232.0,218.51,234.56,230.81,16232,0.0,6511339,NO,NO,2023-08-21,151319500,-2.28
1231,CAH,237.72,1036652,Healthcare,Medical Distribution,81.0,94.0,60.0,69.0,5.7393,5.4343,2200113.0,2612420.0,240.93,137.75,,55675416576,NO,206.89,200.6,209.85,211.46,10811,0.0,1036652,NO,NO,2004-07-01,35567800,-1.33
1240,DXJ,175.74,313526,ETF,ETF,80.0,71.0,55.0,79.0,2.6486,1.6055,329444.0,444190.0,180.48,112.69,,0,NO,169.15,152.75,170.78,161.18,5041,0.82,313526,NO,NO,2013-05-23,29200300,-2.63
1249,AAXJ,115.86,747855,ETF,ETF,80.0,17.0,77.0,81.0,3.2871,2.1743,682208.0,603560.0,124.89,81.9,,0,NO,115.41,101.26,115.94,104.92,4496,0.0,747855,NO,NO,2011-10-19,9487100,-7.23
1251,AAP,63.02,879452,Consumer Cyclical,Auto Parts,80.0,77.0,75.0,92.0,2.6979,2.595,1837139.0,1781250.0,70.0,37.89,,3801946624,NO,57.26,52.88,58.34,52.6,6185,0.0,879452,NO,NO,2025-05-22,27499800,-9.97
1253,SCCO,168.8,948432,Basic Materials,Copper,80.0,7.0,19.0,74.0,8.4157,6.9893,1406117.0,1527770.0,221.67,85.61,,140834652160,NO,180.77,162.05,179.64,176.44,7671,0.0,948432,NO,NO,2005-06-10,45206179,-23.85
1262,AIZ,274.14,227370,Financial Services,Insurance - Property & Casualty,80.0,84.0,82.0,66.0,5.2193,4.8071,425898.0,450490.0,275.96,183.39,,13582989312,NO,249.79,230.61,254.62,237.11,5636,0.34,227370,NO,NO,2004-02-05,27565200,-0.66
1268,SSO,67.21,2834187,ETF,ETF,80.0,21.0,85.0,67.0,1.7907,1.515,3909526.0,3181690.0,70.13,48.63,,0,NO,65.91,59.25,66.45,60.4,5038,0.0,2834187,NO,NO,2008-11-20,2931585600,-4.16
1278,LAMR,156.64,601909,Real Estate,REIT - Specialty,80.0,72.0,81.0,81.0,3.1361,3.0846,634700.0,870990.0,158.69,113.66,,15895060480,NO,148.1,133.06,151.75,137.6,7525,0.0,601909,NO,NO,2007-10-05,10761600,-1.29
1280,RBRK,82.01,4745553,Technology,Software - Infrastructure,80.0,22.0,94.0,45.0,4.2524,4.1392,3848637.0,4039000.0,99.75,42.25,,16880001024,NO,66.6,66.72,69.26,62.63,547,1.4,4745553,NO,NO,2025-09-10,18684000,-17.78
1289,IEX,224.96,760760,Industrials,Specialty Industrial Machinery,80.0,81.0,74.0,82.0,5.2264,4.9193,704822.0,852780.0,230.18,157.25,,16650427392,NO,215.11,191.26,217.01,201.98,9338,0.0,760760,NO,NO,2019-08-08,17655100,-2.27
1305,OC,150.58,2012157,Industrials,Building Products & Equipment,80.0,94.0,89.0,87.0,7.5893,7.2104,1238503.0,1833420.0,159.91,97.53,,12125955072,NO,123.97,121.03,125.65,120.67,4945,0.0,2012157,NO,NO,2019-09-20,15337800,-5.83
