Rank,Ticker,Price,Prev_Close,DVol,Sector,Industry,RS Percentile,1M_RS Percentile,3M_RS Percentile,6M_RS Percentile,ATR,ADR,AvgVol,AvgVol10,52WKH,52WKL,Earning_Date,MCAP,IPO,SMA20,SMA50,SMA200,SMA10W,SMA30W,History_Days,Gap (%),Latest Volume,9M+ Volume,HVE,HVE Date,HVE Volume,%_From_52WKH
7,MRNA,153.21,140.34,21632393.0,Healthcare,Biotechnology,98.0,98.0,98.0,98.0,21.1895,15.4079,15020504.0,56254160.0,176.66,22.28,,61118025728,NO,104.17,80.21,52.97,87.86,63.54,1943,0.0,25690832.0,YES,NO,2026-08-19,199252300.0,-13.27
14,MU,931.18,958.73,23255018.0,Technology,Semiconductors,98.0,91.0,9.0,98.0,49.45,42.3607,44984636.0,25332960.0,1255.0,114.25,,1051973255168,NO,929.37,945.94,595.45,923.01,721.5,10645,0.0,27573310.0,YES,NO,2013-10-11,153906100.0,-25.8
15,TWST,132.34,139.0,908391.0,Healthcare,Biotechnology,98.0,97.0,98.0,98.0,10.2593,8.2964,1795874.0,1865690.0,155.44,23.3,,8298763264,NO,129.38,107.56,62.7,113.05,76.58,1967,0.0,1275105.0,NO,NO,2022-11-15,7568500.0,-14.86
19,ORKA,91.74,92.62,390679.0,Healthcare,Biotechnology,98.0,13.0,97.0,98.0,5.6511,5.3604,1211771.0,891630.0,115.52,14.67,,6068119040,NO,103.11,94.77,56.91,95.98,68.91,7310,0.0,590692.0,NO,NO,2026-04-29,7921000.0,-20.59
20,ETON,60.96,60.44,324606.0,Healthcare,Drug Manufacturers - Specialty & Generic,98.0,96.0,98.0,98.0,4.3914,3.3722,542380.0,629170.0,66.37,14.27,,1744571648,NO,54.66,45.64,27.42,49.55,33.63,1958,0.0,488657.0,NO,NO,2023-08-11,15757000.0,-8.15
26,TXG,60.85,62.45,1278846.0,Healthcare,Health Information Services,98.0,95.0,98.0,98.0,3.7791,3.3937,3250536.0,3065420.0,66.94,11.16,,7928543232,NO,58.34,48.6,28.02,51.71,33.23,1751,0.0,1960031.0,NO,NO,2025-06-27,17909500.0,-9.1
31,SYRE,87.68,89.33,912611.0,Healthcare,Biotechnology,98.0,5.0,93.0,97.0,5.7815,4.7051,1318830.0,1285430.0,110.17,14.51,,7731515904,NO,102.5,98.45,60.69,98.22,73.76,2615,0.0,1404661.0,NO,NO,2023-06-22,10228380.0,-20.41
34,RVMD,208.25,205.57,1134840.0,Healthcare,Biotechnology,98.0,89.0,94.0,97.0,9.0415,7.9171,2393938.0,2077950.0,224.31,37.88,,44666638336,NO,207.8,193.69,131.2,198.84,151.12,1645,0.0,1829332.0,NO,NO,2025-06-27,26439100.0,-7.16
44,MBX,61.24,61.6,237818.0,Healthcare,Biotechnology,98.0,8.0,98.0,96.0,3.1259,2.7974,755392.0,412090.0,72.64,9.63,,2948361216,NO,66.72,61.83,39.98,63.97,43.94,492,0.0,416083.0,NO,NO,2025-09-22,28303500.0,-15.69
48,DELL,425.17,456.01,8290277.0,Technology,Computer Hardware,98.0,49.0,28.0,98.0,24.1886,23.3936,7163949.0,4886850.0,514.0,110.22,2026-09-01,274898059264,NO,457.18,434.22,247.74,433.64,304.81,2524,0.0,14731371.0,YES,NO,2016-09-07,147907159.0,-17.28
55,LABU,299.94,296.31,186063.0,ETF,ETF,97.0,96.0,97.0,96.0,25.4326,19.6319,507720.0,431490.0,341.93,71.88,,0,NO,294.36,278.09,196.31,283.88,212.98,2832,0.0,212528.0,NO,NO,2025-04-09,7938800.0,-12.28
57,TRAX,41.19,41.84,339265.0,Healthcare,Biotechnology,97.0,9.0,98.0,,2.8986,2.7343,761526.0,569450.0,49.91,14.72,,1471932160,NO,44.54,36.16,,39.0,,103,0.0,490592.0,NO,NO,2026-07-09,4512600.0,-17.47
58,DNTH,106.61,105.61,310685.0,Healthcare,Biotechnology,97.0,39.0,90.0,96.0,4.8761,4.4546,1044074.0,558000.0,117.88,23.39,,5831793664,NO,111.07,103.82,74.63,106.25,88.44,2059,0.0,576598.0,NO,NO,2025-09-08,5974200.0,-9.56
67,VSXY,83.68,85.41,1034888.0,Consumer Cyclical,Apparel Retail,97.0,12.0,97.0,92.0,3.9859,3.6281,1970325.0,1250330.0,102.46,22.02,,6647892480,NO,89.59,85.64,61.98,85.56,66.72,1284,0.0,1493503.0,NO,NO,2024-03-07,25901500.0,-18.33
78,RNG,70.15,69.62,1250790.0,Technology,Software - Application,97.0,95.0,96.0,97.0,2.92,2.8457,1851853.0,1394830.0,70.66,24.14,,5857121792,NO,65.26,51.82,38.92,56.08,44.8,3250,0.56,1982004.0,NO,NO,2026-02-11,15343500.0,-0.72
82,DK,72.57,74.34,1369628.0,Energy,Oil & Gas Refining & Marketing,97.0,84.0,97.0,96.0,4.4671,4.4079,1325492.0,1700710.0,77.14,25.85,,4443313152,NO,66.53,61.21,44.34,64.14,49.94,5113,0.0,1797521.0,NO,NO,2014-05-15,9035100.0,-5.92
87,CORT,113.09,113.35,544534.0,Healthcare,Biotechnology,97.0,29.0,97.0,98.0,4.0714,3.8807,1079544.0,827750.0,126.38,28.66,,12224847872,NO,115.52,101.62,66.09,106.03,69.94,5631,0.0,1014053.0,NO,NO,2020-09-02,88404100.0,-10.52
93,MANE,99.26,98.41,271379.0,Healthcare,Biotechnology,97.0,8.0,20.0,97.0,5.7564,5.6186,722122.0,611320.0,131.24,32.0,,4147096320,NO,106.72,111.3,,110.44,88.63,144,0.0,540462.0,NO,NO,2026-06-26,4047300.0,-24.37
94,KOD,37.24,37.35,215290.0,Healthcare,Biotechnology,97.0,4.0,49.0,91.0,2.6996,2.5575,707906.0,589620.0,47.84,8.29,,2341142272,NO,40.85,40.22,32.79,40.67,36.46,1986,0.0,391545.0,NO,NO,2022-02-23,26802500.0,-22.16
96,AMD,459.8,470.72,12460042.0,Technology,Semiconductors,97.0,15.0,9.0,98.0,19.1707,16.2686,27214974.0,16666110.0,584.73,149.22,,749795737600,NO,478.39,502.9,337.72,496.58,390.39,11710,0.0,16112953.0,YES,NO,2018-08-27,325058400.0,-21.37
99,VLO,360.85,358.92,1899309.0,Energy,Oil & Gas Refining & Marketing,96.0,92.0,96.0,95.0,10.3845,9.9859,2830214.0,2150510.0,364.9,151.25,,104128675840,NO,335.1,305.51,235.94,317.09,263.63,11255,0.0,2714282.0,NO,NO,2004-04-28,84719360.0,-1.11
100,KYMR,118.46,118.81,326482.0,Healthcare,Biotechnology,96.0,91.0,97.0,90.0,5.17,4.8868,859384.0,618630.0,130.05,39.84,,9743821824,NO,116.53,112.9,88.01,114.66,94.58,1513,0.0,576564.0,NO,NO,2025-12-08,7495500.0,-8.91
102,MPC,378.33,373.32,1660847.0,Energy,Oil & Gas Refining & Marketing,96.0,94.0,97.0,96.0,10.6771,10.3893,2375614.0,2458940.0,381.15,161.93,,106286563328,NO,346.41,311.25,237.95,324.93,265.12,3818,2.0,2367312.0,NO,NO,2018-09-28,39153800.0,-0.74
103,DINO,103.38,101.61,1824854.0,Energy,Oil & Gas Refining & Marketing,96.0,90.0,96.0,96.0,3.7729,3.5964,2603362.0,2138690.0,103.77,45.71,,18368628736,NO,92.13,85.23,64.65,89.23,71.67,11709,1.16,2615957.0,NO,NO,2021-06-03,44093600.0,-0.38
115,ARWR,82.57,82.39,695738.0,Healthcare,Biotechnology,96.0,21.0,82.0,89.0,3.1415,2.6761,2012844.0,1100710.0,95.49,22.73,,11664793600,NO,87.3,83.57,70.24,83.77,73.74,8231,0.0,1330174.0,NO,NO,2014-10-08,54778100.0,-13.53
116,TGTX,55.89,54.3,2258609.0,Healthcare,Biotechnology,96.0,84.0,97.0,96.0,2.68,2.5507,2461319.0,2014770.0,59.3,26.76,,8549718016,NO,51.59,53.43,38.52,53.8,42.54,4108,0.0,3196095.0,NO,NO,2023-11-01,50843300.0,-5.75
117,MRX,72.34,72.48,273795.0,Financial Services,Capital Markets,96.0,89.0,95.0,95.0,3.8566,3.5509,820336.0,530710.0,75.4,27.91,,0,NO,68.63,66.22,49.68,66.78,55.31,589,0.0,746917.0,NO,NO,2024-04-25,7269100.0,-4.06
118,OKTA,165.58,173.04,2851378.0,Technology,Software - Infrastructure,96.0,93.0,90.0,97.0,9.9543,8.2422,3471225.0,4872120.0,174.85,62.66,,28952094720,NO,147.18,141.97,100.17,148.01,108.4,2362,0.0,4105218.0,NO,NO,2022-09-01,45872000.0,-5.3
120,GH,164.9,159.02,1635044.0,Healthcare,Diagnostics & Research,96.0,60.0,94.0,96.0,7.6,6.915,2557077.0,1865750.0,176.58,53.4,,22138341376,NO,163.89,157.37,116.06,162.25,122.92,1986,0.0,2402270.0,NO,NO,2026-06-26,18771300.0,-6.61
121,GKOS,177.06,179.56,281918.0,Healthcare,Medical Devices,96.0,81.0,98.0,93.0,6.3082,6.0479,873112.0,558200.0,191.62,73.16,,10443695104,NO,181.57,163.25,127.57,168.62,136.3,2812,0.0,507230.0,NO,NO,2018-08-29,11054300.0,-7.6
128,FTNT,161.12,170.93,2851735.0,Technology,Software - Infrastructure,96.0,42.0,82.0,97.0,6.5957,6.3379,5667480.0,4554700.0,173.89,73.55,,118333341696,NO,160.22,157.89,108.53,159.75,122.54,4220,0.0,5359864.0,NO,NO,2018-10-10,166853000.0,-7.34
135,CRWD,214.06,231.0,10640810.0,Technology,Software - Infrastructure,96.0,84.0,84.0,97.0,13.3074,11.8496,10764501.0,11993750.0,233.88,85.68,,219163000832,NO,210.57,198.35,141.33,201.52,152.18,1816,0.0,13491926.0,YES,NO,2024-06-21,209024000.0,-8.47
138,TEAM,187.53,194.17,2871569.0,Technology,Software - Application,96.0,98.0,98.0,97.0,9.2444,9.1269,4681676.0,4571170.0,197.3,56.01,,47460999168,NO,163.39,119.25,108.67,131.44,97.4,2697,0.0,3812800.0,NO,NO,2026-05-01,27384500.0,-4.95
142,ANF,141.63,143.08,1204650.0,Consumer Cyclical,Apparel Retail,96.0,97.0,98.0,93.0,8.3229,6.6729,1489226.0,3409130.0,154.58,65.45,,6296373248,NO,116.75,102.84,95.58,109.03,94.22,7529,0.0,1716082.0,NO,NO,2012-11-14,35280600.0,-8.38
147,CRL,281.37,288.24,388326.0,Healthcare,Diagnostics & Research,95.0,94.0,97.0,95.0,9.9221,9.3993,888523.0,918590.0,303.31,144.26,,13427989504,NO,281.67,246.98,197.68,256.9,200.95,6585,0.0,688872.0,NO,NO,2025-04-11,11604900.0,-7.23
158,TWLO,227.66,235.63,1064386.0,Technology,Software - Infrastructure,95.0,92.0,50.0,96.0,10.8617,10.4159,2250647.0,1811250.0,258.35,98.44,,34964467712,NO,228.52,211.73,161.04,219.42,178.0,2561,0.0,1665980.0,NO,NO,2022-11-04,44840800.0,-11.88
159,NTRA,324.62,321.96,660163.0,Healthcare,Diagnostics & Research,95.0,94.0,96.0,95.0,11.0446,9.9771,1398392.0,1281450.0,343.18,157.43,,46807941120,NO,314.86,285.81,233.21,297.39,237.08,2808,0.0,1208604.0,NO,NO,2022-03-09,41733200.0,-5.41
162,HAE,102.29,103.07,228315.0,Healthcare,Medical Devices,95.0,93.0,97.0,95.0,3.6746,2.7132,842685.0,879000.0,109.57,47.32,,4653893632,NO,97.09,85.39,72.1,88.78,71.58,8890,0.0,633645.0,NO,NO,1991-05-10,11925600.0,-6.64
163,GUSH,46.63,45.11,675174.0,ETF,ETF,95.0,92.0,94.0,92.0,1.8675,1.7764,807473.0,606900.0,48.66,20.8,,0,NO,41.48,37.38,33.1,39.18,37.32,2831,3.19,747312.0,NO,NO,2020-04-02,39570400.0,-4.17
172,VCTR,113.27,118.01,544183.0,Financial Services,Asset Management,95.0,91.0,95.0,95.0,3.762,3.6652,538317.0,589060.0,123.55,57.03,,6967188992,NO,114.03,101.31,79.32,105.1,86.04,2151,0.0,764304.0,NO,NO,2025-07-17,8797500.0,-8.32
173,ARKG,46.97,47.23,2111118.0,ETF,ETF,95.0,94.0,95.0,95.0,1.8396,1.475,3735382.0,5560600.0,50.53,24.2,,0,NO,45.52,42.24,33.01,43.31,34.65,2974,0.0,2409691.0,NO,NO,2020-12-29,15040000.0,-7.05
176,HALO,107.71,106.49,689562.0,Healthcare,Biotechnology,95.0,96.0,97.0,94.0,2.7171,2.6286,1992082.0,1694350.0,109.66,61.23,,12224869376,NO,101.9,87.6,73.44,92.25,76.0,5651,0.77,1058576.0,NO,NO,2025-06-27,21399500.0,-1.78
179,FROG,91.75,100.07,1929890.0,Technology,Software - Application,95.0,91.0,67.0,97.0,6.1469,5.5626,2699219.0,1871640.0,105.76,34.05,,11313511424,NO,91.13,88.06,65.03,90.77,68.66,1496,0.0,2734642.0,NO,NO,2026-06-26,26093700.0,-13.25
182,TGT,162.89,160.88,2427160.0,Consumer Defensive,Discount Stores,95.0,90.0,95.0,93.0,5.5057,4.9136,4463852.0,5851780.0,170.75,83.44,,74000392192,NO,156.75,144.83,121.03,148.55,131.99,13495,0.53,3803360.0,NO,NO,1987-10-20,80400000.0,-4.6
189,QLYS,177.14,186.14,519246.0,Technology,Software - Infrastructure,95.0,94.0,97.0,96.0,7.9732,7.6768,760187.0,521770.0,201.54,74.51,,6128158208,NO,182.89,158.46,124.04,165.96,120.08,3499,0.0,841131.0,NO,NO,2015-05-05,9904700.0,-12.11
191,SPHR,133.78,136.3,423324.0,Communication Services,Entertainment,95.0,8.0,12.0,81.0,8.4424,7.7939,737601.0,699130.0,181.63,44.06,,4804522496,NO,158.95,153.45,122.27,150.07,136.84,1606,0.0,863209.0,NO,NO,2023-12-05,9793100.0,-26.34
200,XMTR,92.21,92.69,181644.0,Industrials,Industrial Distribution,94.0,81.0,19.0,97.0,4.6199,4.497,789639.0,531540.0,106.08,35.86,,5285806592,NO,89.88,91.51,68.12,91.89,72.29,1298,0.0,438642.0,NO,NO,2026-02-24,6999500.0,-13.08
204,VIRT,65.82,65.64,442012.0,Financial Services,Capital Markets,94.0,88.0,94.0,94.0,3.2533,3.1997,1350168.0,1986010.0,68.76,31.55,,5812391936,NO,60.84,60.7,47.08,61.79,52.86,2861,0.0,758345.0,NO,NO,2024-06-21,16222000.0,-4.28
217,BNO,55.57,52.84,1534050.0,ETF,ETF,94.0,87.0,74.0,94.0,1.4261,1.1325,2095754.0,1406370.0,60.81,27.14,,0,NO,50.73,47.62,42.44,49.21,48.25,4087,2.37,1676809.0,NO,NO,2026-03-19,20930000.0,-8.62
221,DAR,67.3,66.27,1765333.0,Consumer Defensive,Packaged Foods,94.0,89.0,84.0,87.0,3.0895,2.9709,2424901.0,3273400.0,69.98,29.15,,10610667520,NO,63.93,60.95,52.91,62.49,59.21,8047,0.1,2974139.0,NO,NO,2013-12-13,34955800.0,-3.83
237,TDW,96.87,93.12,660645.0,Energy,Oil & Gas Equipment & Services,94.0,96.0,94.0,84.0,3.2989,3.0782,711344.0,521220.0,98.66,46.65,,4820134912,NO,90.75,79.55,72.63,83.24,79.81,11709,0.0,1032555.0,NO,NO,2024-06-21,9859200.0,-1.81
255,EWY,176.2,180.86,8627560.0,ETF,ETF,93.0,89.0,5.0,83.0,6.5036,4.4786,21804442.0,14314460.0,220.89,71.39,,0,NO,174.65,176.24,145.68,172.84,164.33,6614,0.0,13358045.0,YES,NO,2026-03-03,65699600.0,-20.23
258,NTAP,183.6,185.29,1308324.0,Technology,Software - Infrastructure,93.0,69.0,59.0,96.0,6.6413,6.5577,2729176.0,2136790.0,209.06,93.69,,36061974528,NO,194.25,176.45,129.11,179.58,140.66,7743,0.0,2341078.0,NO,NO,2012-05-24,54215800.0,-12.18
259,FLKR,58.12,59.62,193660.0,ETF,ETF,93.0,89.0,6.0,85.0,2.0046,1.3832,827531.0,636690.0,72.49,24.31,,0,NO,57.64,57.91,47.58,56.83,53.52,2186,0.0,435216.0,NO,NO,2024-07-25,4655000.0,-19.82
264,EWT,109.78,108.03,3879733.0,ETF,ETF,93.0,90.0,64.0,93.0,2.0121,1.2479,5828523.0,3892250.0,112.78,57.56,,0,NO,105.13,103.01,83.28,103.58,91.57,6585,0.0,4400071.0,NO,NO,2009-04-29,37344000.0,-2.66
267,MRK,149.82,147.76,5546811.0,Healthcare,Drug Manufacturers - General,93.0,91.0,94.0,86.0,4.9663,3.9077,10830538.0,14062040.0,156.92,77.58,,369730322432,NO,140.56,132.16,117.24,135.82,124.09,16274,0.0,9446222.0,YES,NO,2004-09-30,151976244.0,-4.52
275,STT,187.76,191.38,697337.0,Financial Services,Asset Management,93.0,64.0,89.0,93.0,4.0479,3.8643,2106822.0,1301380.0,195.93,104.64,,51577999360,NO,188.92,182.75,147.47,184.77,157.11,11709,0.0,1152465.0,NO,NO,2009-01-20,76692600.0,-4.17
276,TIGO,93.19,93.76,389280.0,Communication Services,Telecom Services,93.0,19.0,78.0,86.0,3.1429,2.8151,1463380.0,1032260.0,107.13,44.88,,15637279744,NO,93.99,93.92,75.47,94.96,84.55,1921,0.0,850916.0,NO,NO,2026-05-29,15237500.0,-13.01
283,TRGP,295.2,293.65,835239.0,Energy,Oil & Gas Midstream,93.0,87.0,87.0,86.0,9.3343,7.945,1244050.0,1521560.0,307.94,144.14,,63300042752,NO,280.96,275.92,235.55,278.36,259.24,3956,0.0,1183800.0,NO,NO,2022-10-11,49033200.0,-4.14
290,ABNB,182.1,183.22,2801185.0,Consumer Cyclical,Travel Services,92.0,94.0,95.0,92.0,4.9493,4.7193,4343533.0,4974830.0,193.45,110.81,,109203537920,NO,179.56,159.45,138.12,165.25,144.05,1436,0.0,4304361.0,NO,NO,2023-09-15,74788500.0,-5.87
292,THC,265.78,265.91,584433.0,Healthcare,Medical Care Facilities,92.0,76.0,97.0,75.0,7.6796,7.2454,1218963.0,756680.0,283.05,157.58,,21403561984,NO,266.79,231.15,206.89,243.52,212.37,11709,0.0,809535.0,NO,NO,2010-12-10,59996300.0,-6.1
296,ETSY,82.24,81.33,1136031.0,Consumer Cyclical,Internet Retail,92.0,44.0,90.0,94.0,3.1061,3.0461,2922566.0,2733360.0,87.97,44.0,,7548130304,NO,82.02,80.87,63.48,81.56,67.01,2861,0.0,2137187.0,NO,NO,2024-09-20,37801100.0,-6.51
297,TNK,88.24,89.64,312003.0,Energy,Oil & Gas Midstream,92.0,88.0,92.0,75.0,3.5271,3.1921,388585.0,550070.0,94.44,47.18,,3060173056,NO,84.57,77.53,70.27,79.52,75.74,4707,0.0,471136.0,NO,NO,2020-06-26,3984300.0,-6.57
302,XBI,163.09,162.5,7441875.0,ETF,ETF,92.0,88.0,92.0,89.0,4.5943,3.6207,9075341.0,9467850.0,169.89,91.1,,0,NO,161.03,156.85,134.36,158.34,139.91,5174,0.0,8441181.0,NO,NO,2025-04-09,36123800.0,-4.0
312,ESTC,92.43,97.55,1835097.0,Technology,Software - Application,92.0,97.0,95.0,96.0,5.1864,4.0686,2235831.0,3677030.0,108.0,42.05,,9704868864,NO,81.63,68.89,63.77,72.82,60.11,1985,0.0,2844149.0,NO,NO,2023-12-01,12243800.0,-14.42
320,ARW,205.92,204.43,204457.0,Technology,Electronics & Computer Distribution,92.0,12.0,17.0,92.0,6.8271,6.0721,578085.0,518680.0,237.33,101.79,,10482445312,NO,210.53,210.92,167.4,208.26,189.42,11709,0.0,448631.0,NO,NO,2000-02-24,10397800.0,-13.23
324,SCCO,202.01,208.87,631973.0,Basic Materials,Copper,92.0,84.0,72.0,14.0,9.0243,7.6086,1271270.0,1217460.0,220.78,89.5,,170565861376,NO,199.66,186.33,175.35,189.77,184.61,7712,0.0,966209.0,NO,NO,2005-06-10,45206179.0,-8.5
338,ZBRA,343.21,353.55,475466.0,Technology,Communication Equipment,91.0,92.0,96.0,94.0,10.7532,10.3625,804109.0,577160.0,386.23,199.05,,16231341056,NO,366.85,305.78,254.96,318.67,260.2,8823,0.0,664006.0,NO,NO,1994-04-22,17863200.0,-11.14
339,VAC,99.2,104.26,427073.0,Consumer Cyclical,Resorts & Casinos,91.0,61.0,81.0,94.0,4.6993,4.4125,486406.0,498820.0,131.34,44.58,,3412015616,NO,113.63,104.64,75.61,105.8,85.04,3723,0.0,810749.0,NO,NO,2018-08-31,7085300.0,-24.47
346,VEEV,279.08,285.69,797041.0,Healthcare,Health Information Services,91.0,97.0,97.0,94.0,12.1771,9.7557,2195250.0,2325810.0,310.5,148.05,,45186330624,NO,245.03,210.31,198.83,225.17,188.73,3237,0.0,1218656.0,NO,NO,2026-05-06,35354600.0,-10.12
347,JAZZ,245.19,250.68,728333.0,Healthcare,Biotechnology,91.0,16.0,70.0,89.0,7.8721,7.7729,921465.0,1347240.0,266.38,123.88,,15922895872,NO,252.34,247.43,203.54,249.22,219.44,4843,0.0,1072803.0,NO,NO,2009-06-15,27415800.0,-7.95
352,VIST,74.88,71.46,1700694.0,Energy,Oil & Gas E&P,91.0,81.0,32.0,88.0,2.9651,2.5135,909341.0,1139510.0,81.44,31.63,,8283031040,NO,68.62,66.62,62.3,67.83,67.83,1784,2.28,1894289.0,NO,NO,2025-10-27,8095000.0,-8.06
353,NUE,252.14,249.64,678128.0,Basic Materials,Steel,91.0,22.0,48.0,92.0,9.1457,8.7864,1572253.0,1750360.0,280.11,131.32,,57204432896,NO,261.08,247.28,203.78,247.9,220.3,11709,0.0,1282526.0,NO,NO,2001-06-26,358280000.0,-9.99
359,AMR,233.14,235.7,217161.0,Basic Materials,Coking Coal,91.0,98.0,79.0,93.0,11.5829,10.7489,294417.0,417120.0,253.82,133.64,,2955992576,NO,182.84,164.21,186.64,171.94,182.4,1397,0.0,339869.0,NO,NO,2022-06-24,3637600.0,-8.15
360,DDOG,223.61,237.04,2248838.0,Technology,Software - Application,91.0,2.0,5.0,97.0,12.4532,11.4689,4871738.0,3528310.0,292.72,98.01,,80305332224,NO,243.3,249.47,175.71,248.32,191.76,1746,0.0,3358736.0,NO,NO,2025-07-08,86386000.0,-23.61
367,AMGN,436.58,429.88,1161185.0,Healthcare,Drug Manufacturers - General,91.0,90.0,95.0,77.0,9.3014,8.2636,2690384.0,2285790.0,447.03,269.77,,236175097856,NO,424.29,389.85,356.42,400.56,367.78,10886,1.26,2353940.0,NO,NO,1998-12-21,309017200.0,-2.34
372,VFLO,55.34,55.59,2655445.0,ETF,ETF,91.0,88.0,87.0,92.0,0.6746,0.5711,1525861.0,2264760.0,55.89,36.56,,0,NO,53.65,49.95,43.15,51.15,45.2,801,0.0,2856894.0,NO,NO,2025-02-28,8023500.0,-0.98
374,SVIX,27.43,28.38,1630115.0,ETF,ETF,91.0,90.0,93.0,90.0,0.5837,0.5123,2378965.0,1648340.0,28.41,14.13,,0,NO,26.45,24.78,21.59,25.38,21.42,1109,0.0,1990283.0,NO,NO,2025-04-07,63788800.0,-3.45
376,ARTY,73.29,74.43,228005.0,ETF,ETF,91.0,87.0,15.0,93.0,1.9269,1.2851,679350.0,445010.0,81.85,41.34,,0,NO,74.16,71.69,59.25,71.54,63.83,2054,0.0,264452.0,NO,NO,2026-03-12,3072000.0,-10.46
377,FIX,1555.24,1545.62,261232.0,Industrials,Engineering & Construction,91.0,4.0,6.0,70.0,81.33,73.5857,490550.0,407990.0,2073.99,670.19,,54732107776,NO,1670.72,1733.52,1481.74,1683.21,1660.93,7340,0.0,347869.0,NO,NO,2025-12-19,8010000.0,-25.01
385,ANET,189.42,195.69,2478986.0,Technology,Computer Hardware,90.0,78.0,83.0,94.0,7.8393,6.8957,7714319.0,5709180.0,214.89,114.52,,238749843456,NO,194.62,180.88,150.73,183.64,159.75,3077,0.0,4280712.0,NO,NO,2018-08-27,178592000.0,-11.85
388,BNY,160.28,161.28,1580662.0,Financial Services,Banks - Diversified,90.0,69.0,85.0,91.0,2.8886,2.7807,3459530.0,2190120.0,165.69,102.63,,108770992128,NO,160.84,155.96,131.85,157.3,138.64,13445,0.0,3124259.0,NO,NO,2008-09-18,66396000.0,-3.27
394,CRS,469.11,476.42,323751.0,Industrials,Metal Fabrication,90.0,6.0,25.0,80.0,19.035,17.5207,793950.0,940500.0,625.99,228.0,,23261304832,NO,521.37,555.43,429.48,542.82,472.54,13495,0.0,642746.0,NO,NO,2020-07-31,10557100.0,-25.06
404,RGEN,168.48,180.98,885206.0,Healthcare,Medical Instruments & Supplies,90.0,94.0,96.0,91.0,7.3807,6.9649,1106774.0,1045080.0,188.73,100.99,,9496139776,NO,170.46,152.64,141.59,157.08,134.37,10163,0.0,1405053.0,NO,NO,2004-01-05,12843800.0,-10.73
407,KEYS,319.02,322.7,458875.0,Technology,Scientific & Technical Instruments,90.0,44.0,23.0,43.0,12.5252,10.6802,1463177.0,1931130.0,374.96,158.79,,54328258560,NO,333.76,329.04,285.64,324.96,318.63,2983,0.0,831634.0,NO,NO,2018-11-05,47677800.0,-14.92
410,GSG,34.88,34.03,1800590.0,ETF,ETF,90.0,85.0,77.0,89.0,0.5661,0.4386,635667.0,750670.0,34.94,22.37,,0,NO,32.69,31.31,28.81,31.97,31.13,5059,0.71,2378107.0,NO,NO,2022-03-07,11178900.0,-0.17
411,VLUE,199.38,201.54,491487.0,ETF,ETF,90.0,76.0,38.0,90.0,2.3525,2.0111,1216038.0,449880.0,206.57,117.94,,0,NO,200.35,197.01,165.27,196.87,177.38,3363,0.0,573538.0,NO,NO,2022-01-27,17944500.0,-3.48
415,NET,286.9,305.11,1686745.0,Technology,Software - Infrastructure,90.0,68.0,72.0,95.0,16.4163,15.5502,3578744.0,2952480.0,332.22,158.83,,102187761664,NO,298.43,275.38,220.93,283.25,233.32,1750,0.0,2468486.0,NO,NO,2019-09-13,35993700.0,-13.64
416,RVTY,126.71,128.67,2112556.0,Healthcare,Diagnostics & Research,90.0,89.0,94.0,90.0,3.7193,3.4525,1457734.0,1598960.0,130.07,81.22,,14121259008,NO,119.83,114.35,101.62,117.17,102.23,13495,0.0,3039350.0,NO,NO,2002-03-01,16194000.0,-2.58
424,EXPD,187.84,189.65,467854.0,Industrials,Integrated Freight & Logistics,90.0,89.0,89.0,89.0,3.7379,3.6771,1206453.0,736540.0,192.28,112.95,,24416790528,NO,185.2,176.17,157.75,179.66,161.0,10563,0.0,779863.0,NO,NO,2007-10-09,36802800.0,-2.31
428,MANH,217.39,223.19,327981.0,Technology,Software - Application,90.0,90.0,95.0,94.0,7.4714,7.1329,791842.0,770050.0,227.03,119.06,,12674917376,NO,204.06,175.27,157.29,185.93,154.39,7133,0.0,574308.0,NO,NO,2002-07-09,41219600.0,-4.25
434,JXN,132.67,133.43,257090.0,Financial Services,Insurance - Life,89.0,85.0,94.0,83.0,3.1611,3.1086,621390.0,513880.0,137.99,89.67,,8985572352,NO,132.34,122.33,111.68,124.99,113.75,1254,0.0,417072.0,NO,NO,2021-09-20,15028400.0,-3.86
442,XOP,192.18,188.96,1789697.0,ETF,ETF,89.0,85.0,87.0,84.0,4.0021,3.8457,3323304.0,2887270.0,192.43,122.11,,0,NO,180.79,170.68,157.28,174.95,168.85,5079,1.72,2799692.0,NO,NO,2020-04-09,36283300.0,-0.13
455,DE,675.04,654.91,1609602.0,Industrials,Farm & Heavy Construction Machinery,89.0,91.0,93.0,60.0,21.8086,19.7007,1232777.0,1489920.0,675.55,433.0,,181962096640,NO,621.92,612.92,564.13,620.21,595.78,13675,0.07,2276372.0,NO,NO,2008-05-14,32298200.0,-0.08
460,JNJ,271.28,265.85,3470631.0,Healthcare,Drug Manufacturers - General,89.0,80.0,91.0,65.0,5.195,4.6743,7843533.0,6653850.0,276.47,173.33,,654154924032,NO,264.86,258.96,234.26,261.96,244.88,16274,1.87,5963070.0,NO,NO,2023-08-21,151319500.0,-1.88
463,FIVE,245.41,246.84,739278.0,Consumer Cyclical,Specialty Retail,89.0,90.0,79.0,67.0,9.0886,8.2443,1245341.0,1127220.0,263.88,137.77,,13570032640,NO,242.0,213.7,206.43,222.6,218.63,3549,0.0,1122642.0,NO,NO,2020-01-13,16786700.0,-7.0
497,VDE,182.34,180.17,469127.0,ETF,ETF,88.0,85.0,85.0,76.0,3.0629,2.6411,598774.0,434620.0,182.74,119.84,,0,NO,173.82,164.84,153.8,168.0,163.67,5515,1.37,592625.0,NO,NO,2016-02-16,5786700.0,-0.22
498,VRTX,547.84,544.52,385041.0,Healthcare,Biotechnology,88.0,91.0,93.0,75.0,13.34,12.3593,1503647.0,1037710.0,555.69,374.17,,138929537024,NO,525.83,502.53,463.83,509.86,471.03,8839,0.55,732552.0,NO,NO,2013-09-20,42258300.0,-1.41
506,TRV,364.11,365.93,663082.0,Financial Services,Insurance - Property & Casualty,88.0,20.0,94.0,81.0,6.4811,6.2204,1947652.0,1592060.0,398.7,252.26,,75944247296,NO,371.25,358.88,310.75,366.33,323.34,12802,0.0,1541642.0,NO,NO,2009-06-05,27820200.0,-8.68
513,IYE,68.35,67.59,697066.0,ETF,ETF,88.0,85.0,85.0,77.0,1.1371,0.9757,1027900.0,503140.0,68.53,45.12,,0,NO,65.33,62.01,57.72,63.18,61.36,6590,1.39,785055.0,NO,NO,2021-03-23,42603500.0,-0.26
514,SJM,131.02,131.16,1117126.0,Consumer Defensive,Packaged Foods,88.0,87.0,95.0,78.0,3.6386,3.2229,1539577.0,1523270.0,135.89,88.25,,13994372096,NO,122.84,117.95,106.41,120.66,109.44,8011,0.0,1719969.0,NO,NO,2008-11-06,20807000.0,-3.58
517,REGN,822.78,799.08,417920.0,Healthcare,Biotechnology,88.0,84.0,96.0,51.0,19.185,17.955,870555.0,682390.0,847.0,541.0,,84707254272,NO,806.17,721.0,729.46,746.75,722.66,8918,1.22,673082.0,NO,NO,2003-03-31,28330500.0,-2.86
519,NEM,123.13,126.06,5516842.0,Basic Materials,Gold,88.0,96.0,86.0,17.0,4.9686,3.4521,8290458.0,9173570.0,135.29,73.44,,129793818624,NO,120.24,104.7,107.73,108.62,110.38,11709,0.0,7971163.0,NO,NO,2023-11-07,98183700.0,-8.99
522,XLE,64.65,63.96,25824553.0,ETF,ETF,88.0,89.0,84.0,77.0,1.0986,0.9764,30089187.0,25708540.0,64.95,42.35,,0,NO,61.83,58.57,54.54,59.56,57.92,6965,0.0,33074746.0,YES,NO,2020-11-09,198713400.0,-0.46
524,TSM,414.64,415.32,5949452.0,Technology,Semiconductors,88.0,73.0,14.0,80.0,10.3154,8.5246,13247066.0,9536880.0,479.0,225.63,,2150052790272,NO,419.48,421.42,370.77,417.12,395.62,7268,0.0,7908623.0,NO,NO,2025-01-27,68667500.0,-13.44
529,KGS,59.87,58.77,976289.0,Energy,Oil & Gas Equipment & Services,88.0,59.0,12.0,52.0,2.7924,2.6774,1801385.0,1719270.0,77.68,32.55,,6050570752,NO,60.74,64.17,55.41,62.52,62.81,796,0.0,1553528.0,NO,NO,2025-08-05,10519400.0,-22.93
530,TPC,86.55,88.52,199426.0,Industrials,Engineering & Construction,87.0,73.0,88.0,82.0,3.5886,3.2636,712722.0,451910.0,102.3,56.62,,4553802752,NO,92.04,85.29,77.99,86.75,81.11,13445,0.0,373785.0,NO,NO,2026-07-23,8217300.0,-15.4
538,NTRS,182.48,185.56,498064.0,Financial Services,Asset Management,87.0,47.0,79.0,88.0,3.6582,3.5361,1069187.0,937810.0,195.78,121.12,,33385746432,NO,186.74,182.96,157.31,183.72,164.94,11709,0.0,884485.0,NO,NO,1998-01-29,16895600.0,-6.79
539,RSPT,63.59,64.99,440389.0,ETF,ETF,87.0,79.0,20.0,91.0,1.2106,0.905,739606.0,430300.0,67.49,40.76,,0,NO,64.55,62.62,53.16,62.77,56.49,4983,0.0,513950.0,NO,NO,2023-05-09,18775000.0,-5.78
541,DBC,31.94,31.3,2172618.0,ETF,ETF,87.0,85.0,75.0,86.0,0.4068,0.3061,956890.0,798240.0,31.96,21.97,,0,NO,30.22,28.99,27.06,29.56,28.79,5174,0.86,2540100.0,NO,NO,2018-01-31,35764200.0,-0.06
546,AAPU,42.81,40.77,2156917.0,ETF,ETF,87.0,87.0,76.0,92.0,1.5981,1.5863,1867241.0,1360760.0,48.89,25.89,,0,NO,39.33,40.28,35.09,41.15,35.79,1019,0.0,2368280.0,NO,NO,2025-08-08,17954100.0,-12.44
549,JBHT,256.54,265.47,382119.0,Industrials,Integrated Freight & Logistics,87.0,10.0,13.0,69.0,8.9071,8.7493,962628.0,689700.0,299.76,130.12,,24092469248,NO,270.17,276.83,235.39,276.08,253.94,10776,0.0,661183.0,NO,NO,2002-07-15,28216800.0,-14.42
550,VAL,88.46,86.37,664665.0,Energy,Oil & Gas Drilling,87.0,88.0,16.0,17.0,2.9736,2.7332,977879.0,819620.0,114.12,46.7,,6142291456,NO,84.58,79.82,79.16,81.38,89.42,1339,1.48,1060279.0,NO,NO,2026-02-09,15805400.0,-22.49
555,COPX,89.89,92.86,2943567.0,ETF,ETF,87.0,90.0,38.0,18.0,2.7564,2.1271,3148673.0,3252330.0,99.99,48.94,,0,NO,89.65,82.07,80.15,83.71,82.82,4117,0.0,5045878.0,NO,NO,2026-01-29,18336200.0,-10.1
561,MDB,434.87,453.37,1743398.0,Technology,Software - Infrastructure,87.0,96.0,77.0,91.0,22.3802,19.8916,1525603.0,1284320.0,473.1,215.68,2026-09-01,34946064384,NO,422.92,366.67,341.62,380.97,325.06,2227,0.0,3217623.0,NO,NO,2025-08-27,20747000.0,-8.08
563,ALL,257.62,257.8,575964.0,Financial Services,Insurance - Property & Casualty,87.0,21.0,93.0,85.0,5.2879,4.7957,1744620.0,1528410.0,277.22,188.08,,65142530048,NO,260.96,254.24,220.75,257.36,228.3,8368,0.0,1016218.0,NO,NO,1993-06-03,56603000.0,-7.07
565,TNA,66.14,68.61,3349876.0,ETF,ETF,87.0,22.0,29.0,86.0,2.2178,1.672,4962626.0,3208810.0,77.24,37.03,,0,NO,73.27,71.93,58.38,71.39,62.19,4471,0.0,3793781.0,NO,NO,2011-10-04,222000000.0,-14.37
571,KSPI,104.21,105.14,456552.0,Technology,Software - Infrastructure,87.0,92.0,88.0,91.0,3.2325,3.1675,479223.0,659170.0,109.94,68.59,,19803691008,NO,99.92,92.65,82.37,94.56,84.79,656,0.0,554768.0,NO,NO,2024-09-19,5114700.0,-5.21
576,XOM,164.3,160.95,6679060.0,Energy,Oil & Gas Integrated,87.0,80.0,82.0,58.0,3.355,2.7454,15588784.0,14792960.0,176.41,108.35,,675772170240,NO,159.97,151.16,143.9,153.5,151.88,16274,1.65,10831917.0,YES,NO,2010-06-25,118023500.0,-6.86
579,AIA,138.77,138.65,80011.0,ETF,ETF,86.0,74.0,15.0,83.0,2.4379,1.6393,462877.0,519680.0,150.83,84.0,,0,NO,137.47,136.39,119.41,135.87,127.56,4723,0.0,84533.0,NO,NO,2021-03-08,4956000.0,-8.0
581,DGX,236.54,240.3,458994.0,Healthcare,Diagnostics & Research,86.0,59.0,92.0,74.0,5.0196,4.7589,940512.0,921580.0,247.19,171.18,,26112681984,NO,239.17,224.34,200.02,229.27,208.31,7472,0.0,810314.0,NO,NO,2002-12-11,31680200.0,-4.31
587,STLD,234.75,232.62,318216.0,Basic Materials,Steel,86.0,9.0,10.0,80.0,9.6664,9.045,1252109.0,1467830.0,288.74,126.88,,33646270464,NO,247.61,242.3,208.57,239.95,223.44,7488,0.0,664206.0,NO,NO,2022-12-21,38999600.0,-18.7
593,SAIC,126.93,128.22,400959.0,Technology,Information Technology Services,86.0,85.0,82.0,92.0,4.4829,4.4636,524777.0,589710.0,142.66,81.08,,5318067200,NO,126.05,118.38,103.21,121.22,105.76,3259,0.0,608147.0,NO,NO,2020-06-26,7374300.0,-11.03
613,RY,202.75,204.15,706063.0,Financial Services,Banks - Diversified,86.0,19.0,78.0,84.0,3.6814,3.665,1563120.0,1540520.0,218.57,143.13,,280674729984,NO,209.31,209.02,180.85,209.08,188.44,7769,0.0,976470.0,NO,NO,2015-01-22,9830200.0,-7.24
617,DASH,226.06,231.74,2258972.0,Consumer Cyclical,Internet Retail,86.0,91.0,95.0,89.0,7.4459,7.3752,4488655.0,4343150.0,285.5,143.3,,98020663296,NO,219.54,199.67,188.05,205.14,178.68,1437,0.0,3508902.0,NO,NO,2025-03-21,73637400.0,-20.82
619,MOH,203.37,198.77,420857.0,Healthcare,Healthcare Plans,86.0,74.0,83.0,91.0,7.0121,6.7829,1092652.0,626390.0,244.89,121.06,,10615913472,NO,199.93,210.9,176.12,209.27,181.6,5828,0.37,618440.0,NO,NO,2026-03-20,14407900.0,-16.95
621,CVX,210.47,206.14,6142910.0,Energy,Oil & Gas Integrated,86.0,88.0,85.0,70.0,3.8371,3.3843,8417857.0,7830720.0,214.71,146.49,,412338814976,NO,199.77,188.91,180.3,192.93,189.89,16275,1.39,8540067.0,NO,NO,2022-03-08,57231000.0,-1.97
627,APH,162.7,158.55,5395282.0,Technology,Electronic Components,85.0,60.0,84.0,84.0,5.5081,4.7631,7471553.0,5676840.0,178.52,105.45,,200507883520,NO,163.82,161.13,145.21,160.61,147.73,8763,0.35,7650337.0,NO,NO,1997-01-23,220096000.0,-8.86
630,CPAY,405.68,404.3,319482.0,Technology,Software - Infrastructure,85.0,80.0,83.0,85.0,9.1486,8.725,597712.0,405740.0,425.95,252.84,,26639413248,NO,406.92,378.35,334.26,386.07,346.47,3950,0.0,470214.0,NO,NO,2018-06-19,19807400.0,-4.76
644,RBRK,88.81,93.04,2125563.0,Technology,Software - Infrastructure,85.0,94.0,77.0,95.0,6.6969,6.3012,3707680.0,4294020.0,107.91,42.25,,18275518464,NO,96.28,85.49,68.61,86.64,67.97,590,0.0,3197569.0,NO,NO,2025-09-10,18684000.0,-17.7
659,NDSN,311.96,321.72,201097.0,Industrials,Specialty Industrial Machinery,85.0,80.0,84.0,61.0,8.1836,7.72,399331.0,532700.0,339.12,220.06,,17376253952,NO,317.47,303.06,277.43,305.58,289.69,11708,0.0,384567.0,NO,NO,2022-02-14,12875500.0,-8.01
669,CRM,258.68,257.54,11755020.0,Technology,Software - Application,85.0,97.0,94.0,90.0,11.325,9.3279,15210373.0,20005330.0,269.11,146.32,,212819574784,NO,210.51,185.17,200.45,196.01,186.13,5584,0.0,14725639.0,YES,NO,2008-09-12,87332400.0,-3.88
676,EPOL,43.72,44.1,475235.0,ETF,ETF,84.0,67.0,81.0,81.0,0.5806,0.312,441603.0,439680.0,45.06,30.84,,0,NO,44.19,41.82,38.28,42.43,39.56,4091,0.0,513482.0,NO,NO,2025-08-21,2401800.0,-2.97
678,ADM,84.36,81.29,2641640.0,Consumer Defensive,Farm Products,84.0,82.0,61.0,85.0,2.5564,2.5157,3664331.0,3640300.0,88.46,55.58,,40660520960,NO,80.08,80.33,71.61,80.93,75.89,11709,1.98,3954240.0,NO,NO,2007-02-16,52414800.0,-4.63
679,ROST,228.98,228.54,904126.0,Consumer Cyclical,Apparel Retail,84.0,6.0,61.0,76.0,6.9687,6.358,2862052.0,3507290.0,257.0,143.39,,73452453888,NO,242.0,234.27,211.23,235.85,224.96,10344,0.0,2099220.0,NO,NO,1986-11-28,132160000.0,-10.9
700,BMO,167.79,170.31,497688.0,Financial Services,Banks - Diversified,84.0,10.0,66.0,80.0,3.5321,3.3829,801069.0,1061980.0,187.22,119.51,,116967219200,NO,178.0,177.76,151.04,177.45,159.76,8013,0.0,704271.0,NO,NO,2010-12-17,10489300.0,-10.38
701,SVXY,62.08,63.02,1059917.0,ETF,ETF,84.0,83.0,87.0,84.0,0.695,0.6007,1459514.0,1225950.0,63.12,43.29,,0,NO,60.78,58.59,53.42,59.41,53.71,3748,0.0,1237570.0,NO,NO,2020-03-20,43683400.0,-1.65
708,MSM,117.44,118.88,363527.0,Industrials,Industrial Distribution,84.0,13.0,72.0,87.0,2.9657,2.7464,734277.0,518170.0,130.46,78.8,,0,NO,121.52,121.95,101.21,122.59,108.13,7726,0.0,559237.0,NO,NO,1995-12-15,7272800.0,-9.98
711,RS,390.32,384.05,237027.0,Basic Materials,Steel,84.0,15.0,59.0,84.0,12.4975,11.8839,363096.0,403180.0,433.02,260.31,,19927615488,NO,407.44,397.58,344.22,398.12,362.98,8042,0.0,341153.0,NO,NO,2007-04-19,5155700.0,-9.86
716,IXN,139.33,141.13,176301.0,ETF,ETF,84.0,78.0,16.0,89.0,2.5727,1.7549,424844.0,616460.0,149.83,93.27,,0,NO,140.38,138.18,119.59,138.11,125.94,6230,0.0,258930.0,NO,NO,2018-07-10,19988400.0,-7.01
719,GRMN,276.06,284.11,504871.0,Technology,Scientific & Technical Instruments,84.0,9.0,88.0,62.0,6.9075,6.6668,919057.0,970400.0,314.28,186.67,,53239885824,NO,299.2,269.16,236.68,275.05,251.74,6468,0.0,782007.0,NO,NO,2006-08-02,31320800.0,-12.16
721,SPXL,280.43,287.33,1719904.0,ETF,ETF,84.0,78.0,31.0,89.0,5.8779,4.5882,1838506.0,1408420.0,303.18,168.04,,0,NO,291.17,276.82,241.13,279.82,249.64,4481,0.0,1956677.0,NO,NO,2009-03-11,447939600.0,-7.5
722,TKR,118.94,120.45,758226.0,Industrials,Tools & Accessories,83.0,3.0,16.0,63.0,3.5543,3.1979,968825.0,832800.0,146.37,70.57,,8242166272,NO,127.31,134.61,110.28,132.57,120.08,13495,0.0,1149148.0,NO,NO,2012-08-01,14754136.0,-18.74
727,GL,171.96,172.67,165816.0,Financial Services,Insurance - Life,83.0,11.0,86.0,82.0,3.529,3.2804,631995.0,502670.0,191.55,127.85,,13214647296,NO,177.69,178.56,153.15,178.41,160.26,11571,0.0,276610.0,NO,NO,2024-04-11,36577500.0,-10.23
729,CROX,115.57,120.38,675691.0,Consumer Cyclical,Footwear & Accessories,83.0,5.0,22.0,90.0,3.9275,3.5554,1074223.0,936850.0,141.28,73.21,,5537895936,NO,128.67,129.0,102.44,128.53,110.41,5172,0.0,1105028.0,NO,NO,2007-11-01,60485700.0,-18.2
731,ABBV,259.47,256.42,2103189.0,Healthcare,Drug Manufacturers - General,83.0,74.0,92.0,70.0,5.5211,5.0846,6521473.0,4409330.0,267.47,190.75,,458169319424,NO,254.84,252.66,227.83,255.25,230.19,3436,0.0,3814980.0,NO,NO,2014-10-15,122740200.0,-2.99
736,ALSN,122.84,125.71,330793.0,Consumer Cyclical,Auto Parts,83.0,83.0,82.0,24.0,3.8264,3.6971,1064587.0,842860.0,137.62,76.01,,10145125376,NO,125.34,120.22,113.85,121.09,120.17,3636,0.0,617644.0,NO,NO,2012-03-15,13911300.0,-10.74
741,EMXC,98.06,98.24,1554586.0,ETF,ETF,83.0,81.0,17.0,77.0,1.6821,1.0682,2604279.0,1735450.0,107.12,62.71,,0,NO,96.58,96.19,86.38,95.8,91.67,2287,0.0,1773356.0,NO,NO,2025-05-20,58238900.0,-8.46
746,MS,211.16,213.32,1902052.0,Financial Services,Capital Markets,83.0,47.0,46.0,88.0,4.5921,4.2564,5490509.0,3984240.0,232.25,145.66,,331640766464,NO,215.25,216.24,189.91,215.04,195.49,8438,0.0,3404992.0,NO,NO,2008-09-17,329786100.0,-9.08
750,RHP,122.38,126.76,494131.0,Real Estate,REIT - Hotel & Motel,83.0,8.0,77.0,87.0,3.057,2.947,724723.0,573960.0,137.46,83.82,,8442296832,NO,126.33,127.89,107.27,127.45,113.09,8774,0.0,822692.0,NO,NO,2009-09-24,11874000.0,-10.97
753,ETHB,31.15,31.96,267780.0,ETF,ETF,83.0,96.0,91.0,,1.0571,0.7636,437890.0,601040.0,32.64,19.65,,0,NO,27.34,24.75,,25.99,,119,0.0,361484.0,NO,NO,2026-03-13,2861800.0,-4.56
755,JPM,354.13,356.02,3259395.0,Financial Services,Banks - Diversified,83.0,54.0,90.0,83.0,5.2314,5.0893,8381169.0,5870930.0,366.5,279.1,,941635862528,NO,358.15,347.77,317.34,349.81,319.42,11709,0.0,5041484.0,NO,NO,2012-05-11,217294200.0,-3.38
758,GPC,135.21,135.67,435813.0,Consumer Cyclical,Auto Parts,83.0,85.0,96.0,77.0,2.8664,2.62,1670079.0,1172920.0,151.57,90.78,,18640019456,NO,134.62,126.99,119.64,130.78,115.81,11709,0.0,921993.0,NO,NO,2024-10-22,6715600.0,-10.79
759,NVT,146.91,150.75,1358679.0,Industrials,Electrical Equipment & Parts,83.0,14.0,7.0,86.0,7.4684,6.3934,2266009.0,3071420.0,184.64,87.16,,23768838144,NO,160.65,159.04,134.54,156.43,146.19,2100,0.0,2263286.0,NO,NO,2018-05-01,40727700.0,-20.43
761,EOG,148.1,144.96,2230081.0,Energy,Oil & Gas E&P,83.0,40.0,80.0,79.0,3.1668,2.8161,3335839.0,2668120.0,153.67,101.59,,78884945920,NO,144.54,140.58,127.96,142.31,136.85,9294,1.83,3776909.0,NO,NO,2000-11-01,85014000.0,-3.62
766,P,94.2,92.95,1709079.0,Technology,Computer Hardware,83.0,94.0,83.0,93.0,6.5244,6.0661,3116476.0,3754540.0,119.1,56.78,,31309221888,NO,103.1,85.96,75.16,88.29,76.22,2741,0.0,2600141.0,NO,NO,2024-01-04,51113300.0,-20.91
770,TMV,42.95,42.36,932187.0,ETF,ETF,83.0,40.0,84.0,88.0,1.1286,0.7121,767325.0,1265730.0,44.43,31.82,,0,NO,42.28,40.55,37.79,41.31,38.64,4371,0.0,1019524.0,NO,NO,2024-01-16,13853500.0,-3.33
792,RGLD,255.75,261.47,466777.0,Basic Materials,Gold,82.0,96.0,89.0,7.0,8.1639,6.5368,742830.0,727330.0,306.25,168.88,,21673807872,NO,241.75,216.03,235.11,223.21,237.47,11399,0.0,677846.0,NO,NO,2012-06-04,9316900.0,-16.49
801,EWS,33.76,34.17,464292.0,ETF,ETF,82.0,76.0,86.0,83.0,0.2996,0.1654,995931.0,645990.0,34.27,26.7,,0,NO,33.56,32.07,29.34,32.56,30.0,7663,0.0,759130.0,NO,NO,2008-03-28,12505100.0,-1.49
802,XLK,183.59,186.5,5825427.0,ETF,ETF,82.0,77.0,15.0,90.0,3.4729,2.5086,10199869.0,6241720.0,198.73,126.68,,0,NO,185.88,182.64,159.52,182.67,166.7,6964,0.0,7555296.0,NO,NO,2018-10-11,136539000.0,-7.62
805,AAPL,325.41,316.85,38252310.0,Technology,Consumer Electronics,82.0,85.0,65.0,86.0,6.6609,6.5438,54818401.0,39861400.0,344.57,225.95,,4748581273600,NO,311.32,312.94,283.07,317.31,289.82,11522,0.04,52432411.0,YES,NO,2000-09-29,7421640800.0,-5.56
817,GEV,897.63,898.53,1890097.0,Industrials,Specialty Industrial Machinery,82.0,6.0,17.0,43.0,43.5447,35.9251,2740050.0,2099360.0,1195.94,530.16,,239152906240,NO,987.45,1027.16,878.98,1013.03,972.18,609,0.0,2322398.0,NO,NO,2024-04-02,18246100.0,-24.94
820,TMO,601.6,617.1,902558.0,Healthcare,Diagnostics & Research,81.0,77.0,92.0,82.0,16.6321,15.3536,2051438.0,1755290.0,647.0,435.27,,222421483520,NO,604.61,560.1,535.33,576.83,514.54,11709,0.0,1370009.0,NO,NO,2009-04-23,32610100.0,-7.02
830,TQQQ,69.03,71.92,51754339.0,ETF,ETF,81.0,72.0,4.0,93.0,2.5528,2.0768,65554836.0,48507050.0,88.09,37.32,,0,NO,72.67,71.7,61.21,71.0,64.39,4164,0.0,56708312.0,YES,NO,2011-10-17,1094342400.0,-21.64
831,DLTR,130.9,126.59,1090453.0,Consumer Defensive,Discount Stores,81.0,74.0,90.0,67.0,4.8539,4.5961,2899263.0,2872750.0,142.4,84.71,,24592705536,NO,130.28,126.15,116.59,127.3,115.41,7924,0.65,2114735.0,NO,NO,2000-12-19,96293700.0,-8.08
839,RING,83.61,86.52,582988.0,ETF,ETF,81.0,96.0,82.0,7.0,3.4821,2.4043,757506.0,825990.0,100.41,54.0,,0,NO,81.86,71.54,77.12,74.27,77.74,3665,0.0,770101.0,NO,NO,2016-12-14,5547100.0,-16.73
840,VGT,118.87,120.49,2352334.0,ETF,ETF,81.0,78.0,19.0,89.0,2.0321,1.4814,4605760.0,3957470.0,126.0,83.09,,0,NO,119.98,117.05,103.22,117.55,107.42,5682,0.0,2665953.0,NO,NO,2018-03-06,52516000.0,-5.66
843,SIL,94.64,97.95,1192165.0,ETF,ETF,81.0,96.0,64.0,6.0,3.955,2.9914,1312330.0,1590890.0,119.24,57.92,,0,NO,92.75,82.71,89.0,85.25,90.22,4117,0.0,1401071.0,NO,NO,2026-01-30,15286500.0,-20.63
850,IYW,247.88,251.28,266524.0,ETF,ETF,81.0,75.0,20.0,89.0,3.8621,2.7957,621507.0,533470.0,261.01,172.54,,0,NO,250.71,246.03,216.87,246.55,225.13,6609,0.0,422948.0,NO,NO,2015-02-02,52116000.0,-5.03
871,PLTR,181.46,186.38,18787083.0,Technology,Software - Infrastructure,80.0,97.0,90.0,85.0,6.7966,6.5831,41348085.0,31160520.0,207.52,106.37,,436087095296,NO,174.92,146.11,151.33,152.66,143.75,1487,0.0,24387438.0,YES,NO,2024-09-20,450290500.0,-12.56
886,GILD,149.28,146.34,2562565.0,Healthcare,Drug Manufacturers - General,80.0,91.0,87.0,37.0,3.6886,3.3532,7451076.0,5667720.0,157.29,108.46,,185100517376,NO,141.03,134.63,133.86,137.14,136.72,8713,1.13,4833660.0,NO,NO,1999-11-02,455376000.0,-5.09
890,ADP,284.04,286.16,730707.0,Technology,Software - Application,80.0,81.0,91.0,90.0,5.8029,5.2957,2535001.0,2100990.0,302.68,188.16,,112818642944,NO,276.15,256.83,236.46,264.93,230.46,11709,0.0,1710902.0,NO,NO,2003-03-13,31330885.0,-6.16
892,IWD,255.76,256.91,810306.0,ETF,ETF,80.0,61.0,78.0,77.0,1.5971,1.3879,2148392.0,1714640.0,260.19,199.13,,0,NO,257.44,251.08,228.74,252.87,236.13,6604,0.0,932474.0,NO,NO,2008-12-22,13494400.0,-1.7
897,EUFN,41.87,42.27,1475213.0,ETF,ETF,80.0,50.0,81.0,78.0,0.3811,0.3482,1333187.0,1330570.0,42.79,32.71,,0,NO,42.28,40.89,37.79,41.35,38.41,4169,0.0,1510902.0,NO,NO,2021-03-08,22888800.0,-2.15
899,VONV,112.15,112.69,573322.0,ETF,ETF,80.0,61.0,77.0,76.0,0.7061,0.6089,849563.0,649500.0,114.08,87.38,,0,NO,112.9,110.11,100.38,110.89,103.6,4009,0.0,630007.0,NO,NO,2026-02-23,15453800.0,-1.69
903,RTX,204.49,207.73,1812835.0,Industrials,Aerospace & Defense,80.0,12.0,89.0,24.0,4.4743,4.345,4966774.0,4456960.0,226.88,150.61,,275697401856,NO,217.34,206.16,192.53,208.98,196.14,16211,0.0,3001458.0,NO,NO,2001-09-17,63223768.0,-9.87
904,MIRM,98.56,98.05,249083.0,Healthcare,Biotechnology,80.0,8.0,60.0,65.0,3.3307,3.1614,786360.0,481800.0,130.0,63.23,,6018237440,NO,99.3,110.11,95.49,108.12,101.47,1790,0.0,398379.0,NO,NO,2019-12-16,8442800.0,-24.18
906,XLV,171.38,170.54,6236215.0,ETF,ETF,80.0,83.0,89.0,64.0,2.6047,2.1325,10024165.0,8022570.0,176.6,133.73,,0,NO,170.14,164.6,155.07,166.13,155.46,6965,0.0,7813853.0,NO,NO,2015-09-28,66470200.0,-2.96
912,FNV,256.68,263.15,711034.0,Basic Materials,Gold,80.0,94.0,84.0,13.0,8.5607,6.8286,871516.0,856470.0,285.67,181.5,,49503121408,NO,247.21,224.78,231.36,231.68,236.85,4711,0.0,901813.0,NO,NO,2013-09-20,9018600.0,-10.15
